title,vote_average,genre_Action,genre_Adventure,genre_Animation,genre_Comedy,genre_Crime,genre_Documentary,genre_Drama,genre_Family,genre_Fantasy,genre_Foreign,genre_History,genre_Horror,genre_Music,genre_Mystery,genre_Romance,genre_Science Fiction,genre_TV Movie,genre_Thriller,genre_War,genre_Western
Avatar,7.2,1,0,0,0,0,0,0,0,0,0,0,0,0,0,0,0,0,0,0,0
PiratesoftheCaribbeanAtWorldsEnd,6.9,0,1,0,0,0,0,0,0,0,0,0,0,0,0,0,0,0,0,0,0
Spectre,6.3,1,0,0,0,0,0,0,0,0,0,0,0,0,0,0,0,0,0,0,0
TheDarkKnightRises,7.6,1,0,0,0,0,0,0,0,0,0,0,0,0,0,0,0,0,0,0,0
JohnCarter,6.1,1,0,0,0,0,0,0,0,0,0,0,0,0,0,0,0,0,0,0,0
SpiderMan3,5.9,0,0,0,0,0,0,0,0,1,0,0,0,0,0,0,0,0,0,0,0
Tangled,7.4,0,0,1,0,0,0,0,0,0,0,0,0,0,0,0,0,0,0,0,0
AvengersAgeofUltron,7.3,1,0,0,0,0,0,0,0,0,0,0,0,0,0,0,0,0,0,0,0
HarryPotterandtheHalfBloodPrince,7.4,0,1,0,0,0,0,0,0,0,0,0,0,0,0,0,0,0,0,0,0
BatmanvSupermanDawnofJustice,5.7,1,0,0,0,0,0,0,0,0,0,0,0,0,0,0,0,0,0,0,0
SupermanReturns,5.4,0,1,0,0,0,0,0,0,0,0,0,0,0,0,0,0,0,0,0,0
QuantumofSolace,6.1,0,1,0,0,0,0,0,0,0,0,0,0,0,0,0,0,0,0,0,0
PiratesoftheCaribbeanDeadMansChest,7.0,0,1,0,0,0,0,0,0,0,0,0,0,0,0,0,0,0,0,0,0
TheLoneRanger,5.9,1,0,0,0,0,0,0,0,0,0,0,0,0,0,0,0,0,0,0,0
ManofSteel,6.5,1,0,0,0,0,0,0,0,0,0,0,0,0,0,0,0,0,0,0,0
TheChroniclesofNarniaPrinceCaspian,6.3,0,1,0,0,0,0,0,0,0,0,0,0,0,0,0,0,0,0,0,0
TheAvengers,7.4,0,0,0,0,0,0,0,0,0,0,0,0,0,0,0,1,0,0,0,0
PiratesoftheCaribbeanOnStrangerTides,6.4,0,1,0,0,0,0,0,0,0,0,0,0,0,0,0,0,0,0,0,0
MeninBlack3,6.2,1,0,0,0,0,0,0,0,0,0,0,0,0,0,0,0,0,0,0,0
TheHobbitTheBattleoftheFiveArmies,7.1,1,0,0,0,0,0,0,0,0,0,0,0,0,0,0,0,0,0,0,0
TheAmazingSpiderMan,6.5,1,0,0,0,0,0,0,0,0,0,0,0,0,0,0,0,0,0,0,0
RobinHood,6.2,1,0,0,0,0,0,0,0,0,0,0,0,0,0,0,0,0,0,0,0
TheHobbitTheDesolationofSmaug,7.6,0,1,0,0,0,0,0,0,0,0,0,0,0,0,0,0,0,0,0,0
TheGoldenCompass,5.8,0,1,0,0,0,0,0,0,0,0,0,0,0,0,0,0,0,0,0,0
KingKong,6.6,0,1,0,0,0,0,0,0,0,0,0,0,0,0,0,0,0,0,0,0
Titanic,7.5,0,0,0,0,0,0,1,0,0,0,0,0,0,0,0,0,0,0,0,0
CaptainAmericaCivilWar,7.1,0,1,0,0,0,0,0,0,0,0,0,0,0,0,0,0,0,0,0,0
Battleship,5.5,0,0,0,0,0,0,0,0,0,0,0,0,0,0,0,0,0,1,0,0
JurassicWorld,6.5,1,0,0,0,0,0,0,0,0,0,0,0,0,0,0,0,0,0,0,0
Skyfall,6.9,1,0,0,0,0,0,0,0,0,0,0,0,0,0,0,0,0,0,0,0
SpiderMan2,6.7,1,0,0,0,0,0,0,0,0,0,0,0,0,0,0,0,0,0,0,0
IronMan3,6.8,1,0,0,0,0,0,0,0,0,0,0,0,0,0,0,0,0,0,0,0
AliceinWonderland,6.4,0,0,0,0,0,0,0,1,0,0,0,0,0,0,0,0,0,0,0,0
XMenTheLastStand,6.3,0,1,0,0,0,0,0,0,0,0,0,0,0,0,0,0,0,0,0,0
MonstersUniversity,7.0,0,0,1,0,0,0,0,0,0,0,0,0,0,0,0,0,0,0,0,0
TransformersRevengeoftheFallen,6.0,0,0,0,0,0,0,0,0,0,0,0,0,0,0,0,1,0,0,0,0
TransformersAgeofExtinction,5.8,0,0,0,0,0,0,0,0,0,0,0,0,0,0,0,1,0,0,0,0
OzTheGreatandPowerful,5.7,0,0,0,0,0,0,0,0,1,0,0,0,0,0,0,0,0,0,0,0
TheAmazingSpiderMan2,6.5,1,0,0,0,0,0,0,0,0,0,0,0,0,0,0,0,0,0,0,0
TRONLegacy,6.3,0,1,0,0,0,0,0,0,0,0,0,0,0,0,0,0,0,0,0,0
Cars2,5.8,0,0,1,0,0,0,0,0,0,0,0,0,0,0,0,0,0,0,0,0
GreenLantern,5.1,0,1,0,0,0,0,0,0,0,0,0,0,0,0,0,0,0,0,0,0
ToyStory3,7.6,0,0,1,0,0,0,0,0,0,0,0,0,0,0,0,0,0,0,0,0
TerminatorSalvation,5.9,1,0,0,0,0,0,0,0,0,0,0,0,0,0,0,0,0,0,0,0
Furious7,7.3,1,0,0,0,0,0,0,0,0,0,0,0,0,0,0,0,0,0,0,0
WorldWarZ,6.7,1,0,0,0,0,0,0,0,0,0,0,0,0,0,0,0,0,0,0,0
XMenDaysofFuturePast,7.5,1,0,0,0,0,0,0,0,0,0,0,0,0,0,0,0,0,0,0,0
StarTrekIntoDarkness,7.4,1,0,0,0,0,0,0,0,0,0,0,0,0,0,0,0,0,0,0,0
JacktheGiantSlayer,5.5,1,0,0,0,0,0,0,0,0,0,0,0,0,0,0,0,0,0,0,0
TheGreatGatsby,7.3,0,0,0,0,0,0,1,0,0,0,0,0,0,0,0,0,0,0,0,0
PrinceofPersiaTheSandsofTime,6.2,0,1,0,0,0,0,0,0,0,0,0,0,0,0,0,0,0,0,0,0
PacificRim,6.7,1,0,0,0,0,0,0,0,0,0,0,0,0,0,0,0,0,0,0,0
TransformersDarkoftheMoon,6.1,1,0,0,0,0,0,0,0,0,0,0,0,0,0,0,0,0,0,0,0
IndianaJonesandtheKingdomoftheCrystalSkull,5.7,0,1,0,0,0,0,0,0,0,0,0,0,0,0,0,0,0,0,0,0
TheGoodDinosaur,6.6,0,1,0,0,0,0,0,0,0,0,0,0,0,0,0,0,0,0,0,0
Brave,6.7,0,0,1,0,0,0,0,0,0,0,0,0,0,0,0,0,0,0,0,0
StarTrekBeyond,6.6,1,0,0,0,0,0,0,0,0,0,0,0,0,0,0,0,0,0,0,0
WALLE,7.8,0,0,1,0,0,0,0,0,0,0,0,0,0,0,0,0,0,0,0,0
RushHour3,6.1,1,0,0,0,0,0,0,0,0,0,0,0,0,0,0,0,0,0,0,0
2012,5.6,1,0,0,0,0,0,0,0,0,0,0,0,0,0,0,0,0,0,0,0
AChristmasCarol,6.6,0,0,1,0,0,0,0,0,0,0,0,0,0,0,0,0,0,0,0,0
JupiterAscending,5.2,0,0,0,0,0,0,0,0,0,0,0,0,0,0,0,1,0,0,0,0
TheLegendofTarzan,5.5,1,0,0,0,0,0,0,0,0,0,0,0,0,0,0,0,0,0,0,0
TheChroniclesofNarniaTheLiontheWitchandtheWardrobe,6.7,0,1,0,0,0,0,0,0,0,0,0,0,0,0,0,0,0,0,0,0
XMenApocalypse,6.4,0,0,0,0,0,0,0,0,0,0,0,0,0,0,0,1,0,0,0,0
TheDarkKnight,8.2,0,0,0,0,0,0,1,0,0,0,0,0,0,0,0,0,0,0,0,0
Up,7.7,0,0,1,0,0,0,0,0,0,0,0,0,0,0,0,0,0,0,0,0
MonstersvsAliens,6.0,0,0,1,0,0,0,0,0,0,0,0,0,0,0,0,0,0,0,0,0
IronMan,7.4,1,0,0,0,0,0,0,0,0,0,0,0,0,0,0,0,0,0,0,0
Hugo,7.0,0,1,0,0,0,0,0,0,0,0,0,0,0,0,0,0,0,0,0,0
WildWildWest,5.1,1,0,0,0,0,0,0,0,0,0,0,0,0,0,0,0,0,0,0,0
TheMummyTomboftheDragonEmperor,5.2,0,1,0,0,0,0,0,0,0,0,0,0,0,0,0,0,0,0,0,0
SuicideSquad,5.9,1,0,0,0,0,0,0,0,0,0,0,0,0,0,0,0,0,0,0,0
EvanAlmighty,5.3,0,0,0,0,0,0,0,0,1,0,0,0,0,0,0,0,0,0,0,0
EdgeofTomorrow,7.6,1,0,0,0,0,0,0,0,0,0,0,0,0,0,0,0,0,0,0,0
Waterworld,5.9,0,1,0,0,0,0,0,0,0,0,0,0,0,0,0,0,0,0,0,0
GIJoeTheRiseofCobra,5.6,0,1,0,0,0,0,0,0,0,0,0,0,0,0,0,0,0,0,0,0
InsideOut,8.0,0,0,0,0,0,0,1,0,0,0,0,0,0,0,0,0,0,0,0,0
TheJungleBook,6.7,0,0,0,0,0,0,0,1,0,0,0,0,0,0,0,0,0,0,0,0
IronMan2,6.6,0,1,0,0,0,0,0,0,0,0,0,0,0,0,0,0,0,0,0,0
SnowWhiteandtheHuntsman,5.8,0,1,0,0,0,0,0,0,0,0,0,0,0,0,0,0,0,0,0,0
Maleficent,7.0,0,0,0,0,0,0,0,0,1,0,0,0,0,0,0,0,0,0,0,0
DawnofthePlanetoftheApes,7.3,0,0,0,0,0,0,0,0,0,0,0,0,0,0,0,1,0,0,0,0
TheLovers,4.8,1,0,0,0,0,0,0,0,0,0,0,0,0,0,0,0,0,0,0,0
47Ronin,5.9,0,0,0,0,0,0,1,0,0,0,0,0,0,0,0,0,0,0,0,0
CaptainAmericaTheWinterSoldier,7.6,1,0,0,0,0,0,0,0,0,0,0,0,0,0,0,0,0,0,0,0
ShrekForeverAfter,6.0,0,0,0,1,0,0,0,0,0,0,0,0,0,0,0,0,0,0,0,0
Tomorrowland,6.2,0,1,0,0,0,0,0,0,0,0,0,0,0,0,0,0,0,0,0,0
BigHero6,7.8,0,1,0,0,0,0,0,0,0,0,0,0,0,0,0,0,0,0,0,0
WreckItRalph,7.1,0,0,0,0,0,0,0,1,0,0,0,0,0,0,0,0,0,0,0,0
ThePolarExpress,6.4,0,1,0,0,0,0,0,0,0,0,0,0,0,0,0,0,0,0,0,0
IndependenceDayResurgence,4.9,1,0,0,0,0,0,0,0,0,0,0,0,0,0,0,0,0,0,0,0
HowtoTrainYourDragon,7.5,0,0,0,0,0,0,0,0,1,0,0,0,0,0,0,0,0,0,0,0
Terminator3RiseoftheMachines,5.9,1,0,0,0,0,0,0,0,0,0,0,0,0,0,0,0,0,0,0,0
GuardiansoftheGalaxy,7.9,1,0,0,0,0,0,0,0,0,0,0,0,0,0,0,0,0,0,0,0
Interstellar,8.1,0,1,0,0,0,0,0,0,0,0,0,0,0,0,0,0,0,0,0,0
Inception,8.1,1,0,0,0,0,0,0,0,0,0,0,0,0,0,0,0,0,0,0,0
ShinGodzilla,6.5,1,0,0,0,0,0,0,0,0,0,0,0,0,0,0,0,0,0,0,0
TheHobbitAnUnexpectedJourney,7.0,0,1,0,0,0,0,0,0,0,0,0,0,0,0,0,0,0,0,0,0
TheFastandtheFurious,6.6,1,0,0,0,0,0,0,0,0,0,0,0,0,0,0,0,0,0,0,0
TheCuriousCaseofBenjaminButton,7.3,0,0,0,0,0,0,0,0,1,0,0,0,0,0,0,0,0,0,0,0
XMenFirstClass,7.1,1,0,0,0,0,0,0,0,0,0,0,0,0,0,0,0,0,0,0,0
TheHungerGamesMockingjayPart2,6.6,1,0,0,0,0,0,0,0,0,0,0,0,0,0,0,0,0,0,0,0
TheSorcerersApprentice,5.8,0,0,0,0,0,0,0,0,1,0,0,0,0,0,0,0,0,0,0,0
Poseidon,5.5,0,1,0,0,0,0,0,0,0,0,0,0,0,0,0,0,0,0,0,0
AliceThroughtheLookingGlass,6.5,0,0,0,0,0,0,0,0,1,0,0,0,0,0,0,0,0,0,0,0
ShrektheThird,6.0,0,0,0,0,0,0,0,0,1,0,0,0,0,0,0,0,0,0,0,0
Warcraft,6.3,1,0,0,0,0,0,0,0,0,0,0,0,0,0,0,0,0,0,0,0
TerminatorGenisys,5.8,0,0,0,0,0,0,0,0,0,0,0,0,0,0,0,1,0,0,0,0
TheChroniclesofNarniaTheVoyageoftheDawnTreader,6.2,0,1,0,0,0,0,0,0,0,0,0,0,0,0,0,0,0,0,0,0
PearlHarbor,6.6,0,0,0,0,0,0,0,0,0,0,1,0,0,0,0,0,0,0,0,0
Transformers,6.6,0,1,0,0,0,0,0,0,0,0,0,0,0,0,0,0,0,0,0,0
Alexander,5.6,0,0,0,0,0,0,0,0,0,0,0,0,0,0,0,0,0,0,1,0
HarryPotterandtheOrderofthePhoenix,7.4,0,1,0,0,0,0,0,0,0,0,0,0,0,0,0,0,0,0,0,0
HarryPotterandtheGobletofFire,7.5,0,1,0,0,0,0,0,0,0,0,0,0,0,0,0,0,0,0,0,0
Hancock,6.2,0,0,0,0,0,0,0,0,1,0,0,0,0,0,0,0,0,0,0,0
IAmLegend,6.9,0,0,0,0,0,0,1,0,0,0,0,0,0,0,0,0,0,0,0,0
CharlieandtheChocolateFactory,6.7,0,1,0,0,0,0,0,0,0,0,0,0,0,0,0,0,0,0,0,0
Ratatouille,7.5,0,0,1,0,0,0,0,0,0,0,0,0,0,0,0,0,0,0,0,0
BatmanBegins,7.5,1,0,0,0,0,0,0,0,0,0,0,0,0,0,0,0,0,0,0,0
MadagascarEscape2Africa,6.2,0,0,0,0,0,0,0,1,0,0,0,0,0,0,0,0,0,0,0,0
NightattheMuseumBattleoftheSmithsonian,5.9,0,1,0,0,0,0,0,0,0,0,0,0,0,0,0,0,0,0,0,0
XMenOriginsWolverine,6.2,0,1,0,0,0,0,0,0,0,0,0,0,0,0,0,0,0,0,0,0
TheMatrixRevolutions,6.4,0,1,0,0,0,0,0,0,0,0,0,0,0,0,0,0,0,0,0,0
Frozen,7.3,0,0,1,0,0,0,0,0,0,0,0,0,0,0,0,0,0,0,0,0
TheMatrixReloaded,6.7,0,1,0,0,0,0,0,0,0,0,0,0,0,0,0,0,0,0,0,0
ThorTheDarkWorld,6.8,1,0,0,0,0,0,0,0,0,0,0,0,0,0,0,0,0,0,0,0
MadMaxFuryRoad,7.2,1,0,0,0,0,0,0,0,0,0,0,0,0,0,0,0,0,0,0,0
AngelsDemons,6.5,0,0,0,0,0,0,0,0,0,0,0,0,0,0,0,0,0,1,0,0
Thor,6.6,0,1,0,0,0,0,0,0,0,0,0,0,0,0,0,0,0,0,0,0
Bolt,6.3,0,0,1,0,0,0,0,0,0,0,0,0,0,0,0,0,0,0,0,0
GForce,5.1,0,0,0,0,0,0,0,0,1,0,0,0,0,0,0,0,0,0,0,0
WrathoftheTitans,5.5,0,1,0,0,0,0,0,0,0,0,0,0,0,0,0,0,0,0,0,0
DarkShadows,5.7,0,0,0,1,0,0,0,0,0,0,0,0,0,0,0,0,0,0,0,0
MissionImpossibleRogueNation,7.1,1,0,0,0,0,0,0,0,0,0,0,0,0,0,0,0,0,0,0,0
TheWolfman,5.5,0,0,0,0,0,0,1,0,0,0,0,0,0,0,0,0,0,0,0,0
BeeMovie,5.7,0,0,0,0,0,0,0,1,0,0,0,0,0,0,0,0,0,0,0,0
KungFuPanda2,6.7,0,0,1,0,0,0,0,0,0,0,0,0,0,0,0,0,0,0,0,0
TheLastAirbender,4.7,1,0,0,0,0,0,0,0,0,0,0,0,0,0,0,0,0,0,0,0
MissionImpossibleIII,6.5,0,1,0,0,0,0,0,0,0,0,0,0,0,0,0,0,0,0,0,0
WhiteHouseDown,6.4,1,0,0,0,0,0,0,0,0,0,0,0,0,0,0,0,0,0,0,0
MarsNeedsMoms,5.5,0,1,0,0,0,0,0,0,0,0,0,0,0,0,0,0,0,0,0,0
FlushedAway,6.0,0,1,0,0,0,0,0,0,0,0,0,0,0,0,0,0,0,0,0,0
Pan,5.9,0,1,0,0,0,0,0,0,0,0,0,0,0,0,0,0,0,0,0,0
MrPeabodySherman,6.7,0,0,1,0,0,0,0,0,0,0,0,0,0,0,0,0,0,0,0,0
Troy,6.9,0,1,0,0,0,0,0,0,0,0,0,0,0,0,0,0,0,0,0,0
Madagascar3EuropesMostWanted,6.4,0,0,1,0,0,0,0,0,0,0,0,0,0,0,0,0,0,0,0,0
DieAnotherDay,5.8,0,1,0,0,0,0,0,0,0,0,0,0,0,0,0,0,0,0,0,0
Ghostbusters,5.3,1,0,0,0,0,0,0,0,0,0,0,0,0,0,0,0,0,0,0,0
Armageddon,6.4,1,0,0,0,0,0,0,0,0,0,0,0,0,0,0,0,0,0,0,0
MeninBlackII,6.0,1,0,0,0,0,0,0,0,0,0,0,0,0,0,0,0,0,0,0,0
Beowulf,5.5,0,1,0,0,0,0,0,0,0,0,0,0,0,0,0,0,0,0,0,0
KungFuPanda3,6.7,1,0,0,0,0,0,0,0,0,0,0,0,0,0,0,0,0,0,0,0
MissionImpossibleGhostProtocol,6.8,1,0,0,0,0,0,0,0,0,0,0,0,0,0,0,0,0,0,0,0
RiseoftheGuardians,7.1,0,0,0,0,0,0,0,0,1,0,0,0,0,0,0,0,0,0,0,0
FunwithDickandJane,5.9,0,0,0,1,0,0,0,0,0,0,0,0,0,0,0,0,0,0,0,0
TheLastSamurai,7.3,0,0,0,0,0,0,1,0,0,0,0,0,0,0,0,0,0,0,0,0
ExodusGodsandKings,5.6,0,1,0,0,0,0,0,0,0,0,0,0,0,0,0,0,0,0,0,0
StarTrek,7.4,0,0,0,0,0,0,0,0,0,0,0,0,0,0,0,1,0,0,0,0
SpiderMan,6.8,0,0,0,0,0,0,0,0,1,0,0,0,0,0,0,0,0,0,0,0
HowtoTrainYourDragon2,7.6,0,0,0,0,0,0,0,0,1,0,0,0,0,0,0,0,0,0,0,0
GodsofEgypt,5.3,0,0,0,0,0,0,0,0,1,0,0,0,0,0,0,0,0,0,0,0
Stealth,4.9,1,0,0,0,0,0,0,0,0,0,0,0,0,0,0,0,0,0,0,0
Watchmen,7.0,1,0,0,0,0,0,0,0,0,0,0,0,0,0,0,0,0,0,0,0
LethalWeapon4,6.3,1,0,0,0,0,0,0,0,0,0,0,0,0,0,0,0,0,0,0,0
Hulk,5.3,0,0,0,0,0,0,1,0,0,0,0,0,0,0,0,0,0,0,0,0
GIJoeRetaliation,5.4,0,1,0,0,0,0,0,0,0,0,0,0,0,0,0,0,0,0,0,0
Sahara,5.7,1,0,0,0,0,0,0,0,0,0,0,0,0,0,0,0,0,0,0,0
FinalFantasyTheSpiritsWithin,5.9,0,1,0,0,0,0,0,0,0,0,0,0,0,0,0,0,0,0,0,0
CaptainAmericaTheFirstAvenger,6.6,1,0,0,0,0,0,0,0,0,0,0,0,0,0,0,0,0,0,0,0
TheWorldIsNotEnough,6.0,0,1,0,0,0,0,0,0,0,0,0,0,0,0,0,0,0,0,0,0
MasterandCommanderTheFarSideoftheWorld,6.9,0,1,0,0,0,0,0,0,0,0,0,0,0,0,0,0,0,0,0,0
TheTwilightSagaBreakingDawnPart2,6.1,0,1,0,0,0,0,0,0,0,0,0,0,0,0,0,0,0,0,0,0
HappyFeetTwo,5.8,0,0,1,0,0,0,0,0,0,0,0,0,0,0,0,0,0,0,0,0
TheIncredibleHulk,6.1,0,0,0,0,0,0,0,0,0,0,0,0,0,0,0,1,0,0,0,0
TheBFG,6.0,0,1,0,0,0,0,0,0,0,0,0,0,0,0,0,0,0,0,0,0
TheRevenant,7.3,0,0,0,0,0,0,0,0,0,0,0,0,0,0,0,0,0,0,0,1
Turbo,6.1,0,0,1,0,0,0,0,0,0,0,0,0,0,0,0,0,0,0,0,0
Rango,6.6,0,0,1,0,0,0,0,0,0,0,0,0,0,0,0,0,0,0,0,0
PenguinsofMadagascar,6.5,0,0,0,0,0,0,0,1,0,0,0,0,0,0,0,0,0,0,0,0
TheBourneUltimatum,7.3,1,0,0,0,0,0,0,0,0,0,0,0,0,0,0,0,0,0,0,0
KungFuPanda,6.9,0,1,0,0,0,0,0,0,0,0,0,0,0,0,0,0,0,0,0,0
AntMan,7.0,0,0,0,0,0,0,0,0,0,0,0,0,0,0,0,1,0,0,0,0
TheHungerGamesCatchingFire,7.4,0,1,0,0,0,0,0,0,0,0,0,0,0,0,0,0,0,0,0,0
Home,6.8,0,0,0,0,0,0,0,0,1,0,0,0,0,0,0,0,0,0,0,0
WaroftheWorlds,6.2,0,1,0,0,0,0,0,0,0,0,0,0,0,0,0,0,0,0,0,0
BadBoysII,6.3,0,1,0,0,0,0,0,0,0,0,0,0,0,0,0,0,0,0,0,0
PussinBoots,6.4,1,0,0,0,0,0,0,0,0,0,0,0,0,0,0,0,0,0,0,0
Salt,6.2,1,0,0,0,0,0,0,0,0,0,0,0,0,0,0,0,0,0,0,0
Noah,5.6,0,0,0,0,0,0,1,0,0,0,0,0,0,0,0,0,0,0,0,0
TheAdventuresofTintin,6.7,0,1,0,0,0,0,0,0,0,0,0,0,0,0,0,0,0,0,0,0
HarryPotterandthePrisonerofAzkaban,7.7,0,1,0,0,0,0,0,0,0,0,0,0,0,0,0,0,0,0,0,0
Australia,6.3,0,0,0,0,0,0,1,0,0,0,0,0,0,0,0,0,0,0,0,0
AfterEarth,5.0,0,0,0,0,0,0,0,0,0,0,0,0,0,0,0,1,0,0,0,0
Dinosaur,6.2,0,0,1,0,0,0,0,0,0,0,0,0,0,0,0,0,0,0,0,0
NightattheMuseumSecretoftheTomb,6.1,0,1,0,0,0,0,0,0,0,0,0,0,0,0,0,0,0,0,0,0
Megamind,6.7,0,0,1,0,0,0,0,0,0,0,0,0,0,0,0,0,0,0,0,0
HarryPotterandthePhilosophersStone,7.5,0,1,0,0,0,0,0,0,0,0,0,0,0,0,0,0,0,0,0,0
RIPD,5.4,0,0,0,0,0,0,0,0,1,0,0,0,0,0,0,0,0,0,0,0
PiratesoftheCaribbeanTheCurseoftheBlackPearl,7.5,0,1,0,0,0,0,0,0,0,0,0,0,0,0,0,0,0,0,0,0
TheHungerGamesMockingjayPart1,6.6,0,0,0,0,0,0,0,0,0,0,0,0,0,0,0,1,0,0,0,0
TheDaVinciCode,6.5,0,0,0,0,0,0,0,0,0,0,0,0,0,0,0,0,0,1,0,0
Rio2,6.3,0,0,1,0,0,0,0,0,0,0,0,0,0,0,0,0,0,0,0,0
X2,6.8,0,1,0,0,0,0,0,0,0,0,0,0,0,0,0,0,0,0,0,0
FastFive,7.1,1,0,0,0,0,0,0,0,0,0,0,0,0,0,0,0,0,0,0,0
SherlockHolmesAGameofShadows,7.0,0,1,0,0,0,0,0,0,0,0,0,0,0,0,0,0,0,0,0,0
ClashoftheTitans,5.6,0,1,0,0,0,0,0,0,0,0,0,0,0,0,0,0,0,0,0,0
TotalRecall,7.1,1,0,0,0,0,0,0,0,0,0,0,0,0,0,0,0,0,0,0,0
The13thWarrior,6.4,0,1,0,0,0,0,0,0,0,0,0,0,0,0,0,0,0,0,0,0
TheBourneLegacy,6.0,1,0,0,0,0,0,0,0,0,0,0,0,0,0,0,0,0,0,0,0
BatmanRobin,4.2,1,0,0,0,0,0,0,0,0,0,0,0,0,0,0,0,0,0,0,0
HowtheGrinchStoleChristmas,6.2,0,0,0,0,0,0,0,1,0,0,0,0,0,0,0,0,0,0,0,0
TheDayAfterTomorrow,6.2,1,0,0,0,0,0,0,0,0,0,0,0,0,0,0,0,0,0,0,0
MissionImpossibleII,5.9,0,1,0,0,0,0,0,0,0,0,0,0,0,0,0,0,0,0,0,0
ThePerfectStorm,6.2,0,0,0,0,0,0,1,0,0,0,0,0,0,0,0,0,0,0,0,0
Fantastic4RiseoftheSilverSurfer,5.4,0,1,0,0,0,0,0,0,0,0,0,0,0,0,0,0,0,0,0,0
LifeofPi,7.2,0,1,0,0,0,0,0,0,0,0,0,0,0,0,0,0,0,0,0,0
GhostRider,5.2,0,0,0,0,0,0,0,0,0,0,0,0,0,0,0,0,0,1,0,0
JasonBourne,5.9,1,0,0,0,0,0,0,0,0,0,0,0,0,0,0,0,0,0,0,0
CharliesAngelsFullThrottle,5.2,1,0,0,0,0,0,0,0,0,0,0,0,0,0,0,0,0,0,0,0
Prometheus,6.3,0,0,0,0,0,0,0,0,0,0,0,0,0,0,0,1,0,0,0,0
StuartLittle2,5.4,0,0,0,0,0,0,0,1,0,0,0,0,0,0,0,0,0,0,0,0
Elysium,6.4,0,0,0,0,0,0,0,0,0,0,0,0,0,0,0,1,0,0,0,0
TheChroniclesofRiddick,6.3,1,0,0,0,0,0,0,0,0,0,0,0,0,0,0,0,0,0,0,0
RoboCop,5.7,1,0,0,0,0,0,0,0,0,0,0,0,0,0,0,0,0,0,0,0
SpeedRacer,5.7,1,0,0,0,0,0,0,0,0,0,0,0,0,0,0,0,0,0,0,0
HowDoYouKnow,4.9,0,0,0,1,0,0,0,0,0,0,0,0,0,0,0,0,0,0,0,0
KnightandDay,5.9,1,0,0,0,0,0,0,0,0,0,0,0,0,0,0,0,0,0,0,0
Oblivion,6.4,1,0,0,0,0,0,0,0,0,0,0,0,0,0,0,0,0,0,0,0
StarWarsEpisodeIIIRevengeoftheSith,7.1,0,0,0,0,0,0,0,0,0,0,0,0,0,0,0,1,0,0,0,0
StarWarsEpisodeIIAttackoftheClones,6.4,0,1,0,0,0,0,0,0,0,0,0,0,0,0,0,0,0,0,0,0
MonstersInc,7.5,0,0,1,0,0,0,0,0,0,0,0,0,0,0,0,0,0,0,0,0
TheWolverine,6.3,1,0,0,0,0,0,0,0,0,0,0,0,0,0,0,0,0,0,0,0
StarWarsEpisodeIThePhantomMenace,6.3,0,1,0,0,0,0,0,0,0,0,0,0,0,0,0,0,0,0,0,0
TheCroods,6.8,0,1,0,0,0,0,0,0,0,0,0,0,0,0,0,0,0,0,0,0
AsterixattheOlympicGames,5.0,0,0,0,0,0,0,0,0,1,0,0,0,0,0,0,0,0,0,0,0
Windtalkers,5.8,0,0,0,0,0,0,1,0,0,0,0,0,0,0,0,0,0,0,0,0
TheHuntsmanWintersWar,6.0,1,0,0,0,0,0,0,0,0,0,0,0,0,0,0,0,0,0,0,0
TeenageMutantNinjaTurtles,5.8,0,0,0,0,0,0,0,0,0,0,0,0,0,0,0,1,0,0,0,0
Gravity,7.3,0,0,0,0,0,0,0,0,0,0,0,0,0,0,0,1,0,0,0,0
DantesPeak,5.7,1,0,0,0,0,0,0,0,0,0,0,0,0,0,0,0,0,0,0,0
TeenageMutantNinjaTurtlesOutoftheShadows,5.8,0,0,0,0,0,0,0,0,1,0,0,0,0,0,0,0,0,0,0,0
FantasticFour,4.4,1,0,0,0,0,0,0,0,0,0,0,0,0,0,0,0,0,0,0,0
NightattheMuseum,6.3,1,0,0,0,0,0,0,0,0,0,0,0,0,0,0,0,0,0,0,0
SanAndreas,6.0,1,0,0,0,0,0,0,0,0,0,0,0,0,0,0,0,0,0,0,0
TomorrowNeverDies,6.0,0,1,0,0,0,0,0,0,0,0,0,0,0,0,0,0,0,0,0,0
ThePatriot,6.8,0,0,0,0,0,0,1,0,0,0,0,0,0,0,0,0,0,0,0,0
OceansTwelve,6.4,0,0,0,0,0,0,0,0,0,0,0,0,0,0,0,0,0,1,0,0
MrMrsSmith,6.5,1,0,0,0,0,0,0,0,0,0,0,0,0,0,0,0,0,0,0,0
Insurgent,6.2,0,1,0,0,0,0,0,0,0,0,0,0,0,0,0,0,0,0,0,0
TheAviator,7.0,0,0,0,0,0,0,1,0,0,0,0,0,0,0,0,0,0,0,0,0
GulliversTravels,4.9,0,0,0,1,0,0,0,0,0,0,0,0,0,0,0,0,0,0,0,0
TheGreenHornet,5.5,1,0,0,0,0,0,0,0,0,0,0,0,0,0,0,0,0,0,0,0
300RiseofanEmpire,6.1,1,0,0,0,0,0,0,0,0,0,0,0,0,0,0,0,0,0,0,0
TheSmurfs,5.5,0,0,1,0,0,0,0,0,0,0,0,0,0,0,0,0,0,0,0,0
HomeontheRange,5.7,0,0,1,0,0,0,0,0,0,0,0,0,0,0,0,0,0,0,0,0
Allegiant,5.9,0,1,0,0,0,0,0,0,0,0,0,0,0,0,0,0,0,0,0,0
RealSteel,6.6,1,0,0,0,0,0,0,0,0,0,0,0,0,0,0,0,0,0,0,0
TheSmurfs2,5.5,0,0,0,0,0,0,0,0,1,0,0,0,0,0,0,0,0,0,0,0
Speed2CruiseControl,4.1,1,0,0,0,0,0,0,0,0,0,0,0,0,0,0,0,0,0,0,0
EndersGame,6.6,0,0,0,0,0,0,0,0,0,0,0,0,0,0,0,1,0,0,0,0
LiveFreeorDieHard,6.4,1,0,0,0,0,0,0,0,0,0,0,0,0,0,0,0,0,0,0,0
TheLordoftheRingsTheFellowshipoftheRing,8.0,0,1,0,0,0,0,0,0,0,0,0,0,0,0,0,0,0,0,0,0
AroundtheWorldin80Days,5.7,1,0,0,0,0,0,0,0,0,0,0,0,0,0,0,0,0,0,0,0
Ali,6.7,0,0,0,0,0,0,1,0,0,0,0,0,0,0,0,0,0,0,0,0
TheCatintheHat,4.9,0,0,0,1,0,0,0,0,0,0,0,0,0,0,0,0,0,0,0,0
IRobot,6.7,1,0,0,0,0,0,0,0,0,0,0,0,0,0,0,0,0,0,0,0
KingdomofHeaven,6.6,0,0,0,0,0,0,1,0,0,0,0,0,0,0,0,0,0,0,0,0
StuartLittle,5.8,0,0,1,0,0,0,0,0,0,0,0,0,0,0,0,0,0,0,0,0
ThePrincessandtheFrog,6.7,0,0,0,0,0,0,0,0,0,0,0,0,0,0,1,0,0,0,0,0
TheMartian,7.6,0,0,0,0,0,0,1,0,0,0,0,0,0,0,0,0,0,0,0,0
TheIsland,6.5,1,0,0,0,0,0,0,0,0,0,0,0,0,0,0,0,0,0,0,0
TownCountry,3.7,0,0,0,1,0,0,0,0,0,0,0,0,0,0,0,0,0,0,0,0
GoneinSixtySeconds,6.1,1,0,0,0,0,0,0,0,0,0,0,0,0,0,0,0,0,0,0,0
Gladiator,7.9,1,0,0,0,0,0,0,0,0,0,0,0,0,0,0,0,0,0,0,0
MinorityReport,7.1,1,0,0,0,0,0,0,0,0,0,0,0,0,0,0,0,0,0,0,0
HarryPotterandtheChamberofSecrets,7.4,0,1,0,0,0,0,0,0,0,0,0,0,0,0,0,0,0,0,0,0
CasinoRoyale,7.3,0,1,0,0,0,0,0,0,0,0,0,0,0,0,0,0,0,0,0,0
PlanetoftheApes,5.6,0,0,0,0,0,0,0,0,0,0,0,0,0,0,0,0,0,1,0,0
Terminator2JudgmentDay,7.7,1,0,0,0,0,0,0,0,0,0,0,0,0,0,0,0,0,0,0,0
PublicEnemies,6.5,0,0,0,0,0,0,0,0,0,0,1,0,0,0,0,0,0,0,0,0
AmericanGangster,7.4,0,0,0,0,0,0,1,0,0,0,0,0,0,0,0,0,0,0,0,0
TrueLies,6.8,1,0,0,0,0,0,0,0,0,0,0,0,0,0,0,0,0,0,0,0
TheTakingofPelham123,6.2,0,0,0,0,0,0,0,0,0,0,0,0,0,0,0,0,0,1,0,0
LittleFockers,5.4,0,0,0,1,0,0,0,0,0,0,0,0,0,0,0,0,0,0,0,0
TheOtherGuys,6.1,1,0,0,0,0,0,0,0,0,0,0,0,0,0,0,0,0,0,0,0
Eraser,5.6,1,0,0,0,0,0,0,0,0,0,0,0,0,0,0,0,0,0,0,0
DjangoUnchained,7.8,0,0,0,0,0,0,1,0,0,0,0,0,0,0,0,0,0,0,0,0
TheHunchbackofNotreDame,6.8,0,0,0,0,0,0,1,0,0,0,0,0,0,0,0,0,0,0,0,0
TheEmperorsNewGroove,7.2,0,1,0,0,0,0,0,0,0,0,0,0,0,0,0,0,0,0,0,0
TheExpendables2,6.1,1,0,0,0,0,0,0,0,0,0,0,0,0,0,0,0,0,0,0,0
NationalTreasure,6.4,0,1,0,0,0,0,0,0,0,0,0,0,0,0,0,0,0,0,0,0
Eragon,4.9,0,0,0,0,0,0,0,0,1,0,0,0,0,0,0,0,0,0,0,0
WheretheWildThingsAre,6.4,0,0,0,0,0,0,0,1,0,0,0,0,0,0,0,0,0,0,0,0
Epic,6.4,0,0,1,0,0,0,0,0,0,0,0,0,0,0,0,0,0,0,0,0
TheTourist,6.0,1,0,0,0,0,0,0,0,0,0,0,0,0,0,0,0,0,0,0,0
EndofDays,5.5,1,0,0,0,0,0,0,0,0,0,0,0,0,0,0,0,0,0,0,0
BloodDiamond,7.3,0,0,0,0,0,0,1,0,0,0,0,0,0,0,0,0,0,0,0,0
TheWolfofWallStreet,7.9,0,0,0,0,1,0,0,0,0,0,0,0,0,0,0,0,0,0,0,0
BatmanForever,5.2,1,0,0,0,0,0,0,0,0,0,0,0,0,0,0,0,0,0,0,0
StarshipTroopers,6.7,0,1,0,0,0,0,0,0,0,0,0,0,0,0,0,0,0,0,0,0
CloudAtlas,6.6,0,0,0,0,0,0,1,0,0,0,0,0,0,0,0,0,0,0,0,0
LegendoftheGuardiansTheOwlsofGaHoole,6.5,0,0,1,0,0,0,0,0,0,0,0,0,0,0,0,0,0,0,0,0
Catwoman,4.2,1,0,0,0,0,0,0,0,0,0,0,0,0,0,0,0,0,0,0,0
Hercules,5.6,1,0,0,0,0,0,0,0,0,0,0,0,0,0,0,0,0,0,0,0
TreasurePlanet,7.2,0,1,0,0,0,0,0,0,0,0,0,0,0,0,0,0,0,0,0,0
LandoftheLost,5.3,0,1,0,0,0,0,0,0,0,0,0,0,0,0,0,0,0,0,0,0
TheExpendables3,6.1,1,0,0,0,0,0,0,0,0,0,0,0,0,0,0,0,0,0,0,0
PointBreak,5.5,1,0,0,0,0,0,0,0,0,0,0,0,0,0,0,0,0,0,0,0
SonoftheMask,3.6,0,0,0,0,0,0,0,0,1,0,0,0,0,0,0,0,0,0,0,0
IntheHeartoftheSea,6.5,0,0,0,0,0,0,0,0,0,0,0,0,0,0,0,0,0,1,0,0
TheAdventuresofPlutoNash,4.4,1,0,0,0,0,0,0,0,0,0,0,0,0,0,0,0,0,0,0,0
GreenZone,6.4,0,0,0,0,0,0,0,0,0,0,0,0,0,0,0,0,0,0,1,0
ThePeanutsMovie,6.5,0,0,1,0,0,0,0,0,0,0,0,0,0,0,0,0,0,0,0,0
TheSpanishPrisoner,7.1,0,0,0,0,1,0,0,0,0,0,0,0,0,0,0,0,0,0,0,0
TheMummyReturns,6.0,0,1,0,0,0,0,0,0,0,0,0,0,0,0,0,0,0,0,0,0
GangsofNewYork,7.1,0,0,0,0,0,0,1,0,0,0,0,0,0,0,0,0,0,0,0,0
TheFlowersofWar,7.1,0,0,0,0,0,0,1,0,0,0,0,0,0,0,0,0,0,0,0,0
SurfsUp,5.9,0,0,1,0,0,0,0,0,0,0,0,0,0,0,0,0,0,0,0,0
TheStepfordWives,5.4,1,0,0,0,0,0,0,0,0,0,0,0,0,0,0,0,0,0,0,0
BlackHawkDown,7.2,1,0,0,0,0,0,0,0,0,0,0,0,0,0,0,0,0,0,0,0
TheCampaign,5.6,0,0,0,1,0,0,0,0,0,0,0,0,0,0,0,0,0,0,0,0
TheFifthElement,7.3,0,1,0,0,0,0,0,0,0,0,0,0,0,0,0,0,0,0,0,0
SexandtheCity2,5.4,0,0,0,1,0,0,0,0,0,0,0,0,0,0,0,0,0,0,0,0
TheRoadtoElDorado,7.0,0,1,0,0,0,0,0,0,0,0,0,0,0,0,0,0,0,0,0,0
IceAgeContinentalDrift,6.2,0,0,1,0,0,0,0,0,0,0,0,0,0,0,0,0,0,0,0,0
Cinderella,6.7,0,0,0,0,0,0,0,0,0,0,0,0,0,0,1,0,0,0,0,0
TheLovelyBones,6.6,0,0,0,0,0,0,0,0,1,0,0,0,0,0,0,0,0,0,0,0
FindingNemo,7.6,0,0,1,0,0,0,0,0,0,0,0,0,0,0,0,0,0,0,0,0
TheLordoftheRingsTheReturnoftheKing,8.1,0,1,0,0,0,0,0,0,0,0,0,0,0,0,0,0,0,0,0,0
TheLordoftheRingsTheTwoTowers,8.0,0,1,0,0,0,0,0,0,0,0,0,0,0,0,0,0,0,0,0,0
SeventhSon,5.2,0,1,0,0,0,0,0,0,0,0,0,0,0,0,0,0,0,0,0,0
LaraCroftTombRaider,5.7,0,1,0,0,0,0,0,0,0,0,0,0,0,0,0,0,0,0,0,0
Transcendence,5.9,0,0,0,0,0,0,0,0,0,0,0,0,0,0,0,0,0,1,0,0
JurassicParkIII,5.7,0,1,0,0,0,0,0,0,0,0,0,0,0,0,0,0,0,0,0,0
RiseofthePlanetoftheApes,7.0,0,0,0,0,0,0,0,0,0,0,0,0,0,0,0,0,0,1,0,0
TheSpiderwickChronicles,6.3,0,1,0,0,0,0,0,0,0,0,0,0,0,0,0,0,0,0,0,0
AGoodDaytoDieHard,5.2,1,0,0,0,0,0,0,0,0,0,0,0,0,0,0,0,0,0,0,0
TheAlamo,5.8,0,0,0,0,0,0,0,0,0,0,0,0,0,0,0,0,0,0,0,1
TheIncredibles,7.4,1,0,0,0,0,0,0,0,0,0,0,0,0,0,0,0,0,0,0,0
CutthroatIsland,5.7,1,0,0,0,0,0,0,0,0,0,0,0,0,0,0,0,0,0,0,0
PercyJacksontheOlympiansTheLightningThief,6.0,0,1,0,0,0,0,0,0,0,0,0,0,0,0,0,0,0,0,0,0
MeninBlack,6.9,1,0,0,0,0,0,0,0,0,0,0,0,0,0,0,0,0,0,0,0
ToyStory2,7.3,0,0,1,0,0,0,0,0,0,0,0,0,0,0,0,0,0,0,0,0
Unstoppable,6.3,1,0,0,0,0,0,0,0,0,0,0,0,0,0,0,0,0,0,0,0
RushHour2,6.4,1,0,0,0,0,0,0,0,0,0,0,0,0,0,0,0,0,0,0,0
WhatLiesBeneath,6.3,0,0,0,0,0,0,1,0,0,0,0,0,0,0,0,0,0,0,0,0
CloudywithaChanceofMeatballs,6.5,0,0,1,0,0,0,0,0,0,0,0,0,0,0,0,0,0,0,0,0
IceAgeDawnoftheDinosaurs,6.5,0,0,1,0,0,0,0,0,0,0,0,0,0,0,0,0,0,0,0,0
TheSecretLifeofWalterMitty,7.0,0,1,0,0,0,0,0,0,0,0,0,0,0,0,0,0,0,0,0,0
CharliesAngels,5.6,1,0,0,0,0,0,0,0,0,0,0,0,0,0,0,0,0,0,0,0
TheDeparted,7.9,0,0,0,0,0,0,1,0,0,0,0,0,0,0,0,0,0,0,0,0
Mulan,7.6,0,0,1,0,0,0,0,0,0,0,0,0,0,0,0,0,0,0,0,0
TropicThunder,6.5,1,0,0,0,0,0,0,0,0,0,0,0,0,0,0,0,0,0,0,0
TheGirlwiththeDragonTattoo,7.2,0,0,0,0,0,0,0,0,0,0,0,0,0,0,0,0,0,1,0,0
DieHardWithaVengeance,6.9,1,0,0,0,0,0,0,0,0,0,0,0,0,0,0,0,0,0,0,0
SherlockHolmes,7.0,1,0,0,0,0,0,0,0,0,0,0,0,0,0,0,0,0,0,0,0
BenHur,5.3,0,0,0,0,0,0,1,0,0,0,0,0,0,0,0,0,0,0,0,0
AtlantisTheLostEmpire,6.7,0,0,1,0,0,0,0,0,0,0,0,0,0,0,0,0,0,0,0,0
AlvinandtheChipmunksTheRoadChip,5.8,0,1,0,0,0,0,0,0,0,0,0,0,0,0,0,0,0,0,0,0
Valkyrie,6.7,0,0,0,0,0,0,1,0,0,0,0,0,0,0,0,0,0,0,0,0
YouDontMesswiththeZohan,5.5,0,0,0,1,0,0,0,0,0,0,0,0,0,0,0,0,0,0,0,0
Pixels,5.6,1,0,0,0,0,0,0,0,0,0,0,0,0,0,0,0,0,0,0,0
AIArtificialIntelligence,6.8,0,0,0,0,0,0,1,0,0,0,0,0,0,0,0,0,0,0,0,0
TheHauntedMansion,5.2,0,0,0,0,0,0,0,0,0,0,0,0,0,0,0,0,0,1,0,0
Contact,7.2,0,0,0,0,0,0,1,0,0,0,0,0,0,0,0,0,0,0,0,0
HollowMan,5.6,1,0,0,0,0,0,0,0,0,0,0,0,0,0,0,0,0,0,0,0
TheInterpreter,6.2,0,0,0,0,1,0,0,0,0,0,0,0,0,0,0,0,0,0,0,0
PercyJacksonSeaofMonsters,5.9,0,1,0,0,0,0,0,0,0,0,0,0,0,0,0,0,0,0,0,0
LaraCroftTombRaiderTheCradleofLife,5.5,1,0,0,0,0,0,0,0,0,0,0,0,0,0,0,0,0,0,0,0
NowYouSeeMe2,6.7,1,0,0,0,0,0,0,0,0,0,0,0,0,0,0,0,0,0,0,0
TheSaint,5.9,0,0,0,0,0,0,0,0,0,0,0,0,0,0,0,0,0,1,0,0
SpyGame,6.8,1,0,0,0,0,0,0,0,0,0,0,0,0,0,0,0,0,0,0,0
MissiontoMars,5.7,0,0,0,0,0,0,0,0,0,0,0,0,0,0,0,1,0,0,0,0
Rio,6.5,0,0,1,0,0,0,0,0,0,0,0,0,0,0,0,0,0,0,0,0
BicentennialMan,6.9,0,0,0,1,0,0,0,0,0,0,0,0,0,0,0,0,0,0,0,0
Volcano,5.2,0,0,0,0,0,0,0,0,0,0,0,0,0,0,0,1,0,0,0,0
TheDevilsOwn,5.9,0,0,0,0,1,0,0,0,0,0,0,0,0,0,0,0,0,0,0,0
K19TheWidowmaker,6.1,0,0,0,0,0,0,1,0,0,0,0,0,0,0,0,0,0,0,0,0
ConantheBarbarian,6.6,0,1,0,0,0,0,0,0,0,0,0,0,0,0,0,0,0,0,0,0
CinderellaMan,7.3,0,0,0,0,0,0,0,0,0,0,0,0,0,0,1,0,0,0,0,0
TheNutcrackerTheUntoldStory,5.4,0,0,0,0,0,0,0,0,1,0,0,0,0,0,0,0,0,0,0,0
Seabiscuit,6.7,0,0,0,0,0,0,1,0,0,0,0,0,0,0,0,0,0,0,0,0
Twister,6.1,1,0,0,0,0,0,0,0,0,0,0,0,0,0,0,0,0,0,0,0
CastAway,7.5,0,1,0,0,0,0,0,0,0,0,0,0,0,0,0,0,0,0,0,0
HappyFeet,5.9,0,0,1,0,0,0,0,0,0,0,0,0,0,0,0,0,0,0,0,0
TheBourneSupremacy,7.2,1,0,0,0,0,0,0,0,0,0,0,0,0,0,0,0,0,0,0,0
AirForceOne,6.2,1,0,0,0,0,0,0,0,0,0,0,0,0,0,0,0,0,0,0,0
OceansEleven,7.2,0,0,0,0,0,0,0,0,0,0,0,0,0,0,0,0,0,1,0,0
TheThreeMusketeers,5.6,0,1,0,0,0,0,0,0,0,0,0,0,0,0,0,0,0,0,0,0
HotelTransylvania,6.8,0,0,1,0,0,0,0,0,0,0,0,0,0,0,0,0,0,0,0,0
Enchanted,6.6,0,0,0,1,0,0,0,0,0,0,0,0,0,0,0,0,0,0,0,0
SafeHouse,6.3,1,0,0,0,0,0,0,0,0,0,0,0,0,0,0,0,0,0,0,0
102Dalmatians,5.1,0,0,0,1,0,0,0,0,0,0,0,0,0,0,0,0,0,0,0,0
TowerHeist,5.8,1,0,0,0,0,0,0,0,0,0,0,0,0,0,0,0,0,0,0,0
TheHoliday,6.7,0,0,0,1,0,0,0,0,0,0,0,0,0,0,0,0,0,0,0,0
EnemyoftheState,6.7,1,0,0,0,0,0,0,0,0,0,0,0,0,0,0,0,0,0,0,0
ItsComplicated,6.2,0,0,0,1,0,0,0,0,0,0,0,0,0,0,0,0,0,0,0,0
OceansThirteen,6.5,0,0,0,0,1,0,0,0,0,0,0,0,0,0,0,0,0,0,0,0
OpenSeason,6.1,0,1,0,0,0,0,0,0,0,0,0,0,0,0,0,0,0,0,0,0
Divergent,6.9,0,1,0,0,0,0,0,0,0,0,0,0,0,0,0,0,0,0,0,0
EnemyattheGates,7.2,0,0,0,0,0,0,0,0,0,0,0,0,0,0,0,0,0,0,1,0
TheRundown,6.4,0,1,0,0,0,0,0,0,0,0,0,0,0,0,0,0,0,0,0,0
LastActionHero,6.1,0,1,0,0,0,0,0,0,0,0,0,0,0,0,0,0,0,0,0,0
MemoirsofaGeisha,7.3,0,0,0,0,0,0,1,0,0,0,0,0,0,0,0,0,0,0,0,0
TheFastandtheFuriousTokyoDrift,6.1,1,0,0,0,0,0,0,0,0,0,0,0,0,0,0,0,0,0,0,0
ArthurChristmas,6.7,0,0,0,0,0,0,1,0,0,0,0,0,0,0,0,0,0,0,0,0
MeetJoeBlack,6.9,0,0,0,0,0,0,0,0,1,0,0,0,0,0,0,0,0,0,0,0
CollateralDamage,5.5,1,0,0,0,0,0,0,0,0,0,0,0,0,0,0,0,0,0,0,0
AllThatJazz,7.3,0,0,0,0,0,0,1,0,0,0,0,0,0,0,0,0,0,0,0,0
MirrorMirror,5.5,0,1,0,0,0,0,0,0,0,0,0,0,0,0,0,0,0,0,0,0
ScottPilgrimvstheWorld,7.2,1,0,0,0,0,0,0,0,0,0,0,0,0,0,0,0,0,0,0,0
TheCore,5.4,1,0,0,0,0,0,0,0,0,0,0,0,0,0,0,0,0,0,0,0
NuttyProfessorIITheKlumps,4.7,0,0,0,0,0,0,0,0,1,0,0,0,0,0,0,0,0,0,0,0
ScoobyDoo,5.4,0,0,0,0,0,0,0,0,0,0,0,0,0,1,0,0,0,0,0,0
Dredd,6.6,1,0,0,0,0,0,0,0,0,0,0,0,0,0,0,0,0,0,0,0
Click,6.0,0,0,0,1,0,0,0,0,0,0,0,0,0,0,0,0,0,0,0,0
Creepshow,6.7,0,0,0,0,0,0,0,0,0,0,0,1,0,0,0,0,0,0,0,0
CatsDogs2TheRevengeofKittyGalore,4.9,0,0,0,1,0,0,0,0,0,0,0,0,0,0,0,0,0,0,0,0
Jumper,5.9,0,1,0,0,0,0,0,0,0,0,0,0,0,0,0,0,0,0,0,0
HellboyIITheGoldenArmy,6.5,0,1,0,0,0,0,0,0,0,0,0,0,0,0,0,0,0,0,0,0
Zodiac,7.3,0,0,0,0,1,0,0,0,0,0,0,0,0,0,0,0,0,0,0,0
The6thDay,5.7,0,0,0,0,0,0,0,0,0,0,0,0,0,0,0,1,0,0,0,0
BruceAlmighty,6.4,0,0,0,0,0,0,0,0,1,0,0,0,0,0,0,0,0,0,0,0
TheExpendables,6.0,0,0,0,0,0,0,0,0,0,0,0,0,0,0,0,0,0,1,0,0
MissionImpossible,6.7,0,1,0,0,0,0,0,0,0,0,0,0,0,0,0,0,0,0,0,0
TheHungerGames,6.9,0,0,0,0,0,0,0,0,0,0,0,0,0,0,0,1,0,0,0,0
TheHangoverPartII,6.2,0,0,0,1,0,0,0,0,0,0,0,0,0,0,0,0,0,0,0,0
BatmanReturns,6.6,1,0,0,0,0,0,0,0,0,0,0,0,0,0,0,0,0,0,0,0
OvertheHedge,6.3,0,0,0,1,0,0,0,0,0,0,0,0,0,0,0,0,0,0,0,0
LiloStitch,7.1,0,0,1,0,0,0,0,0,0,0,0,0,0,0,0,0,0,0,0,0
CharlottesWeb,5.8,0,0,0,1,0,0,0,0,0,0,0,0,0,0,0,0,0,0,0,0
DeepImpact,5.9,1,0,0,0,0,0,0,0,0,0,0,0,0,0,0,0,0,0,0,0
RED2,6.4,1,0,0,0,0,0,0,0,0,0,0,0,0,0,0,0,0,0,0,0
TheLongestYard,6.2,0,0,0,1,0,0,0,0,0,0,0,0,0,0,0,0,0,0,0,0
AlvinandtheChipmunksChipwrecked,5.4,0,0,0,1,0,0,0,0,0,0,0,0,0,0,0,0,0,0,0,0
GrownUps2,5.8,0,0,0,1,0,0,0,0,0,0,0,0,0,0,0,0,0,0,0,0
GetSmart,6.0,1,0,0,0,0,0,0,0,0,0,0,0,0,0,0,0,0,0,0,0
SomethingsGottaGive,6.3,0,0,0,0,0,0,1,0,0,0,0,0,0,0,0,0,0,0,0,0
ShutterIsland,7.8,0,0,0,0,0,0,1,0,0,0,0,0,0,0,0,0,0,0,0,0
FourChristmases,5.3,0,0,0,1,0,0,0,0,0,0,0,0,0,0,0,0,0,0,0,0
Robots,6.0,0,0,1,0,0,0,0,0,0,0,0,0,0,0,0,0,0,0,0,0
FaceOff,6.8,1,0,0,0,0,0,0,0,0,0,0,0,0,0,0,0,0,0,0,0
BedtimeStories,5.9,0,0,0,0,0,0,0,0,1,0,0,0,0,0,0,0,0,0,0,0
RoadtoPerdition,7.3,0,0,0,0,0,0,0,0,0,0,0,0,0,0,0,0,0,1,0,0
JustGowithIt,6.3,0,0,0,0,0,0,0,0,0,0,0,0,0,0,1,0,0,0,0,0
ConAir,6.5,1,0,0,0,0,0,0,0,0,0,0,0,0,0,0,0,0,0,0,0
EagleEye,6.3,0,0,0,0,0,0,0,0,0,0,0,0,0,1,0,0,0,0,0,0
ColdMountain,6.7,0,0,0,0,0,0,1,0,0,0,0,0,0,0,0,0,0,0,0,0
TheBookofEli,6.6,1,0,0,0,0,0,0,0,0,0,0,0,0,0,0,0,0,0,0,0
Flubber,5.3,0,0,0,1,0,0,0,0,0,0,0,0,0,0,0,0,0,0,0,0
TheHaunting,5.2,0,0,0,0,0,0,0,0,0,0,0,1,0,0,0,0,0,0,0,0
SpaceJam,6.5,0,0,1,0,0,0,0,0,0,0,0,0,0,0,0,0,0,0,0,0
ThePinkPanther,5.6,1,0,0,0,0,0,0,0,0,0,0,0,0,0,0,0,0,0,0,0
TheDaytheEarthStoodStill,5.2,0,0,0,0,0,0,1,0,0,0,0,0,0,0,0,0,0,0,0,0
ConspiracyTheory,6.5,1,0,0,0,0,0,0,0,0,0,0,0,0,0,0,0,0,0,0,0
Fury,7.4,0,0,0,0,0,0,0,0,0,0,0,0,0,0,0,0,0,0,1,0
SixDaysSevenNights,5.6,1,0,0,0,0,0,0,0,0,0,0,0,0,0,0,0,0,0,0,0
YogiBear,5.2,0,0,0,1,0,0,0,0,0,0,0,0,0,0,0,0,0,0,0,0
SpiritStallionoftheCimarron,7.4,0,0,0,0,0,0,0,0,0,0,0,0,0,0,0,0,0,0,0,1
Zookeeper,5.3,0,0,0,1,0,0,0,0,0,0,0,0,0,0,0,0,0,0,0,0
LostinSpace,5.0,0,1,0,0,0,0,0,0,0,0,0,0,0,0,0,0,0,0,0,0
TheManchurianCandidate,6.2,0,0,0,0,0,0,1,0,0,0,0,0,0,0,0,0,0,0,0,0
DéjàVu,8.0,0,0,0,0,0,0,0,0,0,0,0,0,0,0,1,0,0,0,0,0
HotelTransylvania2,6.7,0,0,1,0,0,0,0,0,0,0,0,0,0,0,0,0,0,0,0,0
Fantasia2000,7.0,0,0,1,0,0,0,0,0,0,0,0,0,0,0,0,0,0,0,0,0
TheTimeMachine,5.8,0,0,0,0,0,0,0,0,0,0,0,0,0,0,0,1,0,0,0,0
MightyJoeYoung,5.9,1,0,0,0,0,0,0,0,0,0,0,0,0,0,0,0,0,0,0,0
Swordfish,6.1,1,0,0,0,0,0,0,0,0,0,0,0,0,0,0,0,0,0,0,0
TheLegendofZorro,5.9,1,0,0,0,0,0,0,0,0,0,0,0,0,0,0,0,0,0,0,0
WhatDreamsMayCome,6.8,0,0,0,0,0,0,1,0,0,0,0,0,0,0,0,0,0,0,0,0
LittleNicky,5.2,0,0,0,1,0,0,0,0,0,0,0,0,0,0,0,0,0,0,0,0
TheBrothersGrimm,5.6,0,1,0,0,0,0,0,0,0,0,0,0,0,0,0,0,0,0,0,0
MarsAttacks,6.1,0,0,0,1,0,0,0,0,0,0,0,0,0,0,0,0,0,0,0,0
Evolution,6.4,0,0,0,0,0,0,0,0,0,0,0,0,0,1,0,0,0,0,0,0
TheEdge,6.7,1,0,0,0,0,0,0,0,0,0,0,0,0,0,0,0,0,0,0,0
Surrogates,5.9,1,0,0,0,0,0,0,0,0,0,0,0,0,0,0,0,0,0,0,0
ThirteenDays,6.9,0,0,0,0,0,0,1,0,0,0,0,0,0,0,0,0,0,0,0,0
Daylight,5.8,1,0,0,0,0,0,0,0,0,0,0,0,0,0,0,0,0,0,0,0
WalkingWithDinosaurs,5.2,0,0,1,0,0,0,0,0,0,0,0,0,0,0,0,0,0,0,0,0
BattlefieldEarth,3.0,1,0,0,0,0,0,0,0,0,0,0,0,0,0,0,0,0,0,0,0
LooneyTunesBackinAction,5.6,0,0,1,0,0,0,0,0,0,0,0,0,0,0,0,0,0,0,0,0
Nine,5.1,0,0,0,0,0,0,1,0,0,0,0,0,0,0,0,0,0,0,0,0
Timeline,5.4,1,0,0,0,0,0,0,0,0,0,0,0,0,0,0,0,0,0,0,0
ThePostman,6.1,0,0,0,0,0,0,1,0,0,0,0,0,0,0,0,0,0,0,0,0
BabePigintheCity,5.2,0,1,0,0,0,0,0,0,0,0,0,0,0,0,0,0,0,0,0,0
TheLastWitchHunter,5.7,0,0,0,0,0,0,0,0,1,0,0,0,0,0,0,0,0,0,0,0
RedPlanet,5.4,0,0,0,0,0,0,0,0,0,0,0,0,0,0,0,0,0,1,0,0
ArthurandtheInvisibles,6.0,0,1,0,0,0,0,0,0,0,0,0,0,0,0,0,0,0,0,0,0
Oceans,7.3,0,0,0,0,0,1,0,0,0,0,0,0,0,0,0,0,0,0,0,0
ASoundofThunder,4.8,0,0,0,0,0,0,0,0,0,0,0,0,0,0,0,0,0,1,0,0
Pompeii,5.2,1,0,0,0,0,0,0,0,0,0,0,0,0,0,0,0,0,0,0,0
TopCatBegins,5.3,0,0,0,1,0,0,0,0,0,0,0,0,0,0,0,0,0,0,0,0
ABeautifulMind,7.7,0,0,0,0,0,0,1,0,0,0,0,0,0,0,0,0,0,0,0,0
TheLionKing,8.0,0,0,0,0,0,0,0,1,0,0,0,0,0,0,0,0,0,0,0,0
Journey2TheMysteriousIsland,5.8,0,1,0,0,0,0,0,0,0,0,0,0,0,0,0,0,0,0,0,0
CloudywithaChanceofMeatballs2,6.4,0,0,1,0,0,0,0,0,0,0,0,0,0,0,0,0,0,0,0,0
RedDragon,6.7,0,0,0,0,1,0,0,0,0,0,0,0,0,0,0,0,0,0,0,0
Hidalgo,6.5,0,0,0,0,0,0,0,0,0,0,0,0,0,0,0,0,0,0,0,1
JackandJill,4.1,0,0,0,1,0,0,0,0,0,0,0,0,0,0,0,0,0,0,0,0
2Fast2Furious,6.2,1,0,0,0,0,0,0,0,0,0,0,0,0,0,0,0,0,0,0,0
TheLittlePrince,7.6,0,1,0,0,0,0,0,0,0,0,0,0,0,0,0,0,0,0,0,0
TheInvasion,5.7,0,0,0,0,0,0,0,0,0,0,0,0,0,0,0,1,0,0,0,0
TheAdventuresofRockyBullwinkle,3.9,1,0,0,0,0,0,0,0,0,0,0,0,0,0,0,0,0,0,0,0
TheSecretLifeofPets,5.9,0,0,1,0,0,0,0,0,0,0,0,0,0,0,0,0,0,0,0,0
TheLeagueofExtraordinaryGentlemen,5.7,0,0,0,0,0,0,0,0,1,0,0,0,0,0,0,0,0,0,0,0
DespicableMe2,7.0,0,0,1,0,0,0,0,0,0,0,0,0,0,0,0,0,0,0,0,0
IndependenceDay,6.7,1,0,0,0,0,0,0,0,0,0,0,0,0,0,0,0,0,0,0,0
TheLostWorldJurassicPark,6.2,0,1,0,0,0,0,0,0,0,0,0,0,0,0,0,0,0,0,0,0
Madagascar,6.6,0,0,0,0,0,0,0,1,0,0,0,0,0,0,0,0,0,0,0,0
ChildrenofMen,7.4,0,0,0,0,0,0,1,0,0,0,0,0,0,0,0,0,0,0,0,0
XMen,6.8,0,1,0,0,0,0,0,0,0,0,0,0,0,0,0,0,0,0,0,0
Wanted,6.4,1,0,0,0,0,0,0,0,0,0,0,0,0,0,0,0,0,0,0,0
TheRock,6.9,1,0,0,0,0,0,0,0,0,0,0,0,0,0,0,0,0,0,0,0
IceAgeTheMeltdown,6.5,0,0,1,0,0,0,0,0,0,0,0,0,0,0,0,0,0,0,0,0
50FirstDates,6.6,0,0,0,1,0,0,0,0,0,0,0,0,0,0,0,0,0,0,0,0
Hairspray,6.5,0,0,0,0,0,0,0,1,0,0,0,0,0,0,0,0,0,0,0,0
ExorcistTheBeginning,4.7,0,0,0,0,0,0,0,0,0,0,0,1,0,0,0,0,0,0,0,0
InspectorGadget,4.3,1,0,0,0,0,0,0,0,0,0,0,0,0,0,0,0,0,0,0,0
NowYouSeeMe,7.3,0,0,0,0,0,0,0,0,0,0,0,0,0,0,0,0,0,1,0,0
GrownUps,6.0,0,0,0,1,0,0,0,0,0,0,0,0,0,0,0,0,0,0,0,0
TheTerminal,7.0,0,0,0,1,0,0,0,0,0,0,0,0,0,0,0,0,0,0,0,0
HotelforDogs,5.7,0,0,0,1,0,0,0,0,0,0,0,0,0,0,0,0,0,0,0,0
VerticalLimit,5.9,1,0,0,0,0,0,0,0,0,0,0,0,0,0,0,0,0,0,0,0
CharlieWilsonsWar,6.5,0,0,0,1,0,0,0,0,0,0,0,0,0,0,0,0,0,0,0,0
SharkTale,5.8,0,0,1,0,0,0,0,0,0,0,0,0,0,0,0,0,0,0,0,0
Dreamgirls,6.6,0,0,0,0,0,0,1,0,0,0,0,0,0,0,0,0,0,0,0,0
BeCool,5.4,0,0,0,1,0,0,0,0,0,0,0,0,0,0,0,0,0,0,0,0
Munich,6.9,0,0,0,0,0,0,1,0,0,0,0,0,0,0,0,0,0,0,0,0
TearsoftheSun,6.4,1,0,0,0,0,0,0,0,0,0,0,0,0,0,0,0,0,0,0,0
Killers,5.7,1,0,0,0,0,0,0,0,0,0,0,0,0,0,0,0,0,0,0,0
TheManfromUNCLE,7.1,0,0,0,1,0,0,0,0,0,0,0,0,0,0,0,0,0,0,0,0
Spanglish,5.8,0,0,0,1,0,0,0,0,0,0,0,0,0,0,0,0,0,0,0,0
MonsterHouse,6.3,0,0,1,0,0,0,0,0,0,0,0,0,0,0,0,0,0,0,0,0
Bandits,6.2,1,0,0,0,0,0,0,0,0,0,0,0,0,0,0,0,0,0,0,0
FirstKnight,5.9,1,0,0,0,0,0,0,0,0,0,0,0,0,0,0,0,0,0,0,0
AnnaandtheKing,6.4,0,0,0,0,0,0,1,0,0,0,0,0,0,0,0,0,0,0,0,0
Immortals,5.7,0,0,0,0,0,0,0,0,1,0,0,0,0,0,0,0,0,0,0,0
Hostage,6.2,0,0,0,0,0,0,0,0,0,0,0,0,0,1,0,0,0,0,0,0
TitanAE,6.3,0,0,1,0,0,0,0,0,0,0,0,0,0,0,0,0,0,0,0,0
HollywoodHomicide,5.0,1,0,0,0,0,0,0,0,0,0,0,0,0,0,0,0,0,0,0,0
Soldier,6.1,1,0,0,0,0,0,0,0,0,0,0,0,0,0,0,0,0,0,0,0
Carriers,5.8,1,0,0,0,0,0,0,0,0,0,0,0,0,0,0,0,0,0,0,0
Monkeybone,4.3,0,1,0,0,0,0,0,0,0,0,0,0,0,0,0,0,0,0,0,0
FlightofthePhoenix,5.7,1,0,0,0,0,0,0,0,0,0,0,0,0,0,0,0,0,0,0,0
Unbreakable,6.9,0,0,0,0,0,0,0,0,0,0,0,0,0,0,0,1,0,0,0,0
Minions,6.4,0,0,0,0,0,0,0,1,0,0,0,0,0,0,0,0,0,0,0,0
SuckerPunch,5.9,1,0,0,0,0,0,0,0,0,0,0,0,0,0,0,0,0,0,0,0
SnakeEyes,5.8,0,0,0,0,1,0,0,0,0,0,0,0,0,0,0,0,0,0,0,0
Sphere,5.8,0,0,0,0,0,0,0,0,0,0,0,0,0,0,0,1,0,0,0,0
TheAngryBirdsMovie,5.9,0,0,0,0,0,0,0,1,0,0,0,0,0,0,0,0,0,0,0,0
FoolsGold,5.4,0,0,0,0,0,0,0,0,0,0,0,0,0,0,1,0,0,0,0,0
FunnyPeople,5.7,0,0,0,1,0,0,0,0,0,0,0,0,0,0,0,0,0,0,0,0
TheKingdom,6.5,0,0,0,0,0,0,0,0,0,0,0,0,0,0,0,0,0,1,0,0
TalladegaNightsTheBalladofRickyBobby,6.2,0,0,0,1,0,0,0,0,0,0,0,0,0,0,0,0,0,0,0,0
DrDolittle2,4.9,0,0,0,1,0,0,0,0,0,0,0,0,0,0,0,0,0,0,0,0
Braveheart,7.7,1,0,0,0,0,0,0,0,0,0,0,0,0,0,0,0,0,0,0,0
Jarhead,6.6,0,0,0,0,0,0,1,0,0,0,0,0,0,0,0,0,0,0,0,0
TheSimpsonsMovie,6.9,0,0,1,0,0,0,0,0,0,0,0,0,0,0,0,0,0,0,0,0
TheMajestic,6.6,0,0,0,0,0,0,1,0,0,0,0,0,0,0,0,0,0,0,0,0
Driven,4.5,1,0,0,0,0,0,0,0,0,0,0,0,0,0,0,0,0,0,0,0
TwoBrothers,6.9,0,1,0,0,0,0,0,0,0,0,0,0,0,0,0,0,0,0,0,0
TheVillage,6.2,0,0,0,0,0,0,1,0,0,0,0,0,0,0,0,0,0,0,0,0
DoctorDolittle,5.4,0,0,0,1,0,0,0,0,0,0,0,0,0,0,0,0,0,0,0,0
Signs,6.4,0,0,0,0,0,0,1,0,0,0,0,0,0,0,0,0,0,0,0,0
Shrek2,6.7,0,1,0,0,0,0,0,0,0,0,0,0,0,0,0,0,0,0,0,0
Cars,6.6,0,0,1,0,0,0,0,0,0,0,0,0,0,0,0,0,0,0,0,0
RunawayBride,5.7,0,0,0,1,0,0,0,0,0,0,0,0,0,0,0,0,0,0,0,0
xXx,5.8,1,0,0,0,0,0,0,0,0,0,0,0,0,0,0,0,0,0,0,0
TheSpongeBobMovieSpongeOutofWater,5.8,0,0,1,0,0,0,0,0,0,0,0,0,0,0,0,0,0,0,0,0
Ransom,6.4,1,0,0,0,0,0,0,0,0,0,0,0,0,0,0,0,0,0,0,0
InglouriousBasterds,7.9,0,0,0,0,0,0,1,0,0,0,0,0,0,0,0,0,0,0,0,0
Hook,6.6,0,1,0,0,0,0,0,0,0,0,0,0,0,0,0,0,0,0,0,0
DieHard2,6.6,1,0,0,0,0,0,0,0,0,0,0,0,0,0,0,0,0,0,0,0
SWAT,5.8,1,0,0,0,0,0,0,0,0,0,0,0,0,0,0,0,0,0,0,0
VanillaSky,6.5,0,0,0,0,0,0,1,0,0,0,0,0,0,0,0,0,0,0,0,0
LadyintheWater,5.3,0,0,0,0,0,0,1,0,0,0,0,0,0,0,0,0,0,0,0,0
AVPAlienvsPredator,5.5,0,1,0,0,0,0,0,0,0,0,0,0,0,0,0,0,0,0,0,0
AlvinandtheChipmunksTheSqueakquel,5.4,0,0,0,1,0,0,0,0,0,0,0,0,0,0,0,0,0,0,0,0
WeWereSoldiers,6.7,1,0,0,0,0,0,0,0,0,0,0,0,0,0,0,0,0,0,0,0
OlympusHasFallen,6.2,1,0,0,0,0,0,0,0,0,0,0,0,0,0,0,0,0,0,0,0
StarTrekInsurrection,6.3,0,0,0,0,0,0,0,0,0,0,0,0,0,0,0,1,0,0,0,0
BattleLosAngeles,5.5,1,0,0,0,0,0,0,0,0,0,0,0,0,0,0,0,0,0,0,0
BigFish,7.6,0,1,0,0,0,0,0,0,0,0,0,0,0,0,0,0,0,0,0,0
Wolf,6.0,0,0,0,0,0,0,0,0,1,0,0,0,0,0,0,0,0,0,0,0
WarHorse,7.0,0,0,0,0,0,0,1,0,0,0,0,0,0,0,0,0,0,0,0,0
TheMonumentsMen,5.8,0,0,0,0,0,0,0,0,0,0,0,0,0,0,0,0,0,0,1,0
TheAbyss,7.1,0,1,0,0,0,0,0,0,0,0,0,0,0,0,0,0,0,0,0,0
WallStreetMoneyNeverSleeps,5.8,0,0,0,0,0,0,1,0,0,0,0,0,0,0,0,0,0,0,0,0
DraculaUntold,6.2,0,0,0,0,0,0,0,0,0,0,0,1,0,0,0,0,0,0,0,0
TheSiege,6.0,0,0,0,0,0,0,1,0,0,0,0,0,0,0,0,0,0,0,0,0
Stardust,7.1,0,1,0,0,0,0,0,0,0,0,0,0,0,0,0,0,0,0,0,0
SevenYearsinTibet,7.0,0,1,0,0,0,0,0,0,0,0,0,0,0,0,0,0,0,0,0,0
TheDilemma,5.2,0,0,0,1,0,0,0,0,0,0,0,0,0,0,0,0,0,0,0,0
BadCompany,5.4,1,0,0,0,0,0,0,0,0,0,0,0,0,0,0,0,0,0,0,0
Doom,5.0,0,1,0,0,0,0,0,0,0,0,0,0,0,0,0,0,0,0,0,0
ISpy,5.2,1,0,0,0,0,0,0,0,0,0,0,0,0,0,0,0,0,0,0,0
UnderworldAwakening,6.1,0,0,0,0,0,0,0,0,1,0,0,0,0,0,0,0,0,0,0,0
RockofAges,6.0,0,0,0,1,0,0,0,0,0,0,0,0,0,0,0,0,0,0,0,0
HartsWar,5.9,0,0,0,0,0,0,1,0,0,0,0,0,0,0,0,0,0,0,0,0
KillerElite,6.1,1,0,0,0,0,0,0,0,0,0,0,0,0,0,0,0,0,0,0,0
Rollerball,3.4,1,0,0,0,0,0,0,0,0,0,0,0,0,0,0,0,0,0,0,0
BallisticEcksvsSever,4.3,1,0,0,0,0,0,0,0,0,0,0,0,0,0,0,0,0,0,0,0
HardRain,5.5,0,0,0,0,0,0,0,0,0,0,0,0,0,0,0,0,0,1,0,0
OsmosisJones,5.9,0,1,0,0,0,0,0,0,0,0,0,0,0,0,0,0,0,0,0,0
LegendsofOzDorothysReturn,5.9,0,0,1,0,0,0,0,0,0,0,0,0,0,0,0,0,0,0,0,0
Blackhat,5.1,0,0,0,0,1,0,0,0,0,0,0,0,0,0,0,0,0,0,0,0
SkyCaptainandtheWorldofTomorrow,5.7,0,0,0,0,0,0,0,0,0,0,0,0,0,1,0,0,0,0,0,0
BasicInstinct2,4.6,0,0,0,0,1,0,0,0,0,0,0,0,0,0,0,0,0,0,0,0
EscapePlan,6.7,1,0,0,0,0,0,0,0,0,0,0,0,0,0,0,0,0,0,0,0
TheLegendofHercules,4.4,1,0,0,0,0,0,0,0,0,0,0,0,0,0,0,0,0,0,0,0
TheSumofAllFears,5.9,0,0,0,0,0,0,0,0,0,0,0,0,0,0,0,0,0,1,0,0
TheTwilightSagaEclipse,5.8,0,1,0,0,0,0,0,0,0,0,0,0,0,0,0,0,0,0,0,0
TheScore,6.7,1,0,0,0,0,0,0,0,0,0,0,0,0,0,0,0,0,0,0,0
DespicableMe,7.1,0,0,1,0,0,0,0,0,0,0,0,0,0,0,0,0,0,0,0,0
MoneyTrain,5.4,1,0,0,0,0,0,0,0,0,0,0,0,0,0,0,0,0,0,0,0
Ted2,6.2,0,0,0,1,0,0,0,0,0,0,0,0,0,0,0,0,0,0,0,0
Agora,6.9,0,1,0,0,0,0,0,0,0,0,0,0,0,0,0,0,0,0,0,0
MysteryMen,5.7,0,1,0,0,0,0,0,0,0,0,0,0,0,0,0,0,0,0,0,0
HallPass,5.4,0,0,0,1,0,0,0,0,0,0,0,0,0,0,0,0,0,0,0,0
TheInsider,7.3,0,0,0,0,0,0,1,0,0,0,0,0,0,0,0,0,0,0,0,0
TheFinestHours,6.3,1,0,0,0,0,0,0,0,0,0,0,0,0,0,0,0,0,0,0,0
BodyofLies,6.5,1,0,0,0,0,0,0,0,0,0,0,0,0,0,0,0,0,0,0,0
DinnerforSchmucks,5.5,0,0,0,1,0,0,0,0,0,0,0,0,0,0,0,0,0,0,0,0
AbrahamLincolnVampireHunter,5.5,1,0,0,0,0,0,0,0,0,0,0,0,0,0,0,0,0,0,0,0
Entrapment,6.0,0,0,0,0,0,0,0,0,0,0,0,0,0,0,1,0,0,0,0,0
TheXFiles,6.6,0,0,0,0,0,0,0,0,0,0,0,0,0,1,0,0,0,0,0,0
TheLastLegion,5.0,1,0,0,0,0,0,0,0,0,0,0,0,0,0,0,0,0,0,0,0
SavingPrivateRyan,7.9,0,0,0,0,0,0,1,0,0,0,0,0,0,0,0,0,0,0,0,0
NeedforSpeed,6.1,1,0,0,0,0,0,0,0,0,0,0,0,0,0,0,0,0,0,0,0
WhatWomenWant,6.1,0,0,0,1,0,0,0,0,0,0,0,0,0,0,0,0,0,0,0,0
IceAge,7.1,0,0,1,0,0,0,0,0,0,0,0,0,0,0,0,0,0,0,0,0
Dreamcatcher,5.3,0,0,0,0,0,0,1,0,0,0,0,0,0,0,0,0,0,0,0,0
Lincoln,6.7,0,0,0,0,0,0,0,0,0,0,1,0,0,0,0,0,0,0,0,0
TheMatrix,7.9,1,0,0,0,0,0,0,0,0,0,0,0,0,0,0,0,0,0,0,0
Apollo13,7.3,0,0,0,0,0,0,1,0,0,0,0,0,0,0,0,0,0,0,0,0
TheSantaClause2,5.5,0,0,0,0,0,0,0,0,1,0,0,0,0,0,0,0,0,0,0,0
LesMisérables,7.1,0,0,0,0,0,0,1,0,0,0,0,0,0,0,0,0,0,0,0,0
YouveGotMail,6.3,0,0,0,1,0,0,0,0,0,0,0,0,0,0,0,0,0,0,0,0
StepBrothers,6.5,0,0,0,1,0,0,0,0,0,0,0,0,0,0,0,0,0,0,0,0
TheMaskofZorro,6.3,1,0,0,0,0,0,0,0,0,0,0,0,0,0,0,0,0,0,0,0
DueDate,6.2,0,0,0,1,0,0,0,0,0,0,0,0,0,0,0,0,0,0,0,0
Unbroken,7.3,0,0,0,0,0,0,1,0,0,0,0,0,0,0,0,0,0,0,0,0
SpaceCowboys,6.3,1,0,0,0,0,0,0,0,0,0,0,0,0,0,0,0,0,0,0,0
Cliffhanger,6.1,1,0,0,0,0,0,0,0,0,0,0,0,0,0,0,0,0,0,0,0
BrokenArrow,5.7,1,0,0,0,0,0,0,0,0,0,0,0,0,0,0,0,0,0,0,0
TheKid,6.0,0,0,0,0,0,0,0,0,1,0,0,0,0,0,0,0,0,0,0,0
WorldTradeCenter,5.9,0,0,0,0,0,0,1,0,0,0,0,0,0,0,0,0,0,0,0,0
MonaLisaSmile,6.5,0,0,0,0,0,0,1,0,0,0,0,0,0,0,0,0,0,0,0,0
TheDictator,5.9,0,0,0,1,0,0,0,0,0,0,0,0,0,0,0,0,0,0,0,0
EyesWideShut,7.1,0,0,0,0,0,0,0,0,0,0,0,0,0,1,0,0,0,0,0,0
Annie,6.0,0,0,0,1,0,0,0,0,0,0,0,0,0,0,0,0,0,0,0,0
Focus,6.7,0,0,0,0,0,0,0,0,0,0,0,0,0,0,1,0,0,0,0,0
ThisMeansWar,5.9,1,0,0,0,0,0,0,0,0,0,0,0,0,0,0,0,0,0,0,0
BladeTrinity,5.7,0,0,0,0,0,0,0,0,0,0,0,0,0,0,0,1,0,0,0,0
RedDawn,6.4,1,0,0,0,0,0,0,0,0,0,0,0,0,0,0,0,0,0,0,0
PrimaryColors,6.1,0,0,0,1,0,0,0,0,0,0,0,0,0,0,0,0,0,0,0,0
ResidentEvilRetribution,5.6,1,0,0,0,0,0,0,0,0,0,0,0,0,0,0,0,0,0,0,0
DeathRace,6.0,1,0,0,0,0,0,0,0,0,0,0,0,0,0,0,0,0,0,0,0
TheLongKissGoodnight,6.5,0,0,0,0,1,0,0,0,0,0,0,0,0,0,0,0,0,0,0,0
ProofofLife,6.0,1,0,0,0,0,0,0,0,0,0,0,0,0,0,0,0,0,0,0,0
ZathuraASpaceAdventure,6.1,0,0,0,0,0,0,0,1,0,0,0,0,0,0,0,0,0,0,0,0
FightClub,8.3,0,0,0,0,0,0,1,0,0,0,0,0,0,0,0,0,0,0,0,0
WeAreMarshall,6.7,0,0,0,0,0,0,1,0,0,0,0,0,0,0,0,0,0,0,0,0
HudsonHawk,5.4,1,0,0,0,0,0,0,0,0,0,0,0,0,0,0,0,0,0,0,0
LuckyNumbers,4.9,1,0,0,0,0,0,0,0,0,0,0,0,0,0,0,0,0,0,0,0
IFrankenstein,5.0,0,0,0,0,0,0,0,0,0,0,0,1,0,0,0,0,0,0,0,0
OliverTwist,6.7,0,0,0,0,1,0,0,0,0,0,0,0,0,0,0,0,0,0,0,0
Elektra,4.8,1,0,0,0,0,0,0,0,0,0,0,0,0,0,0,0,0,0,0,0
SinCityADametoKillFor,6.3,0,0,0,0,1,0,0,0,0,0,0,0,0,0,0,0,0,0,0,0
RandomHearts,5.3,0,0,0,0,0,0,1,0,0,0,0,0,0,0,0,0,0,0,0,0
Everest,6.7,0,1,0,0,0,0,0,0,0,0,0,0,0,0,0,0,0,0,0,0
PerfumeTheStoryofaMurderer,7.1,0,0,0,0,1,0,0,0,0,0,0,0,0,0,0,0,0,0,0,0
AustinPowersinGoldmember,5.9,0,0,0,1,0,0,0,0,0,0,0,0,0,0,0,0,0,0,0,0
AstroBoy,6.1,0,0,1,0,0,0,0,0,0,0,0,0,0,0,0,0,0,0,0,0
JurassicPark,7.6,0,1,0,0,0,0,0,0,0,0,0,0,0,0,0,0,0,0,0,0
WyattEarp,6.5,0,0,0,0,0,0,1,0,0,0,0,0,0,0,0,0,0,0,0,0
ClearandPresentDanger,6.4,1,0,0,0,0,0,0,0,0,0,0,0,0,0,0,0,0,0,0,0
DragonBlade,5.9,1,0,0,0,0,0,0,0,0,0,0,0,0,0,0,0,0,0,0,0
LittleMan,5.3,0,0,0,1,0,0,0,0,0,0,0,0,0,0,0,0,0,0,0,0
U571,6.1,1,0,0,0,0,0,0,0,0,0,0,0,0,0,0,0,0,0,0,0
TheAmericanPresident,6.5,0,0,0,1,0,0,0,0,0,0,0,0,0,0,0,0,0,0,0,0
TheLoveGuru,4.3,0,0,0,1,0,0,0,0,0,0,0,0,0,0,0,0,0,0,0,0
3000MilestoGraceland,5.8,1,0,0,0,0,0,0,0,0,0,0,0,0,0,0,0,0,0,0,0
TheHatefulEight,7.6,0,0,0,0,1,0,0,0,0,0,0,0,0,0,0,0,0,0,0,0
BladesofGlory,5.9,1,0,0,0,0,0,0,0,0,0,0,0,0,0,0,0,0,0,0,0
Hop,5.5,0,0,1,0,0,0,0,0,0,0,0,0,0,0,0,0,0,0,0,0
300,7.0,1,0,0,0,0,0,0,0,0,0,0,0,0,0,0,0,0,0,0,0
MeettheFockers,6.1,0,0,0,1,0,0,0,0,0,0,0,0,0,0,0,0,0,0,0,0
MarleyMe,6.9,0,0,0,1,0,0,0,0,0,0,0,0,0,0,0,0,0,0,0,0
TheGreenMile,8.2,0,0,0,0,0,0,0,0,1,0,0,0,0,0,0,0,0,0,0,0
WildHogs,5.6,1,0,0,0,0,0,0,0,0,0,0,0,0,0,0,0,0,0,0,0
ChickenLittle,5.6,0,0,1,0,0,0,0,0,0,0,0,0,0,0,0,0,0,0,0,0
GoneGirl,7.9,0,0,0,0,0,0,0,0,0,0,0,0,0,1,0,0,0,0,0,0
TheBourneIdentity,7.3,1,0,0,0,0,0,0,0,0,0,0,0,0,0,0,0,0,0,0,0
GoldenEye,6.6,0,1,0,0,0,0,0,0,0,0,0,0,0,0,0,0,0,0,0,0
TheGeneralsDaughter,6.1,0,0,0,0,1,0,0,0,0,0,0,0,0,0,0,0,0,0,0,0
TheTrumanShow,7.8,0,0,0,1,0,0,0,0,0,0,0,0,0,0,0,0,0,0,0,0
ThePrinceofEgypt,6.8,0,1,0,0,0,0,0,0,0,0,0,0,0,0,0,0,0,0,0,0
DaddyDayCare,5.6,0,0,0,1,0,0,0,0,0,0,0,0,0,0,0,0,0,0,0,0
2Guns,6.6,1,0,0,0,0,0,0,0,0,0,0,0,0,0,0,0,0,0,0,0
CatsDogs,5.0,0,0,0,1,0,0,0,0,0,0,0,0,0,0,0,0,0,0,0,0
TheItalianJob,6.6,1,0,0,0,0,0,0,0,0,0,0,0,0,0,0,0,0,0,0,0
TwoWeeksNotice,5.9,0,0,0,0,0,0,0,0,0,0,0,0,0,0,1,0,0,0,0,0
Antz,6.0,0,1,0,0,0,0,0,0,0,0,0,0,0,0,0,0,0,0,0,0
CouplesRetreat,5.3,0,0,0,1,0,0,0,0,0,0,0,0,0,0,0,0,0,0,0,0
DaysofThunder,5.9,0,1,0,0,0,0,0,0,0,0,0,0,0,0,0,0,0,0,0,0
CheaperbytheDozen2,5.7,0,0,0,1,0,0,0,0,0,0,0,0,0,0,0,0,0,0,0,0
MazeRunnerTheScorchTrials,6.4,1,0,0,0,0,0,0,0,0,0,0,0,0,0,0,0,0,0,0,0
EatPrayLove,5.8,0,0,0,0,0,0,1,0,0,0,0,0,0,0,0,0,0,0,0,0
TheFamilyMan,6.5,0,0,0,1,0,0,0,0,0,0,0,0,0,0,0,0,0,0,0,0
RED,6.6,1,0,0,0,0,0,0,0,0,0,0,0,0,0,0,0,0,0,0,0
AnyGivenSunday,6.8,0,0,0,0,0,0,1,0,0,0,0,0,0,0,0,0,0,0,0,0
TheHorseWhisperer,6.7,0,0,0,0,0,0,1,0,0,0,0,0,0,0,0,0,0,0,0,0
Collateral,7.0,0,0,0,0,0,0,1,0,0,0,0,0,0,0,0,0,0,0,0,0
TheScorpionKing,5.3,1,0,0,0,0,0,0,0,0,0,0,0,0,0,0,0,0,0,0,0
Ladder49,6.2,0,0,0,0,0,0,1,0,0,0,0,0,0,0,0,0,0,0,0,0
JackReacher,6.3,0,0,0,0,1,0,0,0,0,0,0,0,0,0,0,0,0,0,0,0
DeepBlueSea,5.6,1,0,0,0,0,0,0,0,0,0,0,0,0,0,0,0,0,0,0,0
ThisIsIt,6.7,0,0,0,0,0,0,0,0,0,0,0,0,1,0,0,0,0,0,0,0
Contagion,6.2,0,0,0,0,0,0,1,0,0,0,0,0,0,0,0,0,0,0,0,0
KangarooJack,4.3,0,0,0,1,0,0,0,0,0,0,0,0,0,0,0,0,0,0,0,0
Coraline,7.3,0,0,1,0,0,0,0,0,0,0,0,0,0,0,0,0,0,0,0,0
TheHappening,4.9,0,0,0,0,0,0,0,0,0,0,0,0,0,0,0,0,0,1,0,0
ManonFire,7.3,1,0,0,0,0,0,0,0,0,0,0,0,0,0,0,0,0,0,0,0
TheShaggyDog,4.5,0,0,0,1,0,0,0,0,0,0,0,0,0,0,0,0,0,0,0,0
StarskyHutch,5.6,0,0,0,1,0,0,0,0,0,0,0,0,0,0,0,0,0,0,0,0
JingleAlltheWay,5.5,0,0,0,0,0,0,0,1,0,0,0,0,0,0,0,0,0,0,0,0
Hellboy,6.5,0,0,0,0,0,0,0,0,1,0,0,0,0,0,0,0,0,0,0,0
ACivilAction,6.1,0,0,0,0,0,0,1,0,0,0,0,0,0,0,0,0,0,0,0,0
ParaNorman,6.7,0,0,0,0,0,0,0,1,0,0,0,0,0,0,0,0,0,0,0,0
TheJackal,6.1,1,0,0,0,0,0,0,0,0,0,0,0,0,0,0,0,0,0,0,0
Paycheck,5.9,1,0,0,0,0,0,0,0,0,0,0,0,0,0,0,0,0,0,0,0
UpClosePersonal,5.9,0,0,0,0,0,0,1,0,0,0,0,0,0,0,0,0,0,0,0,0
TheTaleofDespereaux,5.8,0,1,0,0,0,0,0,0,0,0,0,0,0,0,0,0,0,0,0,0
TheTuxedo,5.3,0,0,0,0,0,0,0,0,0,0,0,0,0,0,0,0,0,1,0,0
UnderSiege2DarkTerritory,5.6,1,0,0,0,0,0,0,0,0,0,0,0,0,0,0,0,0,0,0,0
JackRyanShadowRecruit,5.9,1,0,0,0,0,0,0,0,0,0,0,0,0,0,0,0,0,0,0,0
Joy,6.4,0,0,0,0,0,0,1,0,0,0,0,0,0,0,0,0,0,0,0,0
LondonHasFallen,5.8,1,0,0,0,0,0,0,0,0,0,0,0,0,0,0,0,0,0,0,0
AlienResurrection,5.9,0,0,0,0,0,0,0,0,0,0,0,0,0,0,0,1,0,0,0,0
Shooter,6.9,1,0,0,0,0,0,0,0,0,0,0,0,0,0,0,0,0,0,0,0
TheBoxtrolls,6.6,0,0,1,0,0,0,0,0,0,0,0,0,0,0,0,0,0,0,0,0
PracticalMagic,6.3,0,0,0,0,0,0,1,0,0,0,0,0,0,0,0,0,0,0,0,0
TheLegoMovie,7.5,0,1,0,0,0,0,0,0,0,0,0,0,0,0,0,0,0,0,0,0
MissCongeniality2ArmedandFabulous,5.3,1,0,0,0,0,0,0,0,0,0,0,0,0,0,0,0,0,0,0,0
ReignofFire,6.0,0,1,0,0,0,0,0,0,0,0,0,0,0,0,0,0,0,0,0,0
GangsterSquad,6.2,0,0,0,0,1,0,0,0,0,0,0,0,0,0,0,0,0,0,0,0
YearOne,4.6,0,0,0,1,0,0,0,0,0,0,0,0,0,0,0,0,0,0,0,0
Invictus,7.0,0,0,0,0,0,0,1,0,0,0,0,0,0,0,0,0,0,0,0,0
StateofPlay,6.7,1,0,0,0,0,0,0,0,0,0,0,0,0,0,0,0,0,0,0,0
Duplicity,5.7,0,0,0,0,0,0,0,0,0,0,0,0,0,0,1,0,0,0,0,0
MyFavoriteMartian,5.1,0,0,0,1,0,0,0,0,0,0,0,0,0,0,0,0,0,0,0,0
TheSentinel,5.8,1,0,0,0,0,0,0,0,0,0,0,0,0,0,0,0,0,0,0,0
Planet51,5.6,0,0,0,0,0,0,0,0,0,0,0,0,0,0,0,1,0,0,0,0
StarTrekNemesis,6.1,0,0,0,0,0,0,0,0,0,0,0,0,0,0,0,1,0,0,0,0
IntolerableCruelty,5.8,0,0,0,0,1,0,0,0,0,0,0,0,0,0,0,0,0,0,0,0
TroublewiththeCurve,6.6,0,0,0,0,0,0,1,0,0,0,0,0,0,0,0,0,0,0,0,0
EdgeofDarkness,6.2,0,0,0,0,1,0,0,0,0,0,0,0,0,0,0,0,0,0,0,0
TheRelic,5.8,0,0,0,0,0,0,0,0,0,0,0,1,0,0,0,0,0,0,0,0
AnalyzeThat,5.7,0,0,0,1,0,0,0,0,0,0,0,0,0,0,0,0,0,0,0,0
RighteousKill,5.9,1,0,0,0,0,0,0,0,0,0,0,0,0,0,0,0,0,0,0,0
MercuryRising,6.0,1,0,0,0,0,0,0,0,0,0,0,0,0,0,0,0,0,0,0,0
TheSoloist,6.6,0,0,0,0,0,0,1,0,0,0,0,0,0,0,0,0,0,0,0,0
TheLegendofBaggerVance,6.3,0,0,0,0,0,0,0,0,1,0,0,0,0,0,0,0,0,0,0,0
AlmostFamous,7.4,0,0,0,0,0,0,1,0,0,0,0,0,0,0,0,0,0,0,0,0
GarfieldATailofTwoKitties,5.1,0,0,1,0,0,0,0,0,0,0,0,0,0,0,0,0,0,0,0,0
xXxStateoftheUnion,4.7,1,0,0,0,0,0,0,0,0,0,0,0,0,0,0,0,0,0,0,0
Priest,5.4,1,0,0,0,0,0,0,0,0,0,0,0,0,0,0,0,0,0,0,0
SinbadLegendoftheSevenSeas,6.6,0,0,0,0,0,0,0,1,0,0,0,0,0,0,0,0,0,0,0,0
EventHorizon,6.5,0,0,0,0,0,0,0,0,0,0,0,1,0,0,0,0,0,0,0,0
Dragonfly,6.1,0,0,0,0,0,0,1,0,0,0,0,0,0,0,0,0,0,0,0,0
TheBlackDahlia,5.7,0,0,0,0,0,0,1,0,0,0,0,0,0,0,0,0,0,0,0,0
Flyboys,6.3,1,0,0,0,0,0,0,0,0,0,0,0,0,0,0,0,0,0,0,0
TheLastCastle,7.0,1,0,0,0,0,0,0,0,0,0,0,0,0,0,0,0,0,0,0,0
Supernova,4.9,0,0,0,0,0,0,0,0,0,0,0,1,0,0,0,0,0,0,0,0
WintersTale,6.0,0,0,0,0,0,0,1,0,0,0,0,0,0,0,0,0,0,0,0,0
TheMortalInstrumentsCityofBones,6.2,1,0,0,0,0,0,0,0,0,0,0,0,0,0,0,0,0,0,0,0
MeetDave,5.0,0,0,0,1,0,0,0,0,0,0,0,0,0,0,0,0,0,0,0,0
DarkWater,5.3,0,0,0,0,0,0,1,0,0,0,0,0,0,0,0,0,0,0,0,0
Edtv,5.7,0,0,0,1,0,0,0,0,0,0,0,0,0,0,0,0,0,0,0,0
Inkheart,6.0,0,1,0,0,0,0,0,0,0,0,0,0,0,0,0,0,0,0,0,0
TheSpirit,4.7,1,0,0,0,0,0,0,0,0,0,0,0,0,0,0,0,0,0,0,0
Mortdecai,5.4,0,0,0,1,0,0,0,0,0,0,0,0,0,0,0,0,0,0,0,0
IntheNameoftheKingADungeonSiegeTale,4.1,0,1,0,0,0,0,0,0,0,0,0,0,0,0,0,0,0,0,0,0
BeyondBorders,6.7,0,0,0,0,0,0,1,0,0,0,0,0,0,0,0,0,0,0,0,0
TheMonkeyKing2,6.0,1,0,0,0,0,0,0,0,0,0,0,0,0,0,0,0,0,0,0,0
TheGreatRaid,6.8,1,0,0,0,0,0,0,0,0,0,0,0,0,0,0,0,0,0,0,0
Deadpool,7.4,1,0,0,0,0,0,0,0,0,0,0,0,0,0,0,0,0,0,0,0
HolyMan,4.9,0,0,0,0,0,0,1,0,0,0,0,0,0,0,0,0,0,0,0,0
AmericanSniper,7.4,0,0,0,0,0,0,0,0,0,0,0,0,0,0,0,0,0,0,1,0
Goosebumps,6.2,0,1,0,0,0,0,0,0,0,0,0,0,0,0,0,0,0,0,0,0
JustLikeHeaven,6.5,0,0,0,1,0,0,0,0,0,0,0,0,0,0,0,0,0,0,0,0
TheFlintstonesinVivaRockVegas,4.4,0,0,0,0,0,0,0,0,0,0,0,0,0,0,0,1,0,0,0,0
RamboIII,5.7,1,0,0,0,0,0,0,0,0,0,0,0,0,0,0,0,0,0,0,0
Leatherheads,5.7,0,0,0,1,0,0,0,0,0,0,0,0,0,0,0,0,0,0,0,0
TheRidiculous6,4.9,0,0,0,1,0,0,0,0,0,0,0,0,0,0,0,0,0,0,0,0
DidYouHearAbouttheMorgans,5.1,0,0,0,1,0,0,0,0,0,0,0,0,0,0,0,0,0,0,0,0
TheInternship,6.1,0,0,0,1,0,0,0,0,0,0,0,0,0,0,0,0,0,0,0,0
ResidentEvilAfterlife,5.8,1,0,0,0,0,0,0,0,0,0,0,0,0,0,0,0,0,0,0,0
RedTails,5.9,0,0,0,0,0,0,1,0,0,0,0,0,0,0,0,0,0,0,0,0
TheDevilsAdvocate,7.2,0,0,0,0,0,0,1,0,0,0,0,0,0,0,0,0,0,0,0,0
ThatsMyBoy,5.5,0,0,0,1,0,0,0,0,0,0,0,0,0,0,0,0,0,0,0,0
DragonHeart,6.4,0,0,0,0,0,0,0,0,1,0,0,0,0,0,0,0,0,0,0,0
AftertheSunset,6.0,1,0,0,0,0,0,0,0,0,0,0,0,0,0,0,0,0,0,0,0
GhostRiderSpiritofVengeance,4.7,1,0,0,0,0,0,0,0,0,0,0,0,0,0,0,0,0,0,0,0
CaptainCorellisMandolin,5.5,0,0,0,0,0,0,1,0,0,0,0,0,0,0,0,0,0,0,0,0
ThePacifier,5.8,1,0,0,0,0,0,0,0,0,0,0,0,0,0,0,0,0,0,0,0
WalkingTall,6.0,0,1,0,0,0,0,0,0,0,0,0,0,0,0,0,0,0,0,0,0
ForrestGump,8.2,0,0,0,1,0,0,0,0,0,0,0,0,0,0,0,0,0,0,0,0
AlvinandtheChipmunks,5.5,0,0,0,1,0,0,0,0,0,0,0,0,0,0,0,0,0,0,0,0
MeettheParents,6.6,0,0,0,1,0,0,0,0,0,0,0,0,0,0,0,0,0,0,0,0
Pocahontas,6.7,0,1,0,0,0,0,0,0,0,0,0,0,0,0,0,0,0,0,0,0
Superman,6.9,1,0,0,0,0,0,0,0,0,0,0,0,0,0,0,0,0,0,0,0
TheNuttyProfessor,5.4,0,0,0,0,0,0,0,0,1,0,0,0,0,0,0,0,0,0,0,0
Hitch,6.4,0,0,0,1,0,0,0,0,0,0,0,0,0,0,0,0,0,0,0,0
GeorgeoftheJungle,5.4,0,1,0,0,0,0,0,0,0,0,0,0,0,0,0,0,0,0,0,0
AmericanWedding,6.0,0,0,0,1,0,0,0,0,0,0,0,0,0,0,0,0,0,0,0,0
CaptainPhillips,7.6,1,0,0,0,0,0,0,0,0,0,0,0,0,0,0,0,0,0,0,0
DateNight,5.9,0,0,0,1,0,0,0,0,0,0,0,0,0,0,0,0,0,0,0,0
Casper,6.0,0,0,0,0,0,0,0,0,1,0,0,0,0,0,0,0,0,0,0,0
TheEqualizer,7.1,0,0,0,0,0,0,0,0,0,0,0,0,0,0,0,0,0,1,0,0
MaidinManhattan,5.6,0,0,0,1,0,0,0,0,0,0,0,0,0,0,0,0,0,0,0,0
CrimsonTide,7.0,1,0,0,0,0,0,0,0,0,0,0,0,0,0,0,0,0,0,0,0
ThePursuitofHappyness,7.7,0,0,0,0,0,0,1,0,0,0,0,0,0,0,0,0,0,0,0,0
Flightplan,6.1,0,0,0,0,0,0,0,0,0,0,0,0,0,0,0,0,0,1,0,0
Disclosure,5.9,0,0,0,0,0,0,1,0,0,0,0,0,0,0,0,0,0,0,0,0
CityofAngels,6.4,0,0,0,0,0,0,1,0,0,0,0,0,0,0,0,0,0,0,0,0
KillBillVol1,7.7,1,0,0,0,0,0,0,0,0,0,0,0,0,0,0,0,0,0,0,0
Bowfinger,6.0,0,0,0,1,0,0,0,0,0,0,0,0,0,0,0,0,0,0,0,0
KillBillVol2,7.6,1,0,0,0,0,0,0,0,0,0,0,0,0,0,0,0,0,0,0,0
TangoCash,6.1,1,0,0,0,0,0,0,0,0,0,0,0,0,0,0,0,0,0,0,0
DeathBecomesHer,6.3,0,0,0,0,0,0,0,0,1,0,0,0,0,0,0,0,0,0,0,0
ShanghaiNoon,6.2,0,1,0,0,0,0,0,0,0,0,0,0,0,0,0,0,0,0,0,0
ExecutiveDecision,5.8,1,0,0,0,0,0,0,0,0,0,0,0,0,0,0,0,0,0,0,0
MrPoppersPenguins,5.7,0,0,0,1,0,0,0,0,0,0,0,0,0,0,0,0,0,0,0,0
TheForbiddenKingdom,6.3,1,0,0,0,0,0,0,0,0,0,0,0,0,0,0,0,0,0,0,0
FreeBirds,5.7,0,0,1,0,0,0,0,0,0,0,0,0,0,0,0,0,0,0,0,0
Alien³,6.2,0,0,0,0,0,0,0,0,0,0,0,0,0,0,0,1,0,0,0,0
Evita,5.9,0,0,0,0,0,0,0,0,0,0,1,0,0,0,0,0,0,0,0,0
Ronin,6.7,1,0,0,0,0,0,0,0,0,0,0,0,0,0,0,0,0,0,0,0
TheGhostandtheDarkness,6.4,0,1,0,0,0,0,0,0,0,0,0,0,0,0,0,0,0,0,0,0
Paddington,7.0,0,0,0,0,0,0,0,1,0,0,0,0,0,0,0,0,0,0,0,0
TheWatch,5.3,0,0,0,1,0,0,0,0,0,0,0,0,0,0,0,0,0,0,0,0
TheHunted,6.0,0,0,0,0,0,0,1,0,0,0,0,0,0,0,0,0,0,0,0,0
Instinct,6.2,0,0,0,0,0,0,1,0,0,0,0,0,0,0,0,0,0,0,0,0
StuckonYou,5.1,0,0,0,1,0,0,0,0,0,0,0,0,0,0,0,0,0,0,0,0
SemiPro,5.4,0,0,0,1,0,0,0,0,0,0,0,0,0,0,0,0,0,0,0,0
ThePiratesInanAdventurewithScientists,6.4,0,0,1,0,0,0,0,0,0,0,0,0,0,0,0,0,0,0,0,0
Changeling,7.3,0,0,0,0,1,0,0,0,0,0,0,0,0,0,0,0,0,0,0,0
ChainReaction,5.3,1,0,0,0,0,0,0,0,0,0,0,0,0,0,0,0,0,0,0,0
TheFan,5.7,0,0,0,0,0,0,1,0,0,0,0,0,0,0,0,0,0,0,0,0
ThePhantomoftheOpera,7.0,0,0,0,0,0,0,0,0,0,0,0,0,0,0,0,0,0,1,0,0
ElizabethTheGoldenAge,6.6,0,0,0,0,0,0,1,0,0,0,0,0,0,0,0,0,0,0,0,0
ÆonFlux,5.4,1,0,0,0,0,0,0,0,0,0,0,0,0,0,0,0,0,0,0,0
GodsandGenerals,6.1,0,0,0,0,0,0,1,0,0,0,0,0,0,0,0,0,0,0,0,0
Turbulence,5.2,1,0,0,0,0,0,0,0,0,0,0,0,0,0,0,0,0,0,0,0
ImagineThat,5.7,0,0,0,1,0,0,0,0,0,0,0,0,0,0,0,0,0,0,0,0
MuppetsMostWanted,6.2,0,0,0,1,0,0,0,0,0,0,0,0,0,0,0,0,0,0,0,0
Thunderbirds,4.2,1,0,0,0,0,0,0,0,0,0,0,0,0,0,0,0,0,0,0,0
Burlesque,6.9,0,0,0,0,0,0,1,0,0,0,0,0,0,0,0,0,0,0,0,0
AVeryLongEngagement,7.1,0,0,0,0,0,0,1,0,0,0,0,0,0,0,0,0,0,0,0,0
Lolita,7.3,0,0,0,0,0,0,1,0,0,0,0,0,0,0,0,0,0,0,0,0
DTox,5.3,1,0,0,0,0,0,0,0,0,0,0,0,0,0,0,0,0,0,0,0
BladeII,6.2,0,0,0,0,0,0,0,0,1,0,0,0,0,0,0,0,0,0,0,0
SevenPounds,7.5,0,0,0,0,0,0,1,0,0,0,0,0,0,0,0,0,0,0,0,0
BullettotheHead,5.2,1,0,0,0,0,0,0,0,0,0,0,0,0,0,0,0,0,0,0,0
TheGodfatherPartIII,7.1,0,0,0,0,1,0,0,0,0,0,0,0,0,0,0,0,0,0,0,0
Elizabethtown,6.1,0,0,0,1,0,0,0,0,0,0,0,0,0,0,0,0,0,0,0,0
YouMeandDupree,5.4,0,0,0,1,0,0,0,0,0,0,0,0,0,0,0,0,0,0,0,0
SupermanII,6.5,1,0,0,0,0,0,0,0,0,0,0,0,0,0,0,0,0,0,0,0
Gigli,3.5,0,0,0,0,0,0,1,0,0,0,0,0,0,0,0,0,0,0,0,0
AlltheKingsMen,5.7,0,0,0,0,0,0,1,0,0,0,0,0,0,0,0,0,0,0,0,0
Shaft,5.5,1,0,0,0,0,0,0,0,0,0,0,0,0,0,0,0,0,0,0,0
Anastasia,7.4,0,0,1,0,0,0,0,0,0,0,0,0,0,0,0,0,0,0,0,0
MoulinRouge,7.4,0,0,0,0,0,0,1,0,0,0,0,0,0,0,0,0,0,0,0,0
DomesticDisturbance,5.4,0,0,0,0,0,0,0,0,0,0,0,0,0,1,0,0,0,0,0,0
BlackMass,6.3,0,0,0,0,1,0,0,0,0,0,0,0,0,0,0,0,0,0,0,0
FlagsofOurFathers,6.7,0,0,0,0,0,0,0,0,0,0,0,0,0,0,0,0,0,0,1,0
LawAbidingCitizen,7.2,0,0,0,0,0,0,1,0,0,0,0,0,0,0,0,0,0,0,0,0
Grindhouse,6.8,0,0,0,0,0,0,0,0,0,0,0,0,0,0,0,0,0,1,0,0
Beloved,5.9,0,0,0,0,0,0,1,0,0,0,0,0,0,0,0,0,0,0,0,0
LuckyYou,5.4,0,0,0,0,0,0,1,0,0,0,0,0,0,0,0,0,0,0,0,0
CatchMeIfYouCan,7.7,0,0,0,0,0,0,1,0,0,0,0,0,0,0,0,0,0,0,0,0
ZeroDarkThirty,6.7,0,0,0,0,0,0,0,0,0,0,0,0,0,0,0,0,0,1,0,0
TheBreakUp,5.6,0,0,0,0,0,0,0,0,0,0,0,0,0,0,1,0,0,0,0,0
MammaMia,6.4,0,0,0,1,0,0,0,0,0,0,0,0,0,0,0,0,0,0,0,0
ValentinesDay,5.7,0,0,0,1,0,0,0,0,0,0,0,0,0,0,0,0,0,0,0,0
TheDukesofHazzard,5.1,1,0,0,0,0,0,0,0,0,0,0,0,0,0,0,0,0,0,0,0
TheThinRedLine,7.2,0,0,0,0,0,0,1,0,0,0,0,0,0,0,0,0,0,0,0,0
TheChangeUp,5.9,0,0,0,1,0,0,0,0,0,0,0,0,0,0,0,0,0,0,0,0
ManontheMoon,6.9,0,0,0,1,0,0,0,0,0,0,0,0,0,0,0,0,0,0,0,0
Casino,7.8,0,0,0,0,0,0,1,0,0,0,0,0,0,0,0,0,0,0,0,0
FromPariswithLove,6.1,1,0,0,0,0,0,0,0,0,0,0,0,0,0,0,0,0,0,0,0
BulletproofMonk,5.1,1,0,0,0,0,0,0,0,0,0,0,0,0,0,0,0,0,0,0,0
MeMyselfIrene,6.1,0,0,0,1,0,0,0,0,0,0,0,0,0,0,0,0,0,0,0,0
Barnyard,5.3,0,0,1,0,0,0,0,0,0,0,0,0,0,0,0,0,0,0,0,0
DecktheHalls,5.1,0,0,0,1,0,0,0,0,0,0,0,0,0,0,0,0,0,0,0,0
TheTwilightSagaNewMoon,5.6,0,1,0,0,0,0,0,0,0,0,0,0,0,0,0,0,0,0,0,0
Shrek,7.3,0,1,0,0,0,0,0,0,0,0,0,0,0,0,0,0,0,0,0,0
TheAdjustmentBureau,6.5,0,0,0,0,0,0,0,0,0,0,0,0,0,0,0,1,0,0,0,0
RobinHoodPrinceofThieves,6.6,0,1,0,0,0,0,0,0,0,0,0,0,0,0,0,0,0,0,0,0
JerryMaguire,6.7,0,0,0,1,0,0,0,0,0,0,0,0,0,0,0,0,0,0,0,0
Ted,6.3,0,0,0,1,0,0,0,0,0,0,0,0,0,0,0,0,0,0,0,0
AsGoodasItGets,7.2,0,0,0,1,0,0,0,0,0,0,0,0,0,0,0,0,0,0,0,0
PatchAdams,7.0,0,0,0,1,0,0,0,0,0,0,0,0,0,0,0,0,0,0,0,0
Anchorman2TheLegendContinues,6.0,0,0,0,1,0,0,0,0,0,0,0,0,0,0,0,0,0,0,0,0
MrDeeds,5.6,0,0,0,1,0,0,0,0,0,0,0,0,0,0,0,0,0,0,0,0
Super8,6.6,0,0,0,0,0,0,0,0,0,0,0,0,0,0,0,0,0,1,0,0
ErinBrockovich,7.1,0,0,0,0,0,0,1,0,0,0,0,0,0,0,0,0,0,0,0,0
HowtoLoseaGuyin10Days,6.3,0,0,0,1,0,0,0,0,0,0,0,0,0,0,0,0,0,0,0,0
22JumpStreet,7.0,0,0,0,0,1,0,0,0,0,0,0,0,0,0,0,0,0,0,0,0
InterviewwiththeVampire,7.2,0,0,0,0,0,0,0,0,0,0,0,1,0,0,0,0,0,0,0,0
YesMan,6.4,0,0,0,1,0,0,0,0,0,0,0,0,0,0,0,0,0,0,0,0
CentralIntelligence,6.2,1,0,0,0,0,0,0,0,0,0,0,0,0,0,0,0,0,0,0,0
Stepmom,6.9,0,0,0,0,0,0,1,0,0,0,0,0,0,0,0,0,0,0,0,0
DaddysHome,5.8,0,0,0,1,0,0,0,0,0,0,0,0,0,0,0,0,0,0,0,0
IntotheWoods,5.6,0,0,0,0,0,0,0,0,1,0,0,0,0,0,0,0,0,0,0,0
InsideMan,7.3,0,0,0,0,1,0,0,0,0,0,0,0,0,0,0,0,0,0,0,0
Payback,6.7,0,0,0,0,0,0,1,0,0,0,0,0,0,0,0,0,0,0,0,0
Congo,5.0,1,0,0,0,0,0,0,0,0,0,0,0,0,0,0,0,0,0,0,0
WeBoughtaZoo,6.5,0,0,0,0,0,0,1,0,0,0,0,0,0,0,0,0,0,0,0,0
Knowing,5.9,1,0,0,0,0,0,0,0,0,0,0,0,0,0,0,0,0,0,0,0
FailuretoLaunch,5.5,0,0,0,1,0,0,0,0,0,0,0,0,0,0,0,0,0,0,0,0
TheRingTwo,5.4,0,0,0,0,0,0,1,0,0,0,0,0,0,0,0,0,0,0,0,0
CrazyStupidLove,7.0,0,0,0,1,0,0,0,0,0,0,0,0,0,0,0,0,0,0,0,0
Garfield,5.2,0,0,1,0,0,0,0,0,0,0,0,0,0,0,0,0,0,0,0,0
ChristmaswiththeKranks,5.2,0,0,0,1,0,0,0,0,0,0,0,0,0,0,0,0,0,0,0,0
Moneyball,7.0,0,0,0,0,0,0,1,0,0,0,0,0,0,0,0,0,0,0,0,0
Outbreak,6.3,1,0,0,0,0,0,0,0,0,0,0,0,0,0,0,0,0,0,0,0
NonStop,6.8,1,0,0,0,0,0,0,0,0,0,0,0,0,0,0,0,0,0,0,0
RacetoWitchMountain,5.5,0,1,0,0,0,0,0,0,0,0,0,0,0,0,0,0,0,0,0,0
VforVendetta,7.7,1,0,0,0,0,0,0,0,0,0,0,0,0,0,0,0,0,0,0,0
ShanghaiKnights,6.0,1,0,0,0,0,0,0,0,0,0,0,0,0,0,0,0,0,0,0,0
CuriousGeorge,6.2,0,1,0,0,0,0,0,0,0,0,0,0,0,0,0,0,0,0,0,0
HerbieFullyLoaded,5.1,0,0,0,1,0,0,0,0,0,0,0,0,0,0,0,0,0,0,0,0
DontSayaWord,6.0,0,0,0,0,0,0,0,0,0,0,0,0,0,0,0,0,0,1,0,0
HanselGretelWitchHunters,5.7,0,0,0,0,0,0,0,0,1,0,0,0,0,0,0,0,0,0,0,0
Unfaithful,6.3,0,0,0,0,0,0,0,0,0,0,0,0,0,0,0,0,0,1,0,0
IAmNumberFour,5.9,1,0,0,0,0,0,0,0,0,0,0,0,0,0,0,0,0,0,0,0
Syriana,6.3,0,0,0,0,0,0,1,0,0,0,0,0,0,0,0,0,0,0,0,0
13HoursTheSecretSoldiersofBenghazi,7.0,1,0,0,0,0,0,0,0,0,0,0,0,0,0,0,0,0,0,0,0
TheBookofLife,7.3,0,0,0,0,0,0,0,0,0,0,0,0,0,0,1,0,0,0,0,0
Firewall,5.6,0,0,0,0,0,0,0,0,0,0,0,0,0,0,0,0,0,1,0,0
AbsolutePower,6.4,0,0,0,0,1,0,0,0,0,0,0,0,0,0,0,0,0,0,0,0
GIJane,6.0,1,0,0,0,0,0,0,0,0,0,0,0,0,0,0,0,0,0,0,0
TheGame,7.5,0,0,0,0,0,0,1,0,0,0,0,0,0,0,0,0,0,0,0,0
SilentHill,6.3,0,0,0,0,0,0,0,0,0,0,0,1,0,0,0,0,0,0,0,0
TheReplacements,6.1,0,0,0,1,0,0,0,0,0,0,0,0,0,0,0,0,0,0,0,0
AmericanReunion,6.1,0,0,0,1,0,0,0,0,0,0,0,0,0,0,0,0,0,0,0,0
TheNegotiator,6.8,1,0,0,0,0,0,0,0,0,0,0,0,0,0,0,0,0,0,0,0
IntotheStorm,5.8,1,0,0,0,0,0,0,0,0,0,0,0,0,0,0,0,0,0,0,0
BeverlyHillsCopIII,5.5,1,0,0,0,0,0,0,0,0,0,0,0,0,0,0,0,0,0,0,0
Gremlins2TheNewBatch,6.2,0,0,0,1,0,0,0,0,0,0,0,0,0,0,0,0,0,0,0,0
TheJudge,7.2,0,0,0,0,0,0,1,0,0,0,0,0,0,0,0,0,0,0,0,0
ThePeacemaker,5.8,1,0,0,0,0,0,0,0,0,0,0,0,0,0,0,0,0,0,0,0
ResidentEvilApocalypse,6.1,0,0,0,0,0,0,0,0,0,0,0,1,0,0,0,0,0,0,0,0
BridgetJonesTheEdgeofReason,6.1,0,0,0,1,0,0,0,0,0,0,0,0,0,0,0,0,0,0,0,0
OutofTime,6.1,0,0,0,0,0,0,0,0,0,0,0,0,0,0,0,0,0,1,0,0
OnDeadlyGround,4.5,1,0,0,0,0,0,0,0,0,0,0,0,0,0,0,0,0,0,0,0
TheAdventuresofSharkboyandLavagirl,4.4,0,1,0,0,0,0,0,0,0,0,0,0,0,0,0,0,0,0,0,0
TheBeach,6.3,0,0,0,0,0,0,1,0,0,0,0,0,0,0,0,0,0,0,0,0
RaisingHelen,5.9,0,0,0,0,0,0,1,0,0,0,0,0,0,0,0,0,0,0,0,0
NinjaAssassin,6.2,1,0,0,0,0,0,0,0,0,0,0,0,0,0,0,0,0,0,0,0
ForLoveoftheGame,6.3,0,0,0,0,0,0,1,0,0,0,0,0,0,0,0,0,0,0,0,0
Striptease,4.4,0,0,0,0,0,0,1,0,0,0,0,0,0,0,0,0,0,0,0,0
Marmaduke,5.0,0,0,0,0,0,0,0,1,0,0,0,0,0,0,0,0,0,0,0,0
Hereafter,5.8,0,0,0,0,0,0,1,0,0,0,0,0,0,0,0,0,0,0,0,0
MurderbyNumbers,6.0,0,0,0,0,1,0,0,0,0,0,0,0,0,0,0,0,0,0,0,0
Assassins,6.0,1,0,0,0,0,0,0,0,0,0,0,0,0,0,0,0,0,0,0,0
HannibalRising,6.0,0,0,0,0,1,0,0,0,0,0,0,0,0,0,0,0,0,0,0,0
TheStoryofUs,5.9,0,0,0,1,0,0,0,0,0,0,0,0,0,0,0,0,0,0,0,0
TheHost,6.0,1,0,0,0,0,0,0,0,0,0,0,0,0,0,0,0,0,0,0,0
Basic,6.2,1,0,0,0,0,0,0,0,0,0,0,0,0,0,0,0,0,0,0,0
BloodWork,6.1,0,0,0,0,1,0,0,0,0,0,0,0,0,0,0,0,0,0,0,0
TheInternational,6.0,0,0,0,0,0,0,1,0,0,0,0,0,0,0,0,0,0,0,0,0
EscapefromLA,5.6,1,0,0,0,0,0,0,0,0,0,0,0,0,0,0,0,0,0,0,0
TheIronGiant,7.6,0,1,0,0,0,0,0,0,0,0,0,0,0,0,0,0,0,0,0,0
TheLifeAquaticwithSteveZissou,7.1,0,1,0,0,0,0,0,0,0,0,0,0,0,0,0,0,0,0,0,0
FreeStateofJones,6.6,0,0,0,0,0,0,0,0,0,0,0,0,0,0,0,0,0,0,1,0
TheLifeofDavidGale,7.3,0,0,0,0,0,0,1,0,0,0,0,0,0,0,0,0,0,0,0,0
ManoftheHouse,5.4,0,0,0,1,0,0,0,0,0,0,0,0,0,0,0,0,0,0,0,0
RunAllNight,6.3,1,0,0,0,0,0,0,0,0,0,0,0,0,0,0,0,0,0,0,0
EasternPromises,7.2,0,0,0,0,0,0,0,0,0,0,0,0,0,0,0,0,0,1,0,0
IntotheBlue,5.8,1,0,0,0,0,0,0,0,0,0,0,0,0,0,0,0,0,0,0,0
TheMessengerTheStoryofJoanofArc,6.2,0,1,0,0,0,0,0,0,0,0,0,0,0,0,0,0,0,0,0,0
YourHighness,5.2,0,0,0,1,0,0,0,0,0,0,0,0,0,0,0,0,0,0,0,0
DreamHouse,5.8,0,0,0,0,0,0,1,0,0,0,0,0,0,0,0,0,0,0,0,0
MadCity,5.9,1,0,0,0,0,0,0,0,0,0,0,0,0,0,0,0,0,0,0,0
BabysDayOut,5.8,1,0,0,0,0,0,0,0,0,0,0,0,0,0,0,0,0,0,0,0
TheScarletLetter,5.5,0,0,0,0,0,0,1,0,0,0,0,0,0,0,0,0,0,0,0,0
FairGame,6.5,0,0,0,0,0,0,1,0,0,0,0,0,0,0,0,0,0,0,0,0
Domino,6.0,1,0,0,0,0,0,0,0,0,0,0,0,0,0,0,0,0,0,0,0
Jade,5.2,1,0,0,0,0,0,0,0,0,0,0,0,0,0,0,0,0,0,0,0
Gamer,5.6,1,0,0,0,0,0,0,0,0,0,0,0,0,0,0,0,0,0,0,0
BeautifulCreatures,5.6,0,0,0,0,0,0,0,0,1,0,0,0,0,0,0,0,0,0,0,0
DeathtoSmoochy,5.9,0,0,0,1,0,0,0,0,0,0,0,0,0,0,0,0,0,0,0,0
Zoolander2,4.7,0,0,0,1,0,0,0,0,0,0,0,0,0,0,0,0,0,0,0,0
TheBigBounce,5.0,0,0,0,1,0,0,0,0,0,0,0,0,0,0,0,0,0,0,0,0
WhatPlanetAreYouFrom,5.4,0,0,0,1,0,0,0,0,0,0,0,0,0,0,0,0,0,0,0,0
DriveAngry,5.3,0,0,0,0,0,0,0,0,1,0,0,0,0,0,0,0,0,0,0,0
StreetFighterTheLegendofChunLi,3.9,1,0,0,0,0,0,0,0,0,0,0,0,0,0,0,0,0,0,0,0
TheOne,5.7,1,0,0,0,0,0,0,0,0,0,0,0,0,0,0,0,0,0,0,0
TheAdventuresofFordFairlane,6.2,1,0,0,0,0,0,0,0,0,0,0,0,0,0,0,0,0,0,0,0
TheBoatThatRocked,7.2,0,0,0,0,0,0,1,0,0,0,0,0,0,0,0,0,0,0,0,0
Traffic,6.9,0,0,0,0,0,0,0,0,0,0,0,0,0,0,0,0,0,1,0,0
IndianaJonesandtheLastCrusade,7.6,0,1,0,0,0,0,0,0,0,0,0,0,0,0,0,0,0,0,0,0
AnnaKarenina,6.5,0,0,0,0,0,0,1,0,0,0,0,0,0,0,0,0,0,0,0,0
Chappie,6.6,0,0,0,0,1,0,0,0,0,0,0,0,0,0,0,0,0,0,0,0
TheBoneCollector,6.5,0,0,0,0,0,0,1,0,0,0,0,0,0,0,0,0,0,0,0,0
PanicRoom,6.5,0,0,0,0,1,0,0,0,0,0,0,0,0,0,0,0,0,0,0,0
TheToothFairy,4.3,0,0,0,0,0,0,0,0,0,0,0,1,0,0,0,0,0,0,0,0
ThreeKings,6.6,1,0,0,0,0,0,0,0,0,0,0,0,0,0,0,0,0,0,0,0
Child44,6.1,0,0,0,0,1,0,0,0,0,0,0,0,0,0,0,0,0,0,0,0
RatRace,6.0,0,1,0,0,0,0,0,0,0,0,0,0,0,0,0,0,0,0,0,0
KPAX,7.1,0,0,0,0,0,0,1,0,0,0,0,0,0,0,0,0,0,0,0,0
KateLeopold,6.0,0,0,0,1,0,0,0,0,0,0,0,0,0,0,0,0,0,0,0,0
Bedazzled,5.6,0,0,0,0,0,0,0,0,1,0,0,0,0,0,0,0,0,0,0,0
TheCottonClub,6.6,0,0,0,0,0,0,0,0,0,0,0,0,1,0,0,0,0,0,0,0
310toYuma,6.9,0,0,0,0,0,0,0,0,0,0,0,0,0,0,0,0,0,0,0,1
Taken3,6.1,0,0,0,0,0,0,0,0,0,0,0,0,0,0,0,0,0,1,0,0
OutofSight,6.5,0,0,0,0,0,0,0,0,0,0,0,0,0,0,1,0,0,0,0,0
TheCableGuy,5.7,0,0,0,1,0,0,0,0,0,0,0,0,0,0,0,0,0,0,0,0
Earth,6.6,0,0,0,0,0,0,1,0,0,0,0,0,0,0,0,0,0,0,0,0
DickTracy,5.9,0,1,0,0,0,0,0,0,0,0,0,0,0,0,0,0,0,0,0,0
TheThomasCrownAffair,6.6,0,0,0,0,0,0,1,0,0,0,0,0,0,0,0,0,0,0,0,0
RidinginCarswithBoys,6.5,0,0,0,1,0,0,0,0,0,0,0,0,0,0,0,0,0,0,0,0
FirstBlood,7.2,1,0,0,0,0,0,0,0,0,0,0,0,0,0,0,0,0,0,0,0
Solaris,7.7,0,0,0,0,0,0,1,0,0,0,0,0,0,0,0,0,0,0,0,0
HappilyNEverAfter,4.6,0,0,1,0,0,0,0,0,0,0,0,0,0,0,0,0,0,0,0,0
MaryReilly,5.7,0,0,0,0,0,0,1,0,0,0,0,0,0,0,0,0,0,0,0,0
MyBestFriendsWedding,6.3,0,0,0,1,0,0,0,0,0,0,0,0,0,0,0,0,0,0,0,0
AmericasSweethearts,5.5,0,0,0,1,0,0,0,0,0,0,0,0,0,0,0,0,0,0,0,0
Insomnia,6.8,0,0,0,0,1,0,0,0,0,0,0,0,0,0,0,0,0,0,0,0
StarTrekFirstContact,7.0,0,0,0,0,0,0,0,0,0,0,0,0,0,0,0,1,0,0,0,0
JonahHex,4.4,1,0,0,0,0,0,0,0,0,0,0,0,0,0,0,0,0,0,0,0
CourageUnderFire,6.2,0,0,0,0,0,0,1,0,0,0,0,0,0,0,0,0,0,0,0,0
LiarLiar,6.4,0,0,0,1,0,0,0,0,0,0,0,0,0,0,0,0,0,0,0,0
TheInfiltrator,6.6,0,0,0,0,1,0,0,0,0,0,0,0,0,0,0,0,0,0,0,0
Inchon,6.5,0,0,0,0,0,0,1,0,0,0,0,0,0,0,0,0,0,0,0,0
TheFlintstones,5.0,0,0,0,0,0,0,0,0,1,0,0,0,0,0,0,0,0,0,0,0
Taken2,6.1,1,0,0,0,0,0,0,0,0,0,0,0,0,0,0,0,0,0,0,0
ScaryMovie3,5.8,0,0,0,1,0,0,0,0,0,0,0,0,0,0,0,0,0,0,0,0
MissCongeniality,6.1,0,0,0,1,0,0,0,0,0,0,0,0,0,0,0,0,0,0,0,0
JourneytotheCenteroftheEarth,5.8,1,0,0,0,0,0,0,0,0,0,0,0,0,0,0,0,0,0,0,0
ThePrincessDiaries2RoyalEngagement,6.0,0,0,0,1,0,0,0,0,0,0,0,0,0,0,0,0,0,0,0,0
ThePelicanBrief,6.3,0,0,0,0,0,0,1,0,0,0,0,0,0,0,0,0,0,0,0,0
TheClient,6.4,0,0,0,0,0,0,1,0,0,0,0,0,0,0,0,0,0,0,0,0
TheBucketList,7.0,0,0,0,0,0,0,1,0,0,0,0,0,0,0,0,0,0,0,0,0
PatriotGames,6.3,0,0,0,0,0,0,1,0,0,0,0,0,0,0,0,0,0,0,0,0
MonsterinLaw,5.6,0,0,0,0,0,0,0,0,0,0,0,0,0,0,1,0,0,0,0,0
Prisoners,7.9,0,0,0,0,0,0,1,0,0,0,0,0,0,0,0,0,0,0,0,0
TrainingDay,7.3,1,0,0,0,0,0,0,0,0,0,0,0,0,0,0,0,0,0,0,0
GalaxyQuest,6.9,0,0,0,1,0,0,0,0,0,0,0,0,0,0,0,0,0,0,0,0
ScaryMovie2,5.4,0,0,0,1,0,0,0,0,0,0,0,0,0,0,0,0,0,0,0,0
TheMuppets,6.5,0,0,0,1,0,0,0,0,0,0,0,0,0,0,0,0,0,0,0,0
Blade,6.5,0,0,0,0,0,0,0,0,0,0,0,1,0,0,0,0,0,0,0,0
CoachCarter,7.3,0,0,0,0,0,0,1,0,0,0,0,0,0,0,0,0,0,0,0,0
ChangingLanes,5.9,1,0,0,0,0,0,0,0,0,0,0,0,0,0,0,0,0,0,0,0
Anaconda,4.7,0,1,0,0,0,0,0,0,0,0,0,0,0,0,0,0,0,0,0,0
CoyoteUgly,5.8,0,0,0,1,0,0,0,0,0,0,0,0,0,0,0,0,0,0,0,0
LoveActually,7.0,0,0,0,1,0,0,0,0,0,0,0,0,0,0,0,0,0,0,0,0
ABugsLife,6.8,0,1,0,0,0,0,0,0,0,0,0,0,0,0,0,0,0,0,0,0
FromHell,6.6,0,0,0,0,0,0,0,0,0,0,0,1,0,0,0,0,0,0,0,0
TheSpecialist,5.5,1,0,0,0,0,0,0,0,0,0,0,0,0,0,0,0,0,0,0,0
TinCup,5.9,0,0,0,1,0,0,0,0,0,0,0,0,0,0,0,0,0,0,0,0
YoursMineandOurs,6.2,0,0,0,1,0,0,0,0,0,0,0,0,0,0,0,0,0,0,0,0
KickingScreaming,5.6,0,0,0,0,0,0,0,0,0,0,0,0,0,0,1,0,0,0,0,0
TheHitchhikersGuidetotheGalaxy,6.6,0,1,0,0,0,0,0,0,0,0,0,0,0,0,0,0,0,0,0,0
FatAlbert,4.3,0,0,0,1,0,0,0,0,0,0,0,0,0,0,0,0,0,0,0,0
ResidentEvilExtinction,6.1,0,0,0,0,0,0,0,0,0,0,0,1,0,0,0,0,0,0,0,0
Blended,6.6,0,0,0,1,0,0,0,0,0,0,0,0,0,0,0,0,0,0,0,0
LastHoliday,6.4,0,1,0,0,0,0,0,0,0,0,0,0,0,0,0,0,0,0,0,0
TheRiverWild,6.1,1,0,0,0,0,0,0,0,0,0,0,0,0,0,0,0,0,0,0,0
TheIndianintheCupboard,5.9,0,1,0,0,0,0,0,0,0,0,0,0,0,0,0,0,0,0,0,0
Savages,6.2,0,0,0,0,1,0,0,0,0,0,0,0,0,0,0,0,0,0,0,0
Cellular,6.1,1,0,0,0,0,0,0,0,0,0,0,0,0,0,0,0,0,0,0,0
JohnnyEnglish,6.0,0,1,0,0,0,0,0,0,0,0,0,0,0,0,0,0,0,0,0,0
TheAntBully,5.5,0,0,0,0,0,0,0,0,1,0,0,0,0,0,0,0,0,0,0,0
Dune,6.5,1,0,0,0,0,0,0,0,0,0,0,0,0,0,0,0,0,0,0,0
AcrosstheUniverse,7.1,0,1,0,0,0,0,0,0,0,0,0,0,0,0,0,0,0,0,0,0
RevolutionaryRoad,6.7,0,0,0,0,0,0,1,0,0,0,0,0,0,0,0,0,0,0,0,0
16Blocks,6.2,1,0,0,0,0,0,0,0,0,0,0,0,0,0,0,0,0,0,0,0
BabylonAD,5.4,1,0,0,0,0,0,0,0,0,0,0,0,0,0,0,0,0,0,0,0
TheGlimmerMan,4.7,1,0,0,0,0,0,0,0,0,0,0,0,0,0,0,0,0,0,0,0
Multiplicity,5.5,0,0,0,1,0,0,0,0,0,0,0,0,0,0,0,0,0,0,0,0
AliensintheAttic,5.3,0,1,0,0,0,0,0,0,0,0,0,0,0,0,0,0,0,0,0,0
ThePledge,6.5,0,0,0,0,1,0,0,0,0,0,0,0,0,0,0,0,0,0,0,0
TheProducers,6.1,0,0,0,1,0,0,0,0,0,0,0,0,0,0,0,0,0,0,0,0
ThePhantom,4.7,0,1,0,0,0,0,0,0,0,0,0,0,0,0,0,0,0,0,0,0
AllthePrettyHorses,5.8,0,0,0,0,0,0,1,0,0,0,0,0,0,0,0,0,0,0,0,0
Nixon,7.1,0,0,0,0,0,0,0,0,0,0,1,0,0,0,0,0,0,0,0,0
TheGhostWriter,6.7,0,0,0,0,0,0,0,0,0,0,0,0,0,0,0,0,0,1,0,0
DeepRising,6.0,0,1,0,0,0,0,0,0,0,0,0,0,0,0,0,0,0,0,0,0
MiracleatStAnna,6.3,0,0,0,0,0,0,1,0,0,0,0,0,0,0,0,0,0,0,0,0
CurseoftheGoldenFlower,6.6,1,0,0,0,0,0,0,0,0,0,0,0,0,0,0,0,0,0,0,0
BangkokDangerous,5.0,1,0,0,0,0,0,0,0,0,0,0,0,0,0,0,0,0,0,0,0
BigTrouble,6.3,1,0,0,0,0,0,0,0,0,0,0,0,0,0,0,0,0,0,0,0
LoveintheTimeofCholera,6.4,0,0,0,0,0,0,1,0,0,0,0,0,0,0,0,0,0,0,0,0
ShadowConspiracy,4.0,1,0,0,0,0,0,0,0,0,0,0,0,0,0,0,0,0,0,0,0
JohnnyEnglishReborn,6.0,0,0,0,0,1,0,0,0,0,0,0,0,0,0,0,0,0,0,0,0
Foodfight,2.3,0,0,1,0,0,0,0,0,0,0,0,0,0,0,0,0,0,0,0,0
Argo,7.1,0,0,0,0,0,0,1,0,0,0,0,0,0,0,0,0,0,0,0,0
TheFugitive,7.2,0,1,0,0,0,0,0,0,0,0,0,0,0,0,0,0,0,0,0,0
TheBountyHunter,5.5,1,0,0,0,0,0,0,0,0,0,0,0,0,0,0,0,0,0,0,0
Sleepers,7.3,0,0,0,0,1,0,0,0,0,0,0,0,0,0,0,0,0,0,0,0
RamboFirstBloodPartII,6.3,1,0,0,0,0,0,0,0,0,0,0,0,0,0,0,0,0,0,0,0
TheJuror,5.5,0,0,0,0,0,0,1,0,0,0,0,0,0,0,0,0,0,0,0,0
Pinocchio,6.9,0,0,1,0,0,0,0,0,0,0,0,0,0,0,0,0,0,0,0,0
HeavensGate,6.4,1,0,0,0,0,0,0,0,0,0,0,0,0,0,0,0,0,0,0,0
UnderworldEvolution,6.4,0,0,0,0,0,0,0,0,1,0,0,0,0,0,0,0,0,0,0,0
VictorFrankenstein,5.6,0,0,0,0,0,0,1,0,0,0,0,0,0,0,0,0,0,0,0,0
FindingForrester,7.0,0,0,0,0,0,0,1,0,0,0,0,0,0,0,0,0,0,0,0,0
28Days,6.0,0,0,0,1,0,0,0,0,0,0,0,0,0,0,0,0,0,0,0,0
Unleashed,6.6,1,0,0,0,0,0,0,0,0,0,0,0,0,0,0,0,0,0,0,0
TheSweetestThing,5.3,0,0,0,0,0,0,0,0,0,0,0,0,0,0,1,0,0,0,0,0
TheFirm,6.6,0,0,0,0,0,0,1,0,0,0,0,0,0,0,0,0,0,0,0,0
CharlieStCloud,6.8,0,0,0,0,0,0,1,0,0,0,0,0,0,0,0,0,0,0,0,0
TheMechanic,6.3,1,0,0,0,0,0,0,0,0,0,0,0,0,0,0,0,0,0,0,0
21JumpStreet,6.7,1,0,0,0,0,0,0,0,0,0,0,0,0,0,0,0,0,0,0,0
NottingHill,7.0,0,0,0,0,0,0,0,0,0,0,0,0,0,0,1,0,0,0,0,0
ChickenRun,6.5,0,0,1,0,0,0,0,0,0,0,0,0,0,0,0,0,0,0,0,0
AlongCamePolly,5.8,0,0,0,1,0,0,0,0,0,0,0,0,0,0,0,0,0,0,0,0
Boomerang,5.4,0,0,0,1,0,0,0,0,0,0,0,0,0,0,0,0,0,0,0,0
TheHeat,6.5,1,0,0,0,0,0,0,0,0,0,0,0,0,0,0,0,0,0,0,0
Cleopatra,6.7,0,0,0,0,0,0,1,0,0,0,0,0,0,0,0,0,0,0,0,0
HereComestheBoom,6.0,0,0,0,1,0,0,0,0,0,0,0,0,0,0,0,0,0,0,0,0
HighCrimes,6.1,0,0,0,0,0,0,1,0,0,0,0,0,0,0,0,0,0,0,0,0
TheMirrorHasTwoFaces,6.5,0,0,0,1,0,0,0,0,0,0,0,0,0,0,0,0,0,0,0,0
TheMothmanProphecies,6.1,0,0,0,0,0,0,1,0,0,0,0,0,0,0,0,0,0,0,0,0
Brüno,5.4,0,0,0,1,0,0,0,0,0,0,0,0,0,0,0,0,0,0,0,0
LicencetoKill,5.9,0,1,0,0,0,0,0,0,0,0,0,0,0,0,0,0,0,0,0,0
RedRidingHood,5.6,0,0,0,0,0,0,0,0,1,0,0,0,0,0,0,0,0,0,0,0
15Minutes,5.7,1,0,0,0,0,0,0,0,0,0,0,0,0,0,0,0,0,0,0,0
SuperMarioBros,4.0,0,1,0,0,0,0,0,0,0,0,0,0,0,0,0,0,0,0,0,0
LordofWar,7.0,0,0,0,0,1,0,0,0,0,0,0,0,0,0,0,0,0,0,0,0
Hero,7.2,0,0,0,0,0,0,1,0,0,0,0,0,0,0,0,0,0,0,0,0
OnefortheMoney,5.3,1,0,0,0,0,0,0,0,0,0,0,0,0,0,0,0,0,0,0,0
TheInterview,6.1,1,0,0,0,0,0,0,0,0,0,0,0,0,0,0,0,0,0,0,0
TheWarriorsWay,6.3,0,1,0,0,0,0,0,0,0,0,0,0,0,0,0,0,0,0,0,0
Micmacs,6.8,1,0,0,0,0,0,0,0,0,0,0,0,0,0,0,0,0,0,0,0
8Mile,6.8,0,0,0,0,0,0,1,0,0,0,0,0,0,0,0,0,0,0,0,0
WhyIDidNotEatMyFather,5.3,0,1,0,0,0,0,0,0,0,0,0,0,0,0,0,0,0,0,0,0
AKnightsTale,6.6,0,1,0,0,0,0,0,0,0,0,0,0,0,0,0,0,0,0,0,0
TheMedallion,5.3,0,0,0,0,0,0,0,0,0,0,0,0,0,0,0,0,0,1,0,0
TheSixthSense,7.7,0,0,0,0,0,0,0,0,0,0,0,0,0,1,0,0,0,0,0,0
ManonaLedge,6.2,1,0,0,0,0,0,0,0,0,0,0,0,0,0,0,0,0,0,0,0
TheBigYear,5.6,0,0,0,1,0,0,0,0,0,0,0,0,0,0,0,0,0,0,0,0
TheKarateKid,6.9,0,0,0,0,0,0,1,0,0,0,0,0,0,0,0,0,0,0,0,0
AmericanHustle,6.8,0,0,0,0,0,0,1,0,0,0,0,0,0,0,0,0,0,0,0,0
TheProposal,6.7,0,0,0,1,0,0,0,0,0,0,0,0,0,0,0,0,0,0,0,0
DoubleJeopardy,6.2,0,0,0,0,1,0,0,0,0,0,0,0,0,0,0,0,0,0,0,0
BacktotheFuturePartII,7.4,0,1,0,0,0,0,0,0,0,0,0,0,0,0,0,0,0,0,0,0
Lucy,6.3,1,0,0,0,0,0,0,0,0,0,0,0,0,0,0,0,0,0,0,0
FiftyShadesofGrey,5.2,0,0,0,0,0,0,1,0,0,0,0,0,0,0,0,0,0,0,0,0
SpyKids3DGameOver,4.7,1,0,0,0,0,0,0,0,0,0,0,0,0,0,0,0,0,0,0,0
ATimetoKill,7.0,0,0,0,0,1,0,0,0,0,0,0,0,0,0,0,0,0,0,0,0
CheaperbytheDozen,6.0,0,0,0,1,0,0,0,0,0,0,0,0,0,0,0,0,0,0,0,0
LoneSurvivor,7.4,1,0,0,0,0,0,0,0,0,0,0,0,0,0,0,0,0,0,0,0
ALeagueofTheirOwn,6.7,0,0,0,1,0,0,0,0,0,0,0,0,0,0,0,0,0,0,0,0
TheConjuring2,7.0,0,0,0,0,0,0,0,0,0,0,0,1,0,0,0,0,0,0,0,0
TheSocialNetwork,7.1,0,0,0,0,0,0,1,0,0,0,0,0,0,0,0,0,0,0,0,0
HesJustNotThatIntoYou,6.2,0,0,0,1,0,0,0,0,0,0,0,0,0,0,0,0,0,0,0,0
ScaryMovie4,5.3,0,0,0,1,0,0,0,0,0,0,0,0,0,0,0,0,0,0,0,0
Scream3,5.7,0,0,0,0,0,0,0,0,0,0,0,1,0,0,0,0,0,0,0,0
BacktotheFuturePartIII,7.1,0,1,0,0,0,0,0,0,0,0,0,0,0,0,0,0,0,0,0,0
GetHard,5.9,0,0,0,1,0,0,0,0,0,0,0,0,0,0,0,0,0,0,0,0
Dracula,7.1,0,0,0,0,0,0,0,0,0,0,0,0,0,0,1,0,0,0,0,0
JulieJulia,6.6,0,0,0,0,0,0,0,0,0,0,0,0,0,0,1,0,0,0,0,0
42,6.8,0,0,0,0,0,0,1,0,0,0,0,0,0,0,0,0,0,0,0,0
TheTalentedMrRipley,7.0,0,0,0,0,0,0,0,0,0,0,0,0,0,0,0,0,0,1,0,0
DumbandDumberTo,5.4,0,0,0,1,0,0,0,0,0,0,0,0,0,0,0,0,0,0,0,0
EightBelow,6.7,0,1,0,0,0,0,0,0,0,0,0,0,0,0,0,0,0,0,0,0
TheIntern,7.1,0,0,0,1,0,0,0,0,0,0,0,0,0,0,0,0,0,0,0,0
RideAlong2,6.1,1,0,0,0,0,0,0,0,0,0,0,0,0,0,0,0,0,0,0,0
TheLastoftheMohicans,7.1,1,0,0,0,0,0,0,0,0,0,0,0,0,0,0,0,0,0,0,0
Ray,7.2,0,0,0,0,0,0,1,0,0,0,0,0,0,0,0,0,0,0,0,0
SinCity,7.2,1,0,0,0,0,0,0,0,0,0,0,0,0,0,0,0,0,0,0,0
VantagePoint,6.2,0,0,0,0,0,0,1,0,0,0,0,0,0,0,0,0,0,0,0,0
ILoveYouMan,6.5,0,0,0,1,0,0,0,0,0,0,0,0,0,0,0,0,0,0,0,0
ShallowHal,5.7,0,0,0,1,0,0,0,0,0,0,0,0,0,0,0,0,0,0,0,0
JFK,7.5,0,0,0,0,0,0,1,0,0,0,0,0,0,0,0,0,0,0,0,0
BigMommasHouse2,5.4,0,0,0,1,0,0,0,0,0,0,0,0,0,0,0,0,0,0,0,0
TheMexican,5.8,1,0,0,0,0,0,0,0,0,0,0,0,0,0,0,0,0,0,0,0
17Again,6.1,0,0,0,1,0,0,0,0,0,0,0,0,0,0,0,0,0,0,0,0
TheOtherWoman,6.2,0,0,0,1,0,0,0,0,0,0,0,0,0,0,0,0,0,0,0,0
TheFinalDestination,5.4,0,0,0,0,0,0,0,0,0,0,0,1,0,0,0,0,0,0,0,0
BridgeofSpies,7.2,0,0,0,0,0,0,0,0,0,0,0,0,0,0,0,0,0,1,0,0
BehindEnemyLines,6.0,1,0,0,0,0,0,0,0,0,0,0,0,0,0,0,0,0,0,0,0
GetHimtotheGreek,5.9,0,0,0,1,0,0,0,0,0,0,0,0,0,0,0,0,0,0,0,0
ShallWeDance,5.9,0,0,0,0,0,0,1,0,0,0,0,0,0,0,0,0,0,0,0,0
SmallSoldiers,6.2,0,0,0,1,0,0,0,0,0,0,0,0,0,0,0,0,0,0,0,0
Spawn,5.0,1,0,0,0,0,0,0,0,0,0,0,0,0,0,0,0,0,0,0,0
TheCountofMonteCristo,7.3,1,0,0,0,0,0,0,0,0,0,0,0,0,0,0,0,0,0,0,0
TheLincolnLawyer,7.0,0,0,0,0,1,0,0,0,0,0,0,0,0,0,0,0,0,0,0,0
Unknown,6.5,1,0,0,0,0,0,0,0,0,0,0,0,0,0,0,0,0,0,0,0
ThePrestige,8.0,0,0,0,0,0,0,1,0,0,0,0,0,0,0,0,0,0,0,0,0
HorribleBosses2,6.1,0,0,0,1,0,0,0,0,0,0,0,0,0,0,0,0,0,0,0,0
EscapefromPlanetEarth,5.7,0,0,1,0,0,0,0,0,0,0,0,0,0,0,0,0,0,0,0,0
Apocalypto,7.3,1,0,0,0,0,0,0,0,0,0,0,0,0,0,0,0,0,0,0,0
TheLivingDaylights,6.2,1,0,0,0,0,0,0,0,0,0,0,0,0,0,0,0,0,0,0,0
Predators,6.0,1,0,0,0,0,0,0,0,0,0,0,0,0,0,0,0,0,0,0,0
LegalEagles,5.8,0,0,0,1,0,0,0,0,0,0,0,0,0,0,0,0,0,0,0,0
SecretWindow,6.4,0,0,0,0,0,0,0,0,0,0,0,0,0,0,0,0,0,1,0,0
TheLakeHouse,6.5,0,0,0,0,0,0,0,0,0,0,0,0,0,0,1,0,0,0,0,0
TheSkeletonKey,6.4,0,0,0,0,0,0,1,0,0,0,0,0,0,0,0,0,0,0,0,0
TheOddLifeofTimothyGreen,6.5,0,0,0,0,0,0,0,0,1,0,0,0,0,0,0,0,0,0,0,0
MadeofHonor,6.0,0,0,0,1,0,0,0,0,0,0,0,0,0,0,0,0,0,0,0,0
JerseyBoys,6.8,0,0,0,0,0,0,0,0,0,0,0,0,1,0,0,0,0,0,0,0
TheRainmaker,6.7,0,0,0,0,0,0,1,0,0,0,0,0,0,0,0,0,0,0,0,0
Gothika,5.8,0,0,0,0,0,0,0,0,0,0,0,1,0,0,0,0,0,0,0,0
Amistad,6.8,0,0,0,0,0,0,1,0,0,0,0,0,0,0,0,0,0,0,0,0
MedicineMan,5.8,0,1,0,0,0,0,0,0,0,0,0,0,0,0,0,0,0,0,0,0
AliensvsPredatorRequiem,4.9,0,0,0,0,0,0,0,0,1,0,0,0,0,0,0,0,0,0,0,0
RihieRih,5.4,0,0,0,1,0,0,0,0,0,0,0,0,0,0,0,0,0,0,0,0
AutumninNewYork,5.7,0,0,0,0,0,0,1,0,0,0,0,0,0,0,0,0,0,0,0,0
MusicandLyrics,6.2,0,0,0,1,0,0,0,0,0,0,0,0,0,0,0,0,0,0,0,0
Paul,6.5,0,1,0,0,0,0,0,0,0,0,0,0,0,0,0,0,0,0,0,0
TheGuiltTrip,5.4,0,0,0,1,0,0,0,0,0,0,0,0,0,0,0,0,0,0,0,0
Scream4,6.1,0,0,0,0,0,0,0,0,0,0,0,1,0,0,0,0,0,0,0,0
8MM,6.1,0,0,0,0,0,0,0,0,0,0,0,0,0,0,0,0,0,1,0,0
TheDoors,6.7,0,0,0,0,0,0,1,0,0,0,0,0,0,0,0,0,0,0,0,0
SexTape,5.3,0,0,0,1,0,0,0,0,0,0,0,0,0,0,0,0,0,0,0,0
HangingUp,5.0,0,0,0,1,0,0,0,0,0,0,0,0,0,0,0,0,0,0,0,0
FinalDestination5,5.9,0,0,0,0,0,0,0,0,0,0,0,1,0,0,0,0,0,0,0,0
MickeyBlueEyes,5.3,0,0,0,1,0,0,0,0,0,0,0,0,0,0,0,0,0,0,0,0
PayItForward,7.0,0,0,0,0,0,0,1,0,0,0,0,0,0,0,0,0,0,0,0,0
FeverPitch,5.9,0,0,0,1,0,0,0,0,0,0,0,0,0,0,0,0,0,0,0,0
DrillbitTaylor,5.5,0,0,0,1,0,0,0,0,0,0,0,0,0,0,0,0,0,0,0,0
AMillionWaystoDieintheWest,5.8,0,0,0,1,0,0,0,0,0,0,0,0,0,0,0,0,0,0,0,0
TheShadow,5.4,0,1,0,0,0,0,0,0,0,0,0,0,0,0,0,0,0,0,0,0
ExtremelyLoudIncrediblyClose,6.9,0,0,0,0,0,0,1,0,0,0,0,0,0,0,0,0,0,0,0,0
MorningGlory,6.1,0,0,0,1,0,0,0,0,0,0,0,0,0,0,0,0,0,0,0,0
GetRichorDieTryin,6.3,0,0,0,0,0,0,1,0,0,0,0,0,0,0,0,0,0,0,0,0
TheArtofWar,5.6,0,0,0,0,1,0,0,0,0,0,0,0,0,0,0,0,0,0,0,0
Rent,6.7,0,0,0,0,0,0,1,0,0,0,0,0,0,0,0,0,0,0,0,0
BlesstheChild,4.9,0,0,0,0,0,0,1,0,0,0,0,0,0,0,0,0,0,0,0,0
TheOutofTowners,5.0,0,0,0,1,0,0,0,0,0,0,0,0,0,0,0,0,0,0,0,0
TheIslandofDrMoreau,4.6,0,0,0,0,0,0,0,0,1,0,0,0,0,0,0,0,0,0,0,0
TheMusketeer,5.2,1,0,0,0,0,0,0,0,0,0,0,0,0,0,0,0,0,0,0,0
TheOtherBoleynGirl,6.4,0,0,0,0,0,0,1,0,0,0,0,0,0,0,0,0,0,0,0,0
SweetNovember,6.4,0,0,0,0,0,0,1,0,0,0,0,0,0,0,0,0,0,0,0,0
TheReaping,5.4,0,0,0,0,0,0,0,0,0,0,0,1,0,0,0,0,0,0,0,0
MeanStreets,7.2,0,0,0,0,0,0,1,0,0,0,0,0,0,0,0,0,0,0,0,0
RenaissanceMan,5.9,0,0,0,1,0,0,0,0,0,0,0,0,0,0,0,0,0,0,0,0
Colombiana,6.5,1,0,0,0,0,0,0,0,0,0,0,0,0,0,0,0,0,0,0,0
QuestforCamelot,6.9,0,0,0,0,0,0,0,0,1,0,0,0,0,0,0,0,0,0,0,0
CityByTheSea,5.7,0,0,0,0,1,0,0,0,0,0,0,0,0,0,0,0,0,0,0,0
AtFirstSight,5.9,0,0,0,0,0,0,1,0,0,0,0,0,0,0,0,0,0,0,0,0
Torque,4.7,1,0,0,0,0,0,0,0,0,0,0,0,0,0,0,0,0,0,0,0
CityHall,6.0,0,0,0,0,0,0,1,0,0,0,0,0,0,0,0,0,0,0,0,0
Showgirls,4.9,0,0,0,0,0,0,1,0,0,0,0,0,0,0,0,0,0,0,0,0
MarieAntoinette,6.5,0,0,0,0,0,0,1,0,0,0,0,0,0,0,0,0,0,0,0,0
KissofDeath,5.7,1,0,0,0,0,0,0,0,0,0,0,0,0,0,0,0,0,0,0,0
GetCarter,4.8,1,0,0,0,0,0,0,0,0,0,0,0,0,0,0,0,0,0,0,0
TheImpossible,7.0,0,0,0,0,0,0,0,0,0,0,0,0,0,0,0,0,0,1,0,0
Ishtar,4.2,1,0,0,0,0,0,0,0,0,0,0,0,0,0,0,0,0,0,0,0
FantasticMrFox,7.5,0,1,0,0,0,0,0,0,0,0,0,0,0,0,0,0,0,0,0,0
LifeorSomethingLikeIt,5.7,0,0,0,1,0,0,0,0,0,0,0,0,0,0,0,0,0,0,0,0
MemoirsofanInvisibleMan,5.7,0,0,0,1,0,0,0,0,0,0,0,0,0,0,0,0,0,0,0,0
Amélie,7.8,0,0,0,1,0,0,0,0,0,0,0,0,0,0,0,0,0,0,0,0
NewYorkMinute,5.5,0,0,0,1,0,0,0,0,0,0,0,0,0,0,0,0,0,0,0,0
Alfie,5.6,0,0,0,1,0,0,0,0,0,0,0,0,0,0,0,0,0,0,0,0
BigMiracle,6.6,0,1,0,0,0,0,0,0,0,0,0,0,0,0,0,0,0,0,0,0
TheDeepEndoftheOcean,5.9,0,0,0,0,0,0,1,0,0,0,0,0,0,0,0,0,0,0,0,0
FearDotCom,3.2,0,0,0,0,0,0,0,0,0,0,0,1,0,0,0,0,0,0,0,0
CirqueduFreakTheVampiresAssistant,5.5,0,1,0,0,0,0,0,0,0,0,0,0,0,0,0,0,0,0,0,0
Duplex,5.9,1,0,0,0,0,0,0,0,0,0,0,0,0,0,0,0,0,0,0,0
SoulMen,6.3,0,0,0,1,0,0,0,0,0,0,0,0,0,0,0,0,0,0,0,0
RaisetheTitanic,5.2,1,0,0,0,0,0,0,0,0,0,0,0,0,0,0,0,0,0,0,0
UniversalSoldierTheReturn,4.2,1,0,0,0,0,0,0,0,0,0,0,0,0,0,0,0,0,0,0,0
Pandorum,6.5,1,0,0,0,0,0,0,0,0,0,0,0,0,0,0,0,0,0,0,0
Impostor,6.1,1,0,0,0,0,0,0,0,0,0,0,0,0,0,0,0,0,0,0,0
ExtremeOps,5.0,1,0,0,0,0,0,0,0,0,0,0,0,0,0,0,0,0,0,0,0
JustVisiting,4.8,0,0,0,1,0,0,0,0,0,0,0,0,0,0,0,0,0,0,0,0
Sunshine,7.0,0,0,0,0,0,0,0,0,0,0,0,0,0,0,0,1,0,0,0,0
AThousandWords,6.0,0,0,0,0,0,0,1,0,0,0,0,0,0,0,0,0,0,0,0,0
Delgo,5.4,0,1,0,0,0,0,0,0,0,0,0,0,0,0,0,0,0,0,0,0
TheGunman,5.5,1,0,0,0,0,0,0,0,0,0,0,0,0,0,0,0,0,0,0,0
Stormbreaker,5.1,0,1,0,0,0,0,0,0,0,0,0,0,0,0,0,0,0,0,0,0
Disturbia,6.6,0,0,0,0,0,0,0,0,0,0,0,0,0,0,0,0,0,1,0,0
Hackers,6.2,1,0,0,0,0,0,0,0,0,0,0,0,0,0,0,0,0,0,0,0
TheHuntingParty,6.6,1,0,0,0,0,0,0,0,0,0,0,0,0,0,0,0,0,0,0,0
TheHudsuckerProxy,7.1,0,0,0,1,0,0,0,0,0,0,0,0,0,0,0,0,0,0,0,0
TheWarlords,6.3,1,0,0,0,0,0,0,0,0,0,0,0,0,0,0,0,0,0,0,0
NomadTheWarrior,4.3,1,0,0,0,0,0,0,0,0,0,0,0,0,0,0,0,0,0,0,0
Snowpiercer,6.7,1,0,0,0,0,0,0,0,0,0,0,0,0,0,0,0,0,0,0,0
AMonsterinParis,6.5,0,1,0,0,0,0,0,0,0,0,0,0,0,0,0,0,0,0,0,0
TheLastShot,5.9,1,0,0,0,0,0,0,0,0,0,0,0,0,0,0,0,0,0,0,0
TheCrow,7.3,0,0,0,0,0,0,0,0,1,0,0,0,0,0,0,0,0,0,0,0
BaahubaliTheBeginning,7.5,1,0,0,0,0,0,0,0,0,0,0,0,0,0,0,0,0,0,0,0
TheTimeTravelersWife,6.7,0,0,0,0,0,0,1,0,0,0,0,0,0,0,0,0,0,0,0,0
BecauseISaidSo,5.8,0,0,0,1,0,0,0,0,0,0,0,0,0,0,0,0,0,0,0,0
Frankenweenie,6.6,0,0,1,0,0,0,0,0,0,0,0,0,0,0,0,0,0,0,0,0
Serenity,7.4,0,0,0,0,0,0,0,0,0,0,0,0,0,0,0,1,0,0,0,0
AgainsttheRopes,4.5,0,0,0,0,0,0,0,0,0,0,0,0,0,0,1,0,0,0,0,0
SupermanIII,5.3,0,0,0,1,0,0,0,0,0,0,0,0,0,0,0,0,0,0,0,0
GrudgeMatch,6.0,0,0,0,1,0,0,0,0,0,0,0,0,0,0,0,0,0,0,0,0
RedCliff,7.1,0,1,0,0,0,0,0,0,0,0,0,0,0,0,0,0,0,0,0,0
SweetHomeAlabama,6.0,0,0,0,1,0,0,0,0,0,0,0,0,0,0,0,0,0,0,0,0
TheUglyTruth,6.4,0,0,0,1,0,0,0,0,0,0,0,0,0,0,0,0,0,0,0,0
SgtBilko,5.5,0,0,0,1,0,0,0,0,0,0,0,0,0,0,0,0,0,0,0,0
SpyKids2TheIslandofLostDreams,5.3,1,0,0,0,0,0,0,0,0,0,0,0,0,0,0,0,0,0,0,0
StarTrekGenerations,6.4,0,0,0,0,0,0,0,0,0,0,0,0,0,0,0,1,0,0,0,0
TheGrandmaster,6.3,1,0,0,0,0,0,0,0,0,0,0,0,0,0,0,0,0,0,0,0
WaterforElephants,6.7,0,0,0,0,0,0,1,0,0,0,0,0,0,0,0,0,0,0,0,0
DragonNestWarriorsDawn,6.8,0,1,0,0,0,0,0,0,0,0,0,0,0,0,0,0,0,0,0,0
TheHurricane,7.2,0,0,0,0,0,0,1,0,0,0,0,0,0,0,0,0,0,0,0,0
Enough,6.2,0,0,0,0,0,0,1,0,0,0,0,0,0,0,0,0,0,0,0,0
Heartbreakers,5.7,0,0,0,0,1,0,0,0,0,0,0,0,0,0,0,0,0,0,0,0
PaulBlartMallCop2,5.0,1,0,0,0,0,0,0,0,0,0,0,0,0,0,0,0,0,0,0,0
AngelEyes,5.6,0,0,0,0,0,0,1,0,0,0,0,0,0,0,0,0,0,0,0,0
JoeSomebody,5.5,0,0,0,1,0,0,0,0,0,0,0,0,0,0,0,0,0,0,0,0
TheNinthGate,6.3,0,0,0,0,0,0,0,0,0,0,0,1,0,0,0,0,0,0,0,0
ExtremeMeasures,5.7,0,0,0,0,0,0,1,0,0,0,0,0,0,0,0,0,0,0,0,0
RockStar,6.0,0,0,0,0,0,0,0,0,0,0,0,0,1,0,0,0,0,0,0,0
Precious,6.9,0,0,0,0,0,0,1,0,0,0,0,0,0,0,0,0,0,0,0,0
WhiteSquall,6.3,1,0,0,0,0,0,0,0,0,0,0,0,0,0,0,0,0,0,0,0
TheThing,7.8,0,0,0,0,0,0,0,0,0,0,0,1,0,0,0,0,0,0,0,0
Riddick,6.2,0,0,0,0,0,0,0,0,0,0,0,0,0,0,0,1,0,0,0,0
Switchback,5.8,1,0,0,0,0,0,0,0,0,0,0,0,0,0,0,0,0,0,0,0
TexasRangers,5.4,1,0,0,0,0,0,0,0,0,0,0,0,0,0,0,0,0,0,0,0
CityofEmber,6.2,0,1,0,0,0,0,0,0,0,0,0,0,0,0,0,0,0,0,0,0
TheMaster,7.0,0,0,0,0,0,0,1,0,0,0,0,0,0,0,0,0,0,0,0,0
VirginTerritory,4.3,0,1,0,0,0,0,0,0,0,0,0,0,0,0,0,0,0,0,0,0
TheExpress,7.1,0,0,0,0,0,0,1,0,0,0,0,0,0,0,0,0,0,0,0,0
The5thWave,5.6,0,1,0,0,0,0,0,0,0,0,0,0,0,0,0,0,0,0,0,0
Creed,7.3,0,0,0,0,0,0,1,0,0,0,0,0,0,0,0,0,0,0,0,0
TheTown,7.0,0,0,0,0,1,0,0,0,0,0,0,0,0,0,0,0,0,0,0,0
WhattoExpectWhenYoureExpecting,5.8,0,0,0,0,0,0,0,0,0,0,0,0,0,0,1,0,0,0,0,0
BurnAfterReading,6.5,0,0,0,1,0,0,0,0,0,0,0,0,0,0,0,0,0,0,0,0
NimsIsland,5.6,0,1,0,0,0,0,0,0,0,0,0,0,0,0,0,0,0,0,0,0
Rush,7.7,0,0,0,0,0,0,1,0,0,0,0,0,0,0,0,0,0,0,0,0
Magnolia,7.5,0,0,0,0,0,0,1,0,0,0,0,0,0,0,0,0,0,0,0,0
CopOut,5.3,1,0,0,0,0,0,0,0,0,0,0,0,0,0,0,0,0,0,0,0
HowtoBeSingle,5.9,0,0,0,1,0,0,0,0,0,0,0,0,0,0,0,0,0,0,0,0
DolphinTale,6.7,0,0,0,0,0,0,1,0,0,0,0,0,0,0,0,0,0,0,0,0
Twilight,5.8,0,1,0,0,0,0,0,0,0,0,0,0,0,0,0,0,0,0,0,0
JohnQ,7.0,0,0,0,0,0,0,1,0,0,0,0,0,0,0,0,0,0,0,0,0
BlueStreak,6.1,1,0,0,0,0,0,0,0,0,0,0,0,0,0,0,0,0,0,0,0
WeretheMillers,6.8,0,0,0,1,0,0,0,0,0,0,0,0,0,0,0,0,0,0,0,0
TheInhabitedIsland,5.3,1,0,0,0,0,0,0,0,0,0,0,0,0,0,0,0,0,0,0,0
Breakdown,6.6,0,0,0,0,0,0,1,0,0,0,0,0,0,0,0,0,0,0,0,0
NeverSayNeverAgain,5.8,0,1,0,0,0,0,0,0,0,0,0,0,0,0,0,0,0,0,0,0
HotTubTimeMachine,6.0,0,0,0,0,0,0,0,0,0,0,0,0,0,0,0,1,0,0,0,0
DolphinTale2,6.7,0,0,0,0,0,0,0,1,0,0,0,0,0,0,0,0,0,0,0,0
ReindeerGames,5.4,0,0,0,0,0,0,0,0,0,0,0,0,0,0,0,0,0,1,0,0
AManApart,5.8,1,0,0,0,0,0,0,0,0,0,0,0,0,0,0,0,0,0,0,0
Aloha,5.2,0,0,0,0,0,0,1,0,0,0,0,0,0,0,0,0,0,0,0,0
GhostsofMississippi,6.2,0,0,0,0,0,0,0,0,0,0,1,0,0,0,0,0,0,0,0,0
SnowFallingonCedars,6.3,0,0,0,0,0,0,1,0,0,0,0,0,0,0,0,0,0,0,0,0
TheRite,5.8,0,0,0,0,0,0,1,0,0,0,0,0,0,0,0,0,0,0,0,0
Gattaca,7.5,0,0,0,0,0,0,0,0,0,0,0,0,0,0,0,0,0,1,0,0
IsntSheGreat,4.6,0,0,0,0,0,0,1,0,0,0,0,0,0,0,0,0,0,0,0,0
SpaceChimps,5.2,0,0,1,0,0,0,0,0,0,0,0,0,0,0,0,0,0,0,0,0
HeadofState,5.3,0,0,0,1,0,0,0,0,0,0,0,0,0,0,0,0,0,0,0,0
TheHangover,7.2,0,0,0,1,0,0,0,0,0,0,0,0,0,0,0,0,0,0,0,0
IpMan3,6.5,1,0,0,0,0,0,0,0,0,0,0,0,0,0,0,0,0,0,0,0
AustinPowersTheSpyWhoShaggedMe,6.2,0,1,0,0,0,0,0,0,0,0,0,0,0,0,0,0,0,0,0,0
Batman,7.0,0,0,0,0,0,0,0,0,1,0,0,0,0,0,0,0,0,0,0,0
ThereBeDragons,5.9,0,0,0,0,0,0,1,0,0,0,0,0,0,0,0,0,0,0,0,0
LethalWeapon3,6.4,0,1,0,0,0,0,0,0,0,0,0,0,0,0,0,0,0,0,0,0
TheBlindSide,7.2,0,0,0,0,0,0,1,0,0,0,0,0,0,0,0,0,0,0,0,0
SpyKids,5.5,1,0,0,0,0,0,0,0,0,0,0,0,0,0,0,0,0,0,0,0
HorribleBosses,6.5,0,0,0,1,0,0,0,0,0,0,0,0,0,0,0,0,0,0,0,0
TrueGrit,7.2,0,0,0,0,0,0,1,0,0,0,0,0,0,0,0,0,0,0,0,0
TheDevilWearsPrada,7.0,0,0,0,1,0,0,0,0,0,0,0,0,0,0,0,0,0,0,0,0
StarTrekTheMotionPicture,6.2,0,0,0,0,0,0,0,0,0,0,0,0,0,0,0,1,0,0,0,0
IdentityThief,5.6,0,0,0,1,0,0,0,0,0,0,0,0,0,0,0,0,0,0,0,0
CapeFear,7.0,0,0,0,0,1,0,0,0,0,0,0,0,0,0,0,0,0,0,0,0
21,6.5,0,0,0,0,0,0,1,0,0,0,0,0,0,0,0,0,0,0,0,0
Trainwreck,5.9,0,0,0,1,0,0,0,0,0,0,0,0,0,0,0,0,0,0,0,0
GuessWho,5.5,0,0,0,1,0,0,0,0,0,0,0,0,0,0,0,0,0,0,0,0
TheEnglishPatient,7.0,0,0,0,0,0,0,1,0,0,0,0,0,0,0,0,0,0,0,0,0
LAConfidential,7.7,0,0,0,0,1,0,0,0,0,0,0,0,0,0,0,0,0,0,0,0
SkyHigh,5.8,0,1,0,0,0,0,0,0,0,0,0,0,0,0,0,0,0,0,0,0
InOut,6.3,0,0,0,1,0,0,0,0,0,0,0,0,0,0,0,0,0,0,0,0
Species,5.5,0,0,0,0,0,0,0,0,0,0,0,0,0,0,0,1,0,0,0,0
ANightmareonElmStreet,7.2,0,0,0,0,0,0,0,0,0,0,0,1,0,0,0,0,0,0,0,0
TheCell,6.0,0,0,0,0,0,0,0,0,0,0,0,1,0,0,0,0,0,0,0,0
TheManintheIronMask,6.3,1,0,0,0,0,0,0,0,0,0,0,0,0,0,0,0,0,0,0,0
Secretariat,6.8,0,0,0,0,0,0,1,0,0,0,0,0,0,0,0,0,0,0,0,0
TMNT,6.0,0,1,0,0,0,0,0,0,0,0,0,0,0,0,0,0,0,0,0,0
Radio,6.8,0,0,0,0,0,0,1,0,0,0,0,0,0,0,0,0,0,0,0,0
FriendswithBenefits,6.5,0,0,0,0,0,0,0,0,0,0,0,0,0,0,1,0,0,0,0,0
Neighbors2SororityRising,5.6,0,0,0,1,0,0,0,0,0,0,0,0,0,0,0,0,0,0,0,0
SavingMrBanks,7.3,0,0,0,1,0,0,0,0,0,0,0,0,0,0,0,0,0,0,0,0
MalcolmX,7.2,0,0,0,0,0,0,1,0,0,0,0,0,0,0,0,0,0,0,0,0
ThisIs40,5.6,0,0,0,1,0,0,0,0,0,0,0,0,0,0,0,0,0,0,0,0
OldDogs,5.2,0,0,0,1,0,0,0,0,0,0,0,0,0,0,0,0,0,0,0,0
UnderworldRiseoftheLycans,6.2,0,0,0,0,0,0,0,0,1,0,0,0,0,0,0,0,0,0,0,0
LicensetoWed,5.2,0,0,0,1,0,0,0,0,0,0,0,0,0,0,0,0,0,0,0,0
TheBenchwarmers,5.2,0,0,0,1,0,0,0,0,0,0,0,0,0,0,0,0,0,0,0,0
MustLoveDogs,5.8,0,0,0,1,0,0,0,0,0,0,0,0,0,0,0,0,0,0,0,0
DonnieBrasco,7.4,0,0,0,0,1,0,0,0,0,0,0,0,0,0,0,0,0,0,0,0
ResidentEvil,6.4,0,0,0,0,0,0,0,0,0,0,0,1,0,0,0,0,0,0,0,0
Poltergeist,7.0,0,0,0,0,0,0,0,0,0,0,0,1,0,0,0,0,0,0,0,0
TheLadykillers,6.0,0,0,0,1,0,0,0,0,0,0,0,0,0,0,0,0,0,0,0,0
MaxPayne,5.2,1,0,0,0,0,0,0,0,0,0,0,0,0,0,0,0,0,0,0,0
InTime,6.7,1,0,0,0,0,0,0,0,0,0,0,0,0,0,0,0,0,0,0,0
TheBackUpPlan,5.7,0,0,0,1,0,0,0,0,0,0,0,0,0,0,0,0,0,0,0,0
SomethingBorrowed,5.9,0,0,0,1,0,0,0,0,0,0,0,0,0,0,0,0,0,0,0,0
BlackKnight,5.1,0,1,0,0,0,0,0,0,0,0,0,0,0,0,0,0,0,0,0,0
TheBadNewsBears,6.9,0,0,0,1,0,0,0,0,0,0,0,0,0,0,0,0,0,0,0,0
StreetFighter,4.1,1,0,0,0,0,0,0,0,0,0,0,0,0,0,0,0,0,0,0,0
ThePianist,8.0,0,0,0,0,0,0,1,0,0,0,0,0,0,0,0,0,0,0,0,0
TheNativityStory,6.4,0,0,0,0,0,0,1,0,0,0,0,0,0,0,0,0,0,0,0,0
HouseofWax,5.5,0,0,0,0,0,0,0,0,0,0,0,1,0,0,0,0,0,0,0,0
Closer,6.7,0,0,0,0,0,0,1,0,0,0,0,0,0,0,0,0,0,0,0,0
JEdgar,6.0,0,0,0,0,0,0,1,0,0,0,0,0,0,0,0,0,0,0,0,0
Mirrors,6.0,0,0,0,0,0,0,0,0,0,0,0,1,0,0,0,0,0,0,0,0
QueenoftheDamned,5.4,0,0,0,0,0,0,1,0,0,0,0,0,0,0,0,0,0,0,0,0
Predator2,5.9,0,0,0,0,0,0,0,0,0,0,0,0,0,0,0,1,0,0,0,0
Untraceable,5.9,0,0,0,0,0,0,1,0,0,0,0,0,0,0,0,0,0,0,0,0
BlastfromthePast,6.3,0,0,0,1,0,0,0,0,0,0,0,0,0,0,0,0,0,0,0,0
FlashGordon,6.1,0,0,0,0,0,0,0,0,0,0,0,0,0,0,0,1,0,0,0,0
JerseyGirl,5.8,0,0,0,1,0,0,0,0,0,0,0,0,0,0,0,0,0,0,0,0
AlexCross,5.1,1,0,0,0,0,0,0,0,0,0,0,0,0,0,0,0,0,0,0,0
MidnightintheGardenofGoodandEvil,6.3,0,0,0,0,1,0,0,0,0,0,0,0,0,0,0,0,0,0,0,0
Heist,5.6,0,0,0,0,1,0,0,0,0,0,0,0,0,0,0,0,0,0,0,0
NannyMcPheeandtheBigBang,6.0,0,0,0,1,0,0,0,0,0,0,0,0,0,0,0,0,0,0,0,0
Hoffa,6.1,0,0,0,0,1,0,0,0,0,0,0,0,0,0,0,0,0,0,0,0
TheXFilesIWanttoBelieve,5.5,0,0,0,0,0,0,1,0,0,0,0,0,0,0,0,0,0,0,0,0
EllaEnchanted,5.9,0,0,0,0,0,0,0,1,0,0,0,0,0,0,0,0,0,0,0,0
Concussion,7.0,0,0,0,0,0,0,1,0,0,0,0,0,0,0,0,0,0,0,0,0
Abduction,5.6,0,0,0,0,0,0,0,0,0,0,0,0,0,0,0,0,0,1,0,0
Valiant,5.2,0,0,1,0,0,0,0,0,0,0,0,0,0,0,0,0,0,0,0,0
WonderBoys,6.9,0,0,0,1,0,0,0,0,0,0,0,0,0,0,0,0,0,0,0,0
SuperheroMovie,4.9,1,0,0,0,0,0,0,0,0,0,0,0,0,0,0,0,0,0,0,0
BrokenCity,5.7,0,0,0,0,0,0,0,0,0,0,0,0,0,0,0,0,0,1,0,0
Cursed,5.1,0,0,0,0,0,0,0,0,0,0,0,1,0,0,0,0,0,0,0,0
PremiumRush,6.2,0,0,0,0,1,0,0,0,0,0,0,0,0,0,0,0,0,0,0,0
HotPursuit,5.4,1,0,0,0,0,0,0,0,0,0,0,0,0,0,0,0,0,0,0,0
TheFourFeathers,6.5,0,0,0,0,0,0,0,0,0,0,0,0,0,0,0,0,0,0,1,0
Parker,5.7,1,0,0,0,0,0,0,0,0,0,0,0,0,0,0,0,0,0,0,0
Wimbledon,6.0,0,0,0,1,0,0,0,0,0,0,0,0,0,0,0,0,0,0,0,0
FurryVengeance,4.6,0,0,0,1,0,0,0,0,0,0,0,0,0,0,0,0,0,0,0,0
Bait,5.3,1,0,0,0,0,0,0,0,0,0,0,0,0,0,0,0,0,0,0,0
Krull,5.8,0,0,0,0,0,0,0,0,1,0,0,0,0,0,0,0,0,0,0,0
LionsforLambs,6.0,1,0,0,0,0,0,0,0,0,0,0,0,0,0,0,0,0,0,0,0
FlightoftheIntruder,5.7,1,0,0,0,0,0,0,0,0,0,0,0,0,0,0,0,0,0,0,0
WalkHardTheDeweyCoxStory,6.6,0,0,0,1,0,0,0,0,0,0,0,0,0,0,0,0,0,0,0,0
TheShippingNews,6.4,0,0,0,0,0,0,1,0,0,0,0,0,0,0,0,0,0,0,0,0
AmericanOutlaws,5.7,1,0,0,0,0,0,0,0,0,0,0,0,0,0,0,0,0,0,0,0
TheYoungVictoria,7.0,0,0,0,0,0,0,1,0,0,0,0,0,0,0,0,0,0,0,0,0
Whiteout,5.3,1,0,0,0,0,0,0,0,0,0,0,0,0,0,0,0,0,0,0,0
TheTreeofLife,6.5,0,0,0,0,0,0,1,0,0,0,0,0,0,0,0,0,0,0,0,0
KnockOff,4.7,1,0,0,0,0,0,0,0,0,0,0,0,0,0,0,0,0,0,0,0
Sabotage,5.5,1,0,0,0,0,0,0,0,0,0,0,0,0,0,0,0,0,0,0,0
TheOrder,4.8,0,0,0,0,0,0,1,0,0,0,0,0,0,0,0,0,0,0,0,0
PunisherWarZone,5.6,1,0,0,0,0,0,0,0,0,0,0,0,0,0,0,0,0,0,0,0
Zoom,4.9,0,0,0,0,0,0,0,1,0,0,0,0,0,0,0,0,0,0,0,0
TheWalk,6.9,0,1,0,0,0,0,0,0,0,0,0,0,0,0,0,0,0,0,0,0
WarriorsofVirtue,4.7,0,0,0,0,0,0,0,0,1,0,0,0,0,0,0,0,0,0,0,0
AGoodYear,6.5,0,0,0,1,0,0,0,0,0,0,0,0,0,0,0,0,0,0,0,0
RadioFlyer,6.6,0,0,0,0,0,0,1,0,0,0,0,0,0,0,0,0,0,0,0,0
BoundbyHonor,7.7,1,0,0,0,0,0,0,0,0,0,0,0,0,0,0,0,0,0,0,0
SmillasSenseofSnow,6.6,1,0,0,0,0,0,0,0,0,0,0,0,0,0,0,0,0,0,0,0
FemmeFatale,6.2,0,0,0,0,0,0,0,0,0,0,0,0,0,0,0,0,0,1,0,0
LionoftheDesert,7.4,1,0,0,0,0,0,0,0,0,0,0,0,0,0,0,0,0,0,0,0
TheHorsemanontheRoof,6.7,0,0,0,0,0,0,0,0,0,0,0,0,0,0,0,0,0,0,1,0
RidewiththeDevil,6.6,0,0,0,0,0,0,1,0,0,0,0,0,0,0,0,0,0,0,0,0
Biutiful,7.0,0,0,0,0,0,0,1,0,0,0,0,0,0,0,0,0,0,0,0,0
Bandidas,5.8,1,0,0,0,0,0,0,0,0,0,0,0,0,0,0,0,0,0,0,0
BlackWaterTransit,0.0,0,0,0,0,0,0,1,0,0,0,0,0,0,0,0,0,0,0,0,0
TheMazeRunner,7.0,1,0,0,0,0,0,0,0,0,0,0,0,0,0,0,0,0,0,0,0
UnfinishedBusiness,5.0,0,0,0,1,0,0,0,0,0,0,0,0,0,0,0,0,0,0,0,0
TheAgeofInnocence,7.0,0,0,0,0,0,0,1,0,0,0,0,0,0,0,0,0,0,0,0,0
TheFountain,6.8,0,0,0,0,0,0,1,0,0,0,0,0,0,0,0,0,0,0,0,0
ChillFactor,5.3,1,0,0,0,0,0,0,0,0,0,0,0,0,0,0,0,0,0,0,0
Stolen,5.1,1,0,0,0,0,0,0,0,0,0,0,0,0,0,0,0,0,0,0,0
Ponyo,7.5,0,0,1,0,0,0,0,0,0,0,0,0,0,0,0,0,0,0,0,0
TheLongestRide,7.3,0,0,0,0,0,0,1,0,0,0,0,0,0,0,0,0,0,0,0,0
TheAstronautsWife,5.4,0,0,0,0,0,0,1,0,0,0,0,0,0,0,0,0,0,0,0,0
IDreamedofAfrica,5.3,0,0,0,0,0,0,0,0,0,0,0,0,0,0,1,0,0,0,0,0
PlayingforKeeps,5.4,0,0,0,1,0,0,0,0,0,0,0,0,0,0,0,0,0,0,0,0
MandelaLongWalktoFreedom,6.5,0,0,0,0,0,0,1,0,0,0,0,0,0,0,0,0,0,0,0,0
Reds,7.1,0,0,0,0,0,0,1,0,0,0,0,0,0,0,0,0,0,0,0,0
AFewGoodMen,7.1,0,0,0,0,0,0,1,0,0,0,0,0,0,0,0,0,0,0,0,0
ExitWounds,5.3,1,0,0,0,0,0,0,0,0,0,0,0,0,0,0,0,0,0,0,0
BigMommasHouse,5.6,0,0,0,0,1,0,0,0,0,0,0,0,0,0,0,0,0,0,0,0
ThunderandtheHouseofMagic,6.3,0,0,0,0,0,0,0,1,0,0,0,0,0,0,0,0,0,0,0,0
TheDarkestHour,4.8,0,0,0,0,0,0,0,0,0,0,0,1,0,0,0,0,0,0,0,0
StepUpRevolution,6.7,0,0,0,0,0,0,0,0,0,0,0,0,1,0,0,0,0,0,0,0
SnakesonaPlane,5.1,1,0,0,0,0,0,0,0,0,0,0,0,0,0,0,0,0,0,0,0
TheWatcher,4.9,0,0,0,0,0,0,0,0,0,0,0,0,0,1,0,0,0,0,0,0
ThePunisher,6.1,1,0,0,0,0,0,0,0,0,0,0,0,0,0,0,0,0,0,0,0
GoalTheDreamBegins,6.6,0,0,0,0,0,0,1,0,0,0,0,0,0,0,0,0,0,0,0,0
Safe,6.3,1,0,0,0,0,0,0,0,0,0,0,0,0,0,0,0,0,0,0,0
PushingTin,5.7,0,0,0,1,0,0,0,0,0,0,0,0,0,0,0,0,0,0,0,0
ReturnoftheJedi,7.9,0,1,0,0,0,0,0,0,0,0,0,0,0,0,0,0,0,0,0,0
Doomsday,5.8,1,0,0,0,0,0,0,0,0,0,0,0,0,0,0,0,0,0,0,0
TheReader,7.2,0,0,0,0,0,0,1,0,0,0,0,0,0,0,0,0,0,0,0,0
Wanderlust,5.3,0,0,0,1,0,0,0,0,0,0,0,0,0,0,0,0,0,0,0,0
Elf,6.4,0,0,0,1,0,0,0,0,0,0,0,0,0,0,0,0,0,0,0,0
Phenomenon,6.2,0,0,0,0,0,0,1,0,0,0,0,0,0,0,0,0,0,0,0,0
SnowDogs,5.3,0,1,0,0,0,0,0,0,0,0,0,0,0,0,0,0,0,0,0,0
Scrooged,6.7,0,0,0,0,0,0,0,0,1,0,0,0,0,0,0,0,0,0,0,0
NachoLibre,5.6,0,0,0,1,0,0,0,0,0,0,0,0,0,0,0,0,0,0,0,0
Bridesmaids,6.5,0,0,0,1,0,0,0,0,0,0,0,0,0,0,0,0,0,0,0,0
ThisIstheEnd,6.3,1,0,0,0,0,0,0,0,0,0,0,0,0,0,0,0,0,0,0,0
Stigmata,6.0,0,0,0,0,0,0,0,0,0,0,0,1,0,0,0,0,0,0,0,0
MenofHonor,7.0,0,0,0,0,0,0,1,0,0,0,0,0,0,0,0,0,0,0,0,0
Takers,6.0,1,0,0,0,0,0,0,0,0,0,0,0,0,0,0,0,0,0,0,0
TheBigWedding,5.7,0,0,0,1,0,0,0,0,0,0,0,0,0,0,0,0,0,0,0,0
BigMommasLikeFatherLikeSon,5.3,0,0,0,0,1,0,0,0,0,0,0,0,0,0,0,0,0,0,0,0
SourceCode,7.1,0,0,0,0,0,0,0,0,0,0,0,0,0,0,0,0,0,1,0,0
Alive,6.7,1,0,0,0,0,0,0,0,0,0,0,0,0,0,0,0,0,0,0,0
TheNumber23,6.3,0,0,0,0,0,0,0,0,0,0,0,0,0,0,0,0,0,1,0,0
TheYoungandProdigiousTSSpivet,6.7,0,1,0,0,0,0,0,0,0,0,0,0,0,0,0,0,0,0,0,0
1941,5.6,1,0,0,0,0,0,0,0,0,0,0,0,0,0,0,0,0,0,0,0
DreamerInspiredByaTrueStory,6.3,0,0,0,0,0,0,1,0,0,0,0,0,0,0,0,0,0,0,0,0
AHistoryofViolence,6.9,0,0,0,0,0,0,1,0,0,0,0,0,0,0,0,0,0,0,0,0
Transporter2,6.2,1,0,0,0,0,0,0,0,0,0,0,0,0,0,0,0,0,0,0,0
TheQuickandtheDead,6.3,1,0,0,0,0,0,0,0,0,0,0,0,0,0,0,0,0,0,0,0
LawsofAttraction,5.6,1,0,0,0,0,0,0,0,0,0,0,0,0,0,0,0,0,0,0,0
BringingOuttheDead,6.6,0,0,0,0,0,0,1,0,0,0,0,0,0,0,0,0,0,0,0,0
RepoMen,6.2,1,0,0,0,0,0,0,0,0,0,0,0,0,0,0,0,0,0,0,0
DragonWarsDWar,4.0,0,0,0,0,0,0,0,0,1,0,0,0,0,0,0,0,0,0,0,0
Bogus,5.4,0,0,0,0,0,0,0,0,1,0,0,0,0,0,0,0,0,0,0,0
TheIncredibleBurtWonderstone,5.3,0,0,0,1,0,0,0,0,0,0,0,0,0,0,0,0,0,0,0,0
CatsDontDance,7.1,0,0,1,0,0,0,0,0,0,0,0,0,0,0,0,0,0,0,0,0
CradleWillRock,7.2,0,0,0,0,0,0,1,0,0,0,0,0,0,0,0,0,0,0,0,0
TheGoodGerman,5.9,0,0,0,0,0,0,0,0,0,0,0,0,0,0,0,0,0,0,1,0
GeorgeandtheDragon,5.0,0,1,0,0,0,0,0,0,0,0,0,0,0,0,0,0,0,0,0,0
ApocalypseNow,8.0,0,0,0,0,0,0,1,0,0,0,0,0,0,0,0,0,0,0,0,0
GoingtheDistance,6.0,0,0,0,1,0,0,0,0,0,0,0,0,0,0,0,0,0,0,0,0
MrHollandsOpus,6.9,0,0,0,0,0,0,0,0,0,0,0,0,1,0,0,0,0,0,0,0
Criminal,5.7,1,0,0,0,0,0,0,0,0,0,0,0,0,0,0,0,0,0,0,0
OutofAfrica,7.0,0,0,0,0,0,0,1,0,0,0,0,0,0,0,0,0,0,0,0,0
Flight,6.5,0,0,0,0,0,0,1,0,0,0,0,0,0,0,0,0,0,0,0,0
Moonraker,5.9,1,0,0,0,0,0,0,0,0,0,0,0,0,0,0,0,0,0,0,0
TheGrandBudapestHotel,8.0,0,0,0,1,0,0,0,0,0,0,0,0,0,0,0,0,0,0,0,0
HeartsinAtlantis,6.4,0,0,0,0,0,0,1,0,0,0,0,0,0,0,0,0,0,0,0,0
Arachnophobia,6.2,0,0,0,1,0,0,0,0,0,0,0,0,0,0,0,0,0,0,0,0
Frequency,7.0,0,0,0,0,1,0,0,0,0,0,0,0,0,0,0,0,0,0,0,0
Vacation,6.2,0,0,0,1,0,0,0,0,0,0,0,0,0,0,0,0,0,0,0,0
GetShorty,6.4,0,0,0,1,0,0,0,0,0,0,0,0,0,0,0,0,0,0,0,0
Chicago,6.9,1,0,0,0,0,0,0,0,0,0,0,0,0,0,0,0,0,0,0,0
BigDaddy,6.1,0,0,0,1,0,0,0,0,0,0,0,0,0,0,0,0,0,0,0,0
AmericanPie2,6.0,0,0,0,1,0,0,0,0,0,0,0,0,0,0,0,0,0,0,0,0
ToyStory,7.7,0,0,1,0,0,0,0,0,0,0,0,0,0,0,0,0,0,0,0,0
Speed,6.8,1,0,0,0,0,0,0,0,0,0,0,0,0,0,0,0,0,0,0,0
TheVow,7.0,0,0,0,0,0,0,1,0,0,0,0,0,0,0,0,0,0,0,0,0
ExtraordinaryMeasures,6.0,0,0,0,0,0,0,1,0,0,0,0,0,0,0,0,0,0,0,0,0
RemembertheTitans,7.4,0,0,0,0,0,0,1,0,0,0,0,0,0,0,0,0,0,0,0,0
TheHuntforRedOctober,7.2,1,0,0,0,0,0,0,0,0,0,0,0,0,0,0,0,0,0,0,0
TheButler,7.2,0,0,0,0,0,0,1,0,0,0,0,0,0,0,0,0,0,0,0,0
DodgeBallATrueUnderdogStory,6.2,0,0,0,1,0,0,0,0,0,0,0,0,0,0,0,0,0,0,0,0
TheAddamsFamily,6.7,0,0,0,0,0,0,0,0,0,0,0,1,0,0,0,0,0,0,0,0
AceVenturaWhenNatureCalls,6.1,0,0,0,0,1,0,0,0,0,0,0,0,0,0,0,0,0,0,0,0
ThePrincessDiaries,6.5,0,0,0,1,0,0,0,0,0,0,0,0,0,0,0,0,0,0,0,0
TheFirstWivesClub,6.5,0,0,0,1,0,0,0,0,0,0,0,0,0,0,0,0,0,0,0,0
Se7en,8.1,0,0,0,0,1,0,0,0,0,0,0,0,0,0,0,0,0,0,0,0
District9,7.3,0,0,0,0,0,0,0,0,0,0,0,0,0,0,0,1,0,0,0,0
TheSpongeBobSquarePantsMovie,6.7,0,0,1,0,0,0,0,0,0,0,0,0,0,0,0,0,0,0,0,0
MysticRiver,7.6,0,0,0,0,0,0,0,0,0,0,0,0,0,0,0,0,0,1,0,0
MillionDollarBaby,7.7,0,0,0,0,0,0,1,0,0,0,0,0,0,0,0,0,0,0,0,0
AnalyzeThis,6.4,0,0,0,1,0,0,0,0,0,0,0,0,0,0,0,0,0,0,0,0
TheNotebook,7.7,0,0,0,0,0,0,0,0,0,0,0,0,0,0,1,0,0,0,0,0
27Dresses,6.1,0,0,0,1,0,0,0,0,0,0,0,0,0,0,0,0,0,0,0,0
HannahMontanaTheMovie,6.0,0,0,0,1,0,0,0,0,0,0,0,0,0,0,0,0,0,0,0,0
RugratsinParisTheMovie,6.0,0,1,0,0,0,0,0,0,0,0,0,0,0,0,0,0,0,0,0,0
ThePrinceofTides,5.9,0,0,0,0,0,0,1,0,0,0,0,0,0,0,0,0,0,0,0,0
LegendsoftheFall,7.2,0,1,0,0,0,0,0,0,0,0,0,0,0,0,0,0,0,0,0,0
UpintheAir,6.7,0,0,0,0,0,0,1,0,0,0,0,0,0,0,0,0,0,0,0,0
AboutSchmidt,6.7,0,0,0,0,0,0,1,0,0,0,0,0,0,0,0,0,0,0,0,0
WarmBodies,6.4,0,0,0,0,0,0,0,0,0,0,0,1,0,0,0,0,0,0,0,0
Looper,6.6,1,0,0,0,0,0,0,0,0,0,0,0,0,0,0,0,0,0,0,0
DowntoEarth,4.9,0,0,0,0,0,0,0,0,1,0,0,0,0,0,0,0,0,0,0,0
Babe,6.0,0,0,0,0,0,0,0,0,1,0,0,0,0,0,0,0,0,0,0,0
HopeSprings,5.8,0,0,0,0,0,0,1,0,0,0,0,0,0,0,0,0,0,0,0,0
ForgettingSarahMarshall,6.4,0,0,0,1,0,0,0,0,0,0,0,0,0,0,0,0,0,0,0,0
FourBrothers,6.7,1,0,0,0,0,0,0,0,0,0,0,0,0,0,0,0,0,0,0,0
BabyMama,5.8,0,0,0,1,0,0,0,0,0,0,0,0,0,0,0,0,0,0,0,0
HopeFloats,5.8,0,0,0,0,0,0,1,0,0,0,0,0,0,0,0,0,0,0,0,0
BrideWars,5.9,0,0,0,1,0,0,0,0,0,0,0,0,0,0,0,0,0,0,0,0
WithoutaPaddle,5.3,1,0,0,0,0,0,0,0,0,0,0,0,0,0,0,0,0,0,0,0
13Goingon30,6.3,0,0,0,1,0,0,0,0,0,0,0,0,0,0,0,0,0,0,0,0
MidnightinParis,7.4,0,0,0,0,0,0,0,0,1,0,0,0,0,0,0,0,0,0,0,0
TheNutJob,5.5,0,0,1,0,0,0,0,0,0,0,0,0,0,0,0,0,0,0,0,0
Blow,7.4,0,0,0,0,1,0,0,0,0,0,0,0,0,0,0,0,0,0,0,0
MessageinaBottle,5.8,0,0,0,0,0,0,0,0,0,0,0,0,0,0,1,0,0,0,0,0
StarTrekVTheFinalFrontier,5.6,0,0,0,0,0,0,0,0,0,0,0,0,0,0,0,1,0,0,0,0
LikeMike,5.7,0,0,0,1,0,0,0,0,0,0,0,0,0,0,0,0,0,0,0,0
TheNakedGun33⅓TheFinalInsult,6.3,0,0,0,1,0,0,0,0,0,0,0,0,0,0,0,0,0,0,0,0
AViewtoaKill,6.0,0,1,0,0,0,0,0,0,0,0,0,0,0,0,0,0,0,0,0,0
TheCurseoftheWereRabbit,6.8,0,1,0,0,0,0,0,0,0,0,0,0,0,0,0,0,0,0,0,0
PSILoveYou,6.9,0,0,0,0,0,0,1,0,0,0,0,0,0,0,0,0,0,0,0,0
RacingStripes,5.1,0,0,0,1,0,0,0,0,0,0,0,0,0,0,0,0,0,0,0,0
Atonement,7.4,0,0,0,0,0,0,1,0,0,0,0,0,0,0,0,0,0,0,0,0
LetterstoJuliet,6.6,0,0,0,1,0,0,0,0,0,0,0,0,0,0,0,0,0,0,0,0
BlackRain,6.2,1,0,0,0,0,0,0,0,0,0,0,0,0,0,0,0,0,0,0,0
TheThreeStooges,4.9,0,0,0,1,0,0,0,0,0,0,0,0,0,0,0,0,0,0,0,0
CorpseBride,7.2,0,0,0,0,0,0,0,0,0,0,0,0,0,0,1,0,0,0,0,0
GloryRoad,7.2,0,0,0,0,0,0,1,0,0,0,0,0,0,0,0,0,0,0,0,0
Sicario,7.2,1,0,0,0,0,0,0,0,0,0,0,0,0,0,0,0,0,0,0,0
Southpaw,7.3,1,0,0,0,0,0,0,0,0,0,0,0,0,0,0,0,0,0,0,0
DragMetoHell,6.2,0,0,0,0,0,0,0,0,0,0,0,1,0,0,0,0,0,0,0,0
TheAgeofAdaline,7.4,0,0,0,0,0,0,0,0,1,0,0,0,0,0,0,0,0,0,0,0
SecondhandLions,6.9,0,0,0,1,0,0,0,0,0,0,0,0,0,0,0,0,0,0,0,0
StepUp3D,6.6,0,0,0,0,0,0,1,0,0,0,0,0,0,0,0,0,0,0,0,0
BlueCrush,5.6,0,1,0,0,0,0,0,0,0,0,0,0,0,0,0,0,0,0,0,0
StrangerThanFiction,7.1,0,0,0,1,0,0,0,0,0,0,0,0,0,0,0,0,0,0,0,0
30DaysofNight,6.2,0,0,0,0,0,0,0,0,0,0,0,1,0,0,0,0,0,0,0,0
TheCabinintheWoods,6.5,0,0,0,0,0,0,0,0,0,0,0,1,0,0,0,0,0,0,0,0
MeettheSpartans,3.7,0,0,0,1,0,0,0,0,0,0,0,0,0,0,0,0,0,0,0,0
MidnightRun,7.2,0,1,0,0,0,0,0,0,0,0,0,0,0,0,0,0,0,0,0,0
TheRunningMan,6.4,1,0,0,0,0,0,0,0,0,0,0,0,0,0,0,0,0,0,0,0
LittleShopofHorrors,6.6,0,0,0,0,0,0,0,0,0,0,0,1,0,0,0,0,0,0,0,0
Hanna,6.5,1,0,0,0,0,0,0,0,0,0,0,0,0,0,0,0,0,0,0,0
MortalKombatAnnihilation,3.8,1,0,0,0,0,0,0,0,0,0,0,0,0,0,0,0,0,0,0,0
LarryCrowne,5.7,0,0,0,1,0,0,0,0,0,0,0,0,0,0,0,0,0,0,0,0
Carrie,5.8,0,0,0,0,0,0,1,0,0,0,0,0,0,0,0,0,0,0,0,0
TaketheLead,6.6,0,0,0,0,0,0,0,0,0,0,0,0,1,0,0,0,0,0,0,0
GridironGang,6.5,1,0,0,0,0,0,0,0,0,0,0,0,0,0,0,0,0,0,0,0
WhatstheWorstThatCouldHappen,5.1,1,0,0,0,0,0,0,0,0,0,0,0,0,0,0,0,0,0,0,0
9,6.6,1,0,0,0,0,0,0,0,0,0,0,0,0,0,0,0,0,0,0,0
SideEffects,6.4,0,0,0,0,0,0,0,0,0,0,0,0,0,0,0,0,0,1,0,0
ThePrinceMe,5.9,0,0,0,1,0,0,0,0,0,0,0,0,0,0,0,0,0,0,0,0
WinniethePooh,6.8,0,0,1,0,0,0,0,0,0,0,0,0,0,0,0,0,0,0,0,0
DumbandDumbererWhenHarryMetLloyd,4.1,0,0,0,1,0,0,0,0,0,0,0,0,0,0,0,0,0,0,0,0
Bulworth,6.3,0,0,0,1,0,0,0,0,0,0,0,0,0,0,0,0,0,0,0,0
GetonUp,6.4,0,0,0,0,0,0,1,0,0,0,0,0,0,0,0,0,0,0,0,0
OneTrueThing,6.2,0,0,0,0,0,0,1,0,0,0,0,0,0,0,0,0,0,0,0,0
Virtuosity,5.4,1,0,0,0,0,0,0,0,0,0,0,0,0,0,0,0,0,0,0,0
MySuperExGirlfriend,4.8,0,0,0,0,0,0,0,0,1,0,0,0,0,0,0,0,0,0,0,0
DeliverUsfromEvil,5.9,0,0,0,0,0,0,0,0,0,0,0,0,0,0,0,0,0,1,0,0
Sanctum,5.8,1,0,0,0,0,0,0,0,0,0,0,0,0,0,0,0,0,0,0,0
LittleBlackBook,5.2,0,0,0,1,0,0,0,0,0,0,0,0,0,0,0,0,0,0,0,0
TheFiveYearEngagement,5.7,0,0,0,1,0,0,0,0,0,0,0,0,0,0,0,0,0,0,0,0
Mr3000,5.0,0,0,0,1,0,0,0,0,0,0,0,0,0,0,0,0,0,0,0,0
TheNextThreeDays,6.9,0,0,0,0,0,0,0,0,0,0,0,0,0,0,1,0,0,0,0,0
Ultraviolet,4.8,0,0,0,0,0,0,0,0,0,0,0,0,0,0,0,1,0,0,0,0
AssaultonPrecinct13,6.0,0,0,0,0,0,0,0,0,0,0,0,0,0,0,0,0,0,1,0,0
TheReplacementKillers,6.0,1,0,0,0,0,0,0,0,0,0,0,0,0,0,0,0,0,0,0,0
Fled,5.2,1,0,0,0,0,0,0,0,0,0,0,0,0,0,0,0,0,0,0,0
EightLeggedFreaks,5.4,1,0,0,0,0,0,0,0,0,0,0,0,0,0,0,0,0,0,0,0
LoveOtherDrugs,6.6,0,0,0,0,0,0,1,0,0,0,0,0,0,0,0,0,0,0,0,0
88Minutes,5.7,0,0,0,0,1,0,0,0,0,0,0,0,0,0,0,0,0,0,0,0
NorthCountry,6.8,0,0,0,0,0,0,1,0,0,0,0,0,0,0,0,0,0,0,0,0
TheWholeTenYards,5.5,0,0,0,1,0,0,0,0,0,0,0,0,0,0,0,0,0,0,0,0
Splice,5.5,0,0,0,0,0,0,0,0,0,0,0,1,0,0,0,0,0,0,0,0
HowardtheDuck,5.1,0,0,0,1,0,0,0,0,0,0,0,0,0,0,0,0,0,0,0,0
PrideandGlory,6.3,0,0,0,0,0,0,0,0,0,0,0,0,0,0,0,0,0,1,0,0
TheCave,5.1,1,0,0,0,0,0,0,0,0,0,0,0,0,0,0,0,0,0,0,0
AlexEmma,5.0,0,0,0,1,0,0,0,0,0,0,0,0,0,0,0,0,0,0,0,0
WickerPark,6.7,0,0,0,0,0,0,1,0,0,0,0,0,0,0,0,0,0,0,0,0
FrightNight,6.0,0,0,0,0,0,0,0,0,0,0,0,1,0,0,0,0,0,0,0,0
TheNewWorld,6.4,0,0,0,0,0,0,1,0,0,0,0,0,0,0,0,0,0,0,0,0
WingCommander,4.0,1,0,0,0,0,0,0,0,0,0,0,0,0,0,0,0,0,0,0,0
InDreams,5.4,0,0,0,0,0,0,1,0,0,0,0,0,0,0,0,0,0,0,0,0
DragonballEvolution,2.9,1,0,0,0,0,0,0,0,0,0,0,0,0,0,0,0,0,0,0,0
TheLastStand,5.7,1,0,0,0,0,0,0,0,0,0,0,0,0,0,0,0,0,0,0,0
Godsend,4.7,0,0,0,0,0,0,1,0,0,0,0,0,0,0,0,0,0,0,0,0
ChasingLiberty,6.1,0,0,0,1,0,0,0,0,0,0,0,0,0,0,0,0,0,0,0,0
HoodwinkedTooHoodVSEvil,4.8,0,0,0,1,0,0,0,0,0,0,0,0,0,0,0,0,0,0,0,0
AnUnfinishedLife,6.7,0,0,0,0,0,0,1,0,0,0,0,0,0,0,0,0,0,0,0,0
TheImaginariumofDoctorParnassus,6.3,0,1,0,0,0,0,0,0,0,0,0,0,0,0,0,0,0,0,0,0
BarneysVersion,7.2,0,0,0,1,0,0,0,0,0,0,0,0,0,0,0,0,0,0,0,0
RunnerRunner,5.5,0,0,0,0,1,0,0,0,0,0,0,0,0,0,0,0,0,0,0,0
Antitrust,5.8,1,0,0,0,0,0,0,0,0,0,0,0,0,0,0,0,0,0,0,0
Glory,7.4,0,0,0,0,0,0,0,0,0,0,0,0,0,0,0,0,0,0,1,0
OnceUponaTimeinAmerica,8.2,0,0,0,0,0,0,1,0,0,0,0,0,0,0,0,0,0,0,0,0
DeadManDown,5.9,0,0,0,0,0,0,0,0,0,0,0,0,0,0,0,0,0,1,0,0
TheMerchantofVenice,6.7,0,0,0,0,0,0,1,0,0,0,0,0,0,0,0,0,0,0,0,0
TheGoodThief,6.0,0,0,0,0,1,0,0,0,0,0,0,0,0,0,0,0,0,0,0,0
Supercross,5.4,1,0,0,0,0,0,0,0,0,0,0,0,0,0,0,0,0,0,0,0
MissPotter,6.3,0,0,0,0,0,0,1,0,0,0,0,0,0,0,0,0,0,0,0,0
ThePromise,5.0,0,0,0,0,0,0,0,0,1,0,0,0,0,0,0,0,0,0,0,0
DOADeadorAlive,5.0,0,1,0,0,0,0,0,0,0,0,0,0,0,0,0,0,0,0,0,0
TheAssassinationofJesseJamesbytheCowardRobertFord,7.0,1,0,0,0,0,0,0,0,0,0,0,0,0,0,0,0,0,0,0,0
1911,5.0,0,1,0,0,0,0,0,0,0,0,0,0,0,0,0,0,0,0,0,0
LittleNicholas,5.9,0,0,0,1,0,0,0,0,0,0,0,0,0,0,0,0,0,0,0,0
WildCard,5.4,0,0,0,0,0,0,0,0,0,0,0,0,0,0,0,0,0,1,0,0
MachineGunPreacher,6.4,1,0,0,0,0,0,0,0,0,0,0,0,0,0,0,0,0,0,0,0
AnimalsUnited,5.5,0,0,1,0,0,0,0,0,0,0,0,0,0,0,0,0,0,0,0,0
GoodbyeBafana,7.0,0,0,0,0,0,0,0,0,0,0,1,0,0,0,0,0,0,0,0,0
UnitedPassions,3.0,0,0,0,0,0,0,1,0,0,0,0,0,0,0,0,0,0,0,0,0
GraceofMonaco,5.8,0,0,0,0,0,0,0,0,0,0,0,0,0,0,1,0,0,0,0,0
SavvaHeartoftheWarrior,6.4,0,0,0,0,0,0,0,0,1,0,0,0,0,0,0,0,0,0,0,0
RipleysGame,6.6,0,0,0,0,1,0,0,0,0,0,0,0,0,0,0,0,0,0,0,0
SausageParty,5.6,0,1,0,0,0,0,0,0,0,0,0,0,0,0,0,0,0,0,0,0
PitchPerfect2,6.8,0,0,0,1,0,0,0,0,0,0,0,0,0,0,0,0,0,0,0,0
WalktheLine,7.3,0,0,0,0,0,0,1,0,0,0,0,0,0,0,0,0,0,0,0,0
KeepingtheFaith,5.9,0,0,0,1,0,0,0,0,0,0,0,0,0,0,0,0,0,0,0,0
TheBorrowers,5.8,0,1,0,0,0,0,0,0,0,0,0,0,0,0,0,0,0,0,0,0
FrostNixon,7.2,0,0,0,0,0,0,1,0,0,0,0,0,0,0,0,0,0,0,0,0
ConfessionsofaDangerousMind,6.6,0,0,0,1,0,0,0,0,0,0,0,0,0,0,0,0,0,0,0,0
ServingSara,5.0,0,0,0,1,0,0,0,0,0,0,0,0,0,0,0,0,0,0,0,0
TheBoss,5.5,0,0,0,1,0,0,0,0,0,0,0,0,0,0,0,0,0,0,0,0
CryFreedom,6.9,0,0,0,0,0,0,1,0,0,0,0,0,0,0,0,0,0,0,0,0
Mumford,6.3,0,0,0,1,0,0,0,0,0,0,0,0,0,0,0,0,0,0,0,0
SeedofChucky,4.9,0,0,0,0,0,0,1,0,0,0,0,0,0,0,0,0,0,0,0,0
TheJacket,6.8,0,0,0,0,0,0,1,0,0,0,0,0,0,0,0,0,0,0,0,0
Aladdin,7.4,0,0,1,0,0,0,0,0,0,0,0,0,0,0,0,0,0,0,0,0
StraightOuttaCompton,7.7,0,0,0,0,0,0,1,0,0,0,0,0,0,0,0,0,0,0,0,0
IndianaJonesandtheTempleofDoom,7.1,0,1,0,0,0,0,0,0,0,0,0,0,0,0,0,0,0,0,0,0
TheRugratsMovie,5.7,0,0,1,0,0,0,0,0,0,0,0,0,0,0,0,0,0,0,0,0
AlongCameaSpider,6.1,0,0,0,0,1,0,0,0,0,0,0,0,0,0,0,0,0,0,0,0
FlorenceFosterJenkins,6.6,0,0,0,1,0,0,0,0,0,0,0,0,0,0,0,0,0,0,0,0
OnceUponaTimeinMexico,6.2,1,0,0,0,0,0,0,0,0,0,0,0,0,0,0,0,0,0,0,0
DieHard,7.5,1,0,0,0,0,0,0,0,0,0,0,0,0,0,0,0,0,0,0,0
RoleModels,6.4,0,0,0,1,0,0,0,0,0,0,0,0,0,0,0,0,0,0,0,0
TheBigShort,7.3,0,0,0,1,0,0,0,0,0,0,0,0,0,0,0,0,0,0,0,0
TakingWoodstock,6.2,0,0,0,0,0,0,0,0,0,0,0,0,1,0,0,0,0,0,0,0
Miracle,7.0,0,0,0,0,0,0,1,0,0,0,0,0,0,0,0,0,0,0,0,0
DawnoftheDead,6.8,0,0,0,0,0,0,0,0,1,0,0,0,0,0,0,0,0,0,0,0
TheWeddingPlanner,5.5,0,0,0,1,0,0,0,0,0,0,0,0,0,0,0,0,0,0,0,0
SpacePirateCaptainHarlock,6.5,0,0,1,0,0,0,0,0,0,0,0,0,0,0,0,0,0,0,0,0
TheRoyalTenenbaums,7.4,0,0,0,1,0,0,0,0,0,0,0,0,0,0,0,0,0,0,0,0
Identity,7.1,0,0,0,0,0,0,0,0,0,0,0,0,0,1,0,0,0,0,0,0
LastVegas,6.4,0,0,0,1,0,0,0,0,0,0,0,0,0,0,0,0,0,0,0,0
ForYourEyesOnly,6.3,0,1,0,0,0,0,0,0,0,0,0,0,0,0,0,0,0,0,0,0
Serendipity,6.6,0,0,0,1,0,0,0,0,0,0,0,0,0,0,0,0,0,0,0,0
Timecop,5.5,0,0,0,0,0,0,0,0,0,0,0,0,0,0,0,0,0,1,0,0
Zoolander,6.1,0,0,0,1,0,0,0,0,0,0,0,0,0,0,0,0,0,0,0,0
SafeHaven,6.9,0,0,0,0,0,0,0,0,0,0,0,0,0,0,1,0,0,0,0,0
HocusPocus,6.4,0,0,0,1,0,0,0,0,0,0,0,0,0,0,0,0,0,0,0,0
NoReservations,6.1,0,0,0,1,0,0,0,0,0,0,0,0,0,0,0,0,0,0,0,0
KickAss,7.1,1,0,0,0,0,0,0,0,0,0,0,0,0,0,0,0,0,0,0,0
30MinutesorLess,5.6,1,0,0,0,0,0,0,0,0,0,0,0,0,0,0,0,0,0,0,0
Dracula2000,4.6,0,0,0,0,0,0,0,0,0,0,0,0,0,0,0,0,0,1,0,0
AlexanderandtheTerribleHorribleNoGoodVeryBadDay,6.1,0,0,0,0,0,0,0,1,0,0,0,0,0,0,0,0,0,0,0,0
PridePrejudice,7.7,0,0,0,0,0,0,1,0,0,0,0,0,0,0,0,0,0,0,0,0
BladeRunner,7.9,0,0,0,0,0,0,0,0,0,0,0,0,0,0,0,1,0,0,0,0
RobRoy,6.5,0,1,0,0,0,0,0,0,0,0,0,0,0,0,0,0,0,0,0,0
3DaystoKill,6.0,1,0,0,0,0,0,0,0,0,0,0,0,0,0,0,0,0,0,0,0
WeOwntheNight,6.5,0,0,0,0,0,0,1,0,0,0,0,0,0,0,0,0,0,0,0,0
LostSouls,4.5,0,0,0,0,0,0,0,0,0,0,0,1,0,0,0,0,0,0,0,0
WingedMigration,7.0,0,0,0,0,0,1,0,0,0,0,0,0,0,0,0,0,0,0,0,0
JustMyLuck,5.8,0,0,0,1,0,0,0,0,0,0,0,0,0,0,0,0,0,0,0,0
MysteryAlaska,6.0,0,0,0,0,0,0,1,0,0,0,0,0,0,0,0,0,0,0,0,0
TheSpyNextDoor,5.5,1,0,0,0,0,0,0,0,0,0,0,0,0,0,0,0,0,0,0,0
ASimpleWish,5.5,0,1,0,0,0,0,0,0,0,0,0,0,0,0,0,0,0,0,0,0
GhostsofMars,4.8,1,0,0,0,0,0,0,0,0,0,0,0,0,0,0,0,0,0,0,0
OurBrandIsCrisis,5.8,0,0,0,1,0,0,0,0,0,0,0,0,0,0,0,0,0,0,0,0
PrideandPrejudiceandZombies,5.5,0,0,0,0,0,0,0,0,0,0,0,0,0,0,1,0,0,0,0,0
Kundun,6.8,0,0,0,0,0,0,1,0,0,0,0,0,0,0,0,0,0,0,0,0
HowtoLoseFriendsAlienatePeople,6.2,0,0,0,1,0,0,0,0,0,0,0,0,0,0,0,0,0,0,0,0
KickAss2,6.3,1,0,0,0,0,0,0,0,0,0,0,0,0,0,0,0,0,0,0,0
Alatriste,5.6,1,0,0,0,0,0,0,0,0,0,0,0,0,0,0,0,0,0,0,0
BrickMansions,5.7,1,0,0,0,0,0,0,0,0,0,0,0,0,0,0,0,0,0,0,0
Octopussy,6.2,0,1,0,0,0,0,0,0,0,0,0,0,0,0,0,0,0,0,0,0
KnockedUp,6.2,0,0,0,1,0,0,0,0,0,0,0,0,0,0,0,0,0,0,0,0
MySistersKeeper,7.1,0,0,0,0,0,0,1,0,0,0,0,0,0,0,0,0,0,0,0,0
WelcomeHomeRoscoeJenkins,5.7,0,0,0,1,0,0,0,0,0,0,0,0,0,0,0,0,0,0,0,0
APassagetoIndia,6.9,0,0,0,0,0,0,1,0,0,0,0,0,0,0,0,0,0,0,0,0
NotesonaScandal,6.9,0,0,0,0,0,0,1,0,0,0,0,0,0,0,0,0,0,0,0,0
Rendition,6.2,0,0,0,0,0,0,1,0,0,0,0,0,0,0,0,0,0,0,0,0
StarTrekVITheUndiscoveredCountry,6.7,0,0,0,0,0,0,0,0,0,0,0,0,0,0,0,1,0,0,0,0
DivineSecretsoftheYaYaSisterhood,5.6,0,0,0,1,0,0,0,0,0,0,0,0,0,0,0,0,0,0,0,0
KisstheGirls,6.2,0,0,0,0,0,0,1,0,0,0,0,0,0,0,0,0,0,0,0,0
TheBluesBrothers,7.5,0,0,0,0,0,0,0,0,0,0,0,0,1,0,0,0,0,0,0,0
TheSisterhoodoftheTravelingPants2,6.0,0,1,0,0,0,0,0,0,0,0,0,0,0,0,0,0,0,0,0,0
JoyfulNoise,6.7,0,0,0,1,0,0,0,0,0,0,0,0,0,0,0,0,0,0,0,0
AboutaBoy,6.6,0,0,0,0,0,0,1,0,0,0,0,0,0,0,0,0,0,0,0,0
LakePlacid,5.5,0,0,0,0,0,0,0,0,0,0,0,1,0,0,0,0,0,0,0,0
LuckyNumberSlevin,7.4,0,0,0,0,0,0,1,0,0,0,0,0,0,0,0,0,0,0,0,0
TheRightStuff,7.3,0,0,0,0,0,0,1,0,0,0,0,0,0,0,0,0,0,0,0,0
Anonymous,6.3,0,0,0,0,0,0,1,0,0,0,0,0,0,0,0,0,0,0,0,0
TheNeverEndingStory,7.0,0,0,0,0,0,0,1,0,0,0,0,0,0,0,0,0,0,0,0,0
DarkCity,7.2,0,0,0,0,0,0,0,0,0,0,0,0,0,1,0,0,0,0,0,0
TheDuchess,6.7,0,0,0,0,0,0,1,0,0,0,0,0,0,0,0,0,0,0,0,0
ReturntoOz,6.7,0,1,0,0,0,0,0,0,0,0,0,0,0,0,0,0,0,0,0,0
TheNewtonBoys,5.9,0,0,0,0,1,0,0,0,0,0,0,0,0,0,0,0,0,0,0,0
Case39,6.1,0,0,0,0,0,0,0,0,0,0,0,1,0,0,0,0,0,0,0,0
SuspectZero,5.5,0,0,0,0,1,0,0,0,0,0,0,0,0,0,0,0,0,0,0,0
MartianChild,6.8,0,0,0,0,0,0,1,0,0,0,0,0,0,0,0,0,0,0,0,0
SpyKidsAlltheTimeintheWorld,4.4,0,0,0,0,0,0,0,1,0,0,0,0,0,0,0,0,0,0,0,0
MoneyMonster,6.5,0,0,0,0,0,0,0,0,0,0,0,0,0,0,0,0,0,1,0,0
The51stState,5.9,0,0,0,0,0,0,0,0,0,0,0,0,0,0,0,0,0,1,0,0
Flawless,5.9,0,0,0,1,0,0,0,0,0,0,0,0,0,0,0,0,0,0,0,0
Mindhunters,6.3,0,0,0,0,0,0,0,0,0,0,0,0,0,1,0,0,0,0,0,0
WhatJustHappened,5.2,0,0,0,1,0,0,0,0,0,0,0,0,0,0,0,0,0,0,0,0
TheStatement,5.9,0,0,0,0,0,0,1,0,0,0,0,0,0,0,0,0,0,0,0,0
TheMagicFlute,6.9,0,0,0,1,0,0,0,0,0,0,0,0,0,0,0,0,0,0,0,0
PaulBlartMallCop,5.2,1,0,0,0,0,0,0,0,0,0,0,0,0,0,0,0,0,0,0,0
FreakyFriday,6.0,0,0,0,1,0,0,0,0,0,0,0,0,0,0,0,0,0,0,0,0
The40YearOldVirgin,6.2,0,0,0,1,0,0,0,0,0,0,0,0,0,0,0,0,0,0,0,0
ShakespeareinLove,6.8,0,0,0,0,0,0,0,0,0,0,0,0,0,0,1,0,0,0,0,0
AWalkAmongtheTombstones,6.2,0,0,0,0,1,0,0,0,0,0,0,0,0,0,0,0,0,0,0,0
KindergartenCop,5.8,0,0,0,1,0,0,0,0,0,0,0,0,0,0,0,0,0,0,0,0
PineappleExpress,6.6,1,0,0,0,0,0,0,0,0,0,0,0,0,0,0,0,0,0,0,0
EverAfterACinderellaStory,6.8,0,0,0,0,0,0,1,0,0,0,0,0,0,0,0,0,0,0,0,0
OpenRange,7.0,0,0,0,0,0,0,0,0,0,0,0,0,0,0,0,0,0,0,0,1
Flatliners,6.3,0,0,0,0,0,0,1,0,0,0,0,0,0,0,0,0,0,0,0,0
ABridgeTooFar,6.9,0,0,0,0,0,0,1,0,0,0,0,0,0,0,0,0,0,0,0,0
RedEye,6.2,0,0,0,0,0,0,0,0,0,0,0,1,0,0,0,0,0,0,0,0
FinalDestination2,5.9,0,0,0,0,0,0,0,0,0,0,0,1,0,0,0,0,0,0,0,0
OBrotherWhereArtThou,7.3,1,0,0,0,0,0,0,0,0,0,0,0,0,0,0,0,0,0,0,0
Legion,5.2,0,0,0,0,0,0,0,0,0,0,0,1,0,0,0,0,0,0,0,0
PainGain,6.1,0,0,0,0,0,0,0,0,0,0,0,0,0,0,0,0,0,1,0,0
InGoodCompany,5.9,0,0,0,1,0,0,0,0,0,0,0,0,0,0,0,0,0,0,0,0
Clockstoppers,4.9,0,1,0,0,0,0,0,0,0,0,0,0,0,0,0,0,0,0,0,0
Silverado,7.1,1,0,0,0,0,0,0,0,0,0,0,0,0,0,0,0,0,0,0,0
Brothers,6.8,0,0,0,0,0,0,1,0,0,0,0,0,0,0,0,0,0,0,0,0
AgentCodyBanks2DestinationLondon,5.2,0,0,0,1,0,0,0,0,0,0,0,0,0,0,0,0,0,0,0,0
NewYearsEve,5.7,0,0,0,1,0,0,0,0,0,0,0,0,0,0,0,0,0,0,0,0
OriginalSin,5.8,0,0,0,0,0,0,1,0,0,0,0,0,0,0,0,0,0,0,0,0
TheRaven,6.1,0,0,0,0,1,0,0,0,0,0,0,0,0,0,0,0,0,0,0,0
WelcometoMooseport,4.8,0,0,0,1,0,0,0,0,0,0,0,0,0,0,0,0,0,0,0,0
HighlanderTheFinalDimension,4.5,1,0,0,0,0,0,0,0,0,0,0,0,0,0,0,0,0,0,0,0
BloodandWine,5.5,0,0,0,0,1,0,0,0,0,0,0,0,0,0,0,0,0,0,0,0
SnowWhiteATaleofTerror,6.0,0,0,0,0,0,0,0,0,1,0,0,0,0,0,0,0,0,0,0,0
TheCurseoftheJadeScorpion,6.5,0,0,0,1,0,0,0,0,0,0,0,0,0,0,0,0,0,0,0,0
AccidentalLove,3.9,0,0,0,0,0,0,0,0,0,0,0,0,0,0,1,0,0,0,0,0
Flipper,5.3,0,1,0,0,0,0,0,0,0,0,0,0,0,0,0,0,0,0,0,0
Selfless,6.3,0,0,0,0,0,0,0,0,0,0,0,0,0,0,0,1,0,0,0,0
TheConstantGardener,6.8,0,0,0,0,0,0,1,0,0,0,0,0,0,0,0,0,0,0,0,0
ThePassionoftheChrist,6.9,0,0,0,0,0,0,1,0,0,0,0,0,0,0,0,0,0,0,0,0
MrsDoubtfire,7.0,0,0,0,1,0,0,0,0,0,0,0,0,0,0,0,0,0,0,0,0
RainMan,7.6,0,0,0,0,0,0,1,0,0,0,0,0,0,0,0,0,0,0,0,0
GranTorino,7.8,0,0,0,0,0,0,1,0,0,0,0,0,0,0,0,0,0,0,0,0
W,6.1,0,0,0,0,0,0,1,0,0,0,0,0,0,0,0,0,0,0,0,0
Taken,7.2,1,0,0,0,0,0,0,0,0,0,0,0,0,0,0,0,0,0,0,0
TheBestofMe,7.2,0,0,0,0,0,0,1,0,0,0,0,0,0,0,0,0,0,0,0,0
TheBodyguard,6.1,0,0,0,0,0,0,0,0,0,0,0,0,0,0,0,0,0,1,0,0
SchindlersList,8.3,0,0,0,0,0,0,1,0,0,0,0,0,0,0,0,0,0,0,0,0
TheHelp,7.8,0,0,0,0,0,0,1,0,0,0,0,0,0,0,0,0,0,0,0,0
TheFifthEstate,5.7,0,0,0,0,0,0,1,0,0,0,0,0,0,0,0,0,0,0,0,0
ScoobyDoo2MonstersUnleashed,5.4,0,0,0,0,0,0,0,0,0,0,0,0,0,1,0,0,0,0,0,0
ForbiddenKingdom,4.9,0,0,0,0,0,0,0,0,0,0,0,0,0,0,0,0,0,1,0,0
FreddyvsJason,5.8,0,0,0,0,0,0,0,0,0,0,0,1,0,0,0,0,0,0,0,0
TheFaceofanAngel,4.7,0,0,0,0,0,0,0,0,0,0,0,0,0,0,0,0,0,1,0,0
JimmyNeutronBoyGenius,5.6,1,0,0,0,0,0,0,0,0,0,0,0,0,0,0,0,0,0,0,0
Cloverfield,6.4,1,0,0,0,0,0,0,0,0,0,0,0,0,0,0,0,0,0,0,0
TeenageMutantNinjaTurtlesIITheSecretoftheOoze,5.8,0,0,0,0,0,0,0,0,0,0,0,0,0,0,0,1,0,0,0,0
TheUntouchables,7.6,0,0,0,0,1,0,0,0,0,0,0,0,0,0,0,0,0,0,0,0
NoCountryforOldMen,7.7,0,0,0,0,1,0,0,0,0,0,0,0,0,0,0,0,0,0,0,0
RideAlong,6.1,1,0,0,0,0,0,0,0,0,0,0,0,0,0,0,0,0,0,0,0
BridgetJonessDiary,6.5,0,0,0,1,0,0,0,0,0,0,0,0,0,0,0,0,0,0,0,0
Chocolat,6.8,0,0,0,1,0,0,0,0,0,0,0,0,0,0,0,0,0,0,0,0
LegallyBlonde2RedWhiteBlonde,5.1,0,0,0,1,0,0,0,0,0,0,0,0,0,0,0,0,0,0,0,0
ParentalGuidance,5.7,0,0,0,1,0,0,0,0,0,0,0,0,0,0,0,0,0,0,0,0
NoStringsAttached,6.1,0,0,0,1,0,0,0,0,0,0,0,0,0,0,0,0,0,0,0,0
Tombstone,7.4,1,0,0,0,0,0,0,0,0,0,0,0,0,0,0,0,0,0,0,0
RomeoMustDie,6.0,1,0,0,0,0,0,0,0,0,0,0,0,0,0,0,0,0,0,0,0
TheOmen,7.2,0,0,0,0,0,0,0,0,0,0,0,1,0,0,0,0,0,0,0,0
FinalDestination3,5.8,0,0,0,0,0,0,0,0,0,0,0,1,0,0,0,0,0,0,0,0
TheLuckyOne,6.8,0,0,0,0,0,0,1,0,0,0,0,0,0,0,0,0,0,0,0,0
BridgetoTerabithia,7.0,0,1,0,0,0,0,0,0,0,0,0,0,0,0,0,0,0,0,0,0
FindingNeverland,7.2,0,0,0,0,0,0,1,0,0,0,0,0,0,0,0,0,0,0,0,0
AMadeaChristmas,7.0,0,0,0,1,0,0,0,0,0,0,0,0,0,0,0,0,0,0,0,0
TheGrey,6.4,1,0,0,0,0,0,0,0,0,0,0,0,0,0,0,0,0,0,0,0
HideandSeek,6.1,0,0,0,0,0,0,0,0,0,0,0,1,0,0,0,0,0,0,0,0
AnchormanTheLegendofRonBurgundy,6.7,0,0,0,1,0,0,0,0,0,0,0,0,0,0,0,0,0,0,0,0
GoodFellas,8.2,0,0,0,0,0,0,1,0,0,0,0,0,0,0,0,0,0,0,0,0
AgentCodyBanks,5.0,1,0,0,0,0,0,0,0,0,0,0,0,0,0,0,0,0,0,0,0
NannyMcPhee,6.4,0,0,0,0,0,0,0,0,1,0,0,0,0,0,0,0,0,0,0,0
Scarface,8.0,1,0,0,0,0,0,0,0,0,0,0,0,0,0,0,0,0,0,0,0
NothingtoLose,6.3,1,0,0,0,0,0,0,0,0,0,0,0,0,0,0,0,0,0,0,0
TheLastEmperor,7.4,0,0,0,0,0,0,1,0,0,0,0,0,0,0,0,0,0,0,0,0
Contraband,6.1,0,0,0,0,0,0,0,0,0,0,0,0,0,0,0,0,0,1,0,0
MoneyTalks,5.9,1,0,0,0,0,0,0,0,0,0,0,0,0,0,0,0,0,0,0,0
ThereWillBeBlood,7.9,0,0,0,0,0,0,1,0,0,0,0,0,0,0,0,0,0,0,0,0
TheWildThornberrysMovie,5.8,0,0,1,0,0,0,0,0,0,0,0,0,0,0,0,0,0,0,0,0
RugratsGoWild,5.6,0,0,1,0,0,0,0,0,0,0,0,0,0,0,0,0,0,0,0,0
UndercoverBrother,5.5,1,0,0,0,0,0,0,0,0,0,0,0,0,0,0,0,0,0,0,0
TheSisterhoodoftheTravelingPants,6.3,0,0,0,0,0,0,1,0,0,0,0,0,0,0,0,0,0,0,0,0
KissoftheDragon,6.4,1,0,0,0,0,0,0,0,0,0,0,0,0,0,0,0,0,0,0,0
TheHouseBunny,5.6,0,0,0,0,0,0,0,0,0,0,0,0,0,0,1,0,0,0,0,0
BeautyShop,5.4,0,0,0,1,0,0,0,0,0,0,0,0,0,0,0,0,0,0,0,0
MillionDollarArm,6.6,0,0,0,0,0,0,1,0,0,0,0,0,0,0,0,0,0,0,0,0
TheGiver,6.4,0,0,0,0,0,0,1,0,0,0,0,0,0,0,0,0,0,0,0,0
WhataGirlWants,5.8,0,0,0,1,0,0,0,0,0,0,0,0,0,0,0,0,0,0,0,0
JeepersCreepers2,5.5,0,0,0,0,0,0,0,0,0,0,0,1,0,0,0,0,0,0,0,0
GoodLuckChuck,5.5,0,0,0,1,0,0,0,0,0,0,0,0,0,0,0,0,0,0,0,0
Cradle2theGrave,5.8,1,0,0,0,0,0,0,0,0,0,0,0,0,0,0,0,0,0,0,0
TheHours,7.0,0,0,0,0,0,0,1,0,0,0,0,0,0,0,0,0,0,0,0,0
ShestheMan,6.4,0,0,0,1,0,0,0,0,0,0,0,0,0,0,0,0,0,0,0,0
MrBeansHoliday,6.1,0,0,0,0,0,0,0,1,0,0,0,0,0,0,0,0,0,0,0,0
AnacondasTheHuntfortheBloodOrchid,4.9,0,1,0,0,0,0,0,0,0,0,0,0,0,0,0,0,0,0,0,0
BloodTies,6.0,0,0,0,0,0,0,0,0,0,0,0,0,0,0,0,0,0,1,0,0
AugustRush,7.1,0,0,0,0,0,0,1,0,0,0,0,0,0,0,0,0,0,0,0,0
Elizabeth,7.1,0,0,0,0,0,0,1,0,0,0,0,0,0,0,0,0,0,0,0,0
BrideofChucky,5.5,0,0,0,0,0,0,0,0,0,0,0,1,0,0,0,0,0,0,0,0
ToraToraTora,6.9,0,0,0,0,0,0,0,0,0,0,1,0,0,0,0,0,0,0,0,0
SpiceWorld,4.7,0,1,0,0,0,0,0,0,0,0,0,0,0,0,0,0,0,0,0,0
TheSitter,5.4,0,0,0,1,0,0,0,0,0,0,0,0,0,0,0,0,0,0,0,0
DanceFlick,4.7,1,0,0,0,0,0,0,0,0,0,0,0,0,0,0,0,0,0,0,0
TheShawshankRedemption,8.5,0,0,0,0,0,0,1,0,0,0,0,0,0,0,0,0,0,0,0,0
CrocodileDundeeinLosAngeles,4.7,0,1,0,0,0,0,0,0,0,0,0,0,0,0,0,0,0,0,0,0
Kingpin,6.7,0,0,0,1,0,0,0,0,0,0,0,0,0,0,0,0,0,0,0,0
TheGambler,5.7,0,0,0,0,0,0,0,0,0,0,0,0,0,0,0,0,0,1,0,0
AugustOsageCounty,6.9,0,0,0,1,0,0,0,0,0,0,0,0,0,0,0,0,0,0,0,0
IcePrincess,5.9,0,0,0,0,0,0,1,0,0,0,0,0,0,0,0,0,0,0,0,0
ALotLikeLove,6.5,0,0,0,1,0,0,0,0,0,0,0,0,0,0,0,0,0,0,0,0
EddietheEagle,7.2,0,0,0,1,0,0,0,0,0,0,0,0,0,0,0,0,0,0,0,0
HeGotGame,6.7,0,0,0,0,0,0,1,0,0,0,0,0,0,0,0,0,0,0,0,0
DonJuanDeMarco,6.2,0,0,0,0,0,0,0,0,0,0,0,0,0,0,1,0,0,0,0,0
DearJohn,6.6,0,0,0,0,0,0,1,0,0,0,0,0,0,0,0,0,0,0,0,0
TheLosers,6.2,1,0,0,0,0,0,0,0,0,0,0,0,0,0,0,0,0,0,0,0
DontBeAfraidoftheDark,5.4,0,0,0,0,0,0,0,0,1,0,0,0,0,0,0,0,0,0,0,0
War,6.0,1,0,0,0,0,0,0,0,0,0,0,0,0,0,0,0,0,0,0,0
PunchDrunkLove,6.9,0,0,0,1,0,0,0,0,0,0,0,0,0,0,0,0,0,0,0,0
EuroTrip,6.5,0,0,0,1,0,0,0,0,0,0,0,0,0,0,0,0,0,0,0,0
HalfPastDead,4.6,0,0,0,0,1,0,0,0,0,0,0,0,0,0,0,0,0,0,0,0
UnaccompaniedMinors,5.4,0,0,0,1,0,0,0,0,0,0,0,0,0,0,0,0,0,0,0,0
BrightLightsBigCity,4.7,0,0,0,0,0,0,1,0,0,0,0,0,0,0,0,0,0,0,0,0
TheAdventuresofPinocchio,5.0,0,0,1,0,0,0,0,0,0,0,0,0,0,0,0,0,0,0,0,0
TheGreatestGameEverPlayed,6.9,0,0,0,0,0,0,1,0,0,0,0,0,0,0,0,0,0,0,0,0
TheBox,5.4,0,0,0,0,0,0,0,0,0,0,0,0,0,0,0,0,0,1,0,0
TheRuins,5.6,0,0,0,0,0,0,1,0,0,0,0,0,0,0,0,0,0,0,0,0
TheNextBestThing,4.3,0,0,0,1,0,0,0,0,0,0,0,0,0,0,0,0,0,0,0,0
MySoultoTake,5.2,0,0,0,0,0,0,1,0,0,0,0,0,0,0,0,0,0,0,0,0
TheGirlNextDoor,6.3,0,0,0,1,0,0,0,0,0,0,0,0,0,0,0,0,0,0,0,0
MaximumRisk,5.2,1,0,0,0,0,0,0,0,0,0,0,0,0,0,0,0,0,0,0,0
StealingHarvard,4.4,1,0,0,0,0,0,0,0,0,0,0,0,0,0,0,0,0,0,0,0
Legend,6.7,0,0,0,0,1,0,0,0,0,0,0,0,0,0,0,0,0,0,0,0
HotRod,6.3,1,0,0,0,0,0,0,0,0,0,0,0,0,0,0,0,0,0,0,0
SharkNight,4.9,0,0,0,0,0,0,0,0,0,0,0,1,0,0,0,0,0,0,0,0
AngelasAshes,7.0,0,0,0,0,0,0,1,0,0,0,0,0,0,0,0,0,0,0,0,0
DraftDay,6.5,0,0,0,0,0,0,1,0,0,0,0,0,0,0,0,0,0,0,0,0
Lifeforce,6.2,0,0,0,0,0,0,0,0,1,0,0,0,0,0,0,0,0,0,0,0
TheConspirator,6.2,0,0,0,0,1,0,0,0,0,0,0,0,0,0,0,0,0,0,0,0
LordsofDogtown,7.0,0,0,0,0,0,0,1,0,0,0,0,0,0,0,0,0,0,0,0,0
The33,6.0,0,0,0,0,0,0,1,0,0,0,0,0,0,0,0,0,0,0,0,0
BigTroubleinLittleChina,7.1,1,0,0,0,0,0,0,0,0,0,0,0,0,0,0,0,0,0,0,0
FlyMetotheMoon,5.6,0,0,0,1,0,0,0,0,0,0,0,0,0,0,0,0,0,0,0,0
Warrior,7.7,1,0,0,0,0,0,0,0,0,0,0,0,0,0,0,0,0,0,0,0
MichaelCollins,6.7,0,0,0,0,0,0,1,0,0,0,0,0,0,0,0,0,0,0,0,0
Gettysburg,6.6,0,0,0,0,0,0,0,0,0,0,0,0,0,0,0,0,0,0,1,0
StopLoss,6.1,0,0,0,0,0,0,1,0,0,0,0,0,0,0,0,0,0,0,0,0
Abandon,4.6,0,0,0,0,0,0,1,0,0,0,0,0,0,0,0,0,0,0,0,0
BrokedownPalace,6.2,0,0,0,0,0,0,1,0,0,0,0,0,0,0,0,0,0,0,0,0
ThePossession,5.8,0,0,0,0,0,0,0,0,0,0,0,1,0,0,0,0,0,0,0,0
MrsWinterbourne,5.3,0,0,0,1,0,0,0,0,0,0,0,0,0,0,0,0,0,0,0,0
StrawDogs,5.5,0,0,0,0,0,0,1,0,0,0,0,0,0,0,0,0,0,0,0,0
TheHoax,6.4,0,0,0,1,0,0,0,0,0,0,0,0,0,0,0,0,0,0,0,0
StoneCold,5.7,1,0,0,0,0,0,0,0,0,0,0,0,0,0,0,0,0,0,0,0
TheRoad,6.8,0,1,0,0,0,0,0,0,0,0,0,0,0,0,0,0,0,0,0,0
Sheena,5.0,1,0,0,0,0,0,0,0,0,0,0,0,0,0,0,0,0,0,0,0
Underclassman,5.5,1,0,0,0,0,0,0,0,0,0,0,0,0,0,0,0,0,0,0,0
SayItIsntSo,4.8,0,0,0,1,0,0,0,0,0,0,0,0,0,0,0,0,0,0,0,0
TheWorldsFastestIndian,7.3,0,0,0,0,0,0,1,0,0,0,0,0,0,0,0,0,0,0,0,0
TankGirl,5.5,1,0,0,0,0,0,0,0,0,0,0,0,0,0,0,0,0,0,0,0
KingsRansom,5.1,0,0,0,1,0,0,0,0,0,0,0,0,0,0,0,0,0,0,0,0
Blindness,6.4,0,0,0,0,0,0,1,0,0,0,0,0,0,0,0,0,0,0,0,0
BloodRayne,3.5,1,0,0,0,0,0,0,0,0,0,0,0,0,0,0,0,0,0,0,0
Carnage,7.0,0,0,0,1,0,0,0,0,0,0,0,0,0,0,0,0,0,0,0,0
WheretheTruthLies,5.9,0,0,0,0,0,0,1,0,0,0,0,0,0,0,0,0,0,0,0,0
CirqueduSoleilWorldsAway,6.1,0,0,0,0,0,0,0,0,1,0,0,0,0,0,0,0,0,0,0,0
WithoutLimits,6.2,0,0,0,0,0,0,1,0,0,0,0,0,0,0,0,0,0,0,0,0
MeandOrsonWelles,6.6,0,0,0,1,0,0,0,0,0,0,0,0,0,0,0,0,0,0,0,0
TheBestOffer,7.7,0,0,0,0,0,0,1,0,0,0,0,0,0,0,0,0,0,0,0,0
TheBadLieutenantPortofCallNewOrleans,6.0,0,0,0,0,0,0,1,0,0,0,0,0,0,0,0,0,0,0,0,0
ATurtlesTaleSammysAdventures,5.6,0,0,1,0,0,0,0,0,0,0,0,0,0,0,0,0,0,0,0,0
LittleWhiteLies,7.1,0,0,0,1,0,0,0,0,0,0,0,0,0,0,0,0,0,0,0,0
LoveRanch,6.0,0,0,0,0,0,0,1,0,0,0,0,0,0,0,0,0,0,0,0,0
TheTrueStoryofPussnBoots,3.8,0,0,0,0,0,0,0,1,0,0,0,0,0,0,0,0,0,0,0,0
SpaceDogs,6.3,0,0,0,0,0,0,0,1,0,0,0,0,0,0,0,0,0,0,0,0
TheCounselor,5.0,0,0,0,0,0,0,0,0,0,0,0,0,0,0,0,0,0,1,0,0
Ironclad,6.2,0,0,0,0,0,0,0,0,0,0,0,0,0,0,1,0,0,0,0,0
Waterloo,7.0,0,0,0,0,0,0,0,0,0,0,1,0,0,0,0,0,0,0,0,0
KungFuJungle,6.5,0,0,0,0,1,0,0,0,0,0,0,0,0,0,0,0,0,0,0,0
RedSky,4.1,1,0,0,0,0,0,0,0,0,0,0,0,0,0,0,0,0,0,0,0
DangerousLiaisons,7.0,0,0,0,0,0,0,1,0,0,0,0,0,0,0,0,0,0,0,0,0
OntheRoad,5.5,0,1,0,0,0,0,0,0,0,0,0,0,0,0,0,0,0,0,0,0
StarTrekIVTheVoyageHome,6.9,0,0,0,0,0,0,0,0,0,0,0,0,0,0,0,1,0,0,0,0
RockyBalboa,6.5,0,0,0,0,0,0,1,0,0,0,0,0,0,0,0,0,0,0,0,0
Scream2,6.1,0,0,0,0,0,0,0,0,0,0,0,1,0,0,0,0,0,0,0,0
JaneGotaGun,5.4,1,0,0,0,0,0,0,0,0,0,0,0,0,0,0,0,0,0,0,0
ThinkLikeaManToo,6.4,0,0,0,1,0,0,0,0,0,0,0,0,0,0,0,0,0,0,0,0
TheWholeNineYards,6.2,0,0,0,1,0,0,0,0,0,0,0,0,0,0,0,0,0,0,0,0
Footloose,6.4,0,0,0,0,0,0,1,0,0,0,0,0,0,0,0,0,0,0,0,0
OldSchool,6.6,0,0,0,1,0,0,0,0,0,0,0,0,0,0,0,0,0,0,0,0
TheFisherKing,7.2,0,0,0,1,0,0,0,0,0,0,0,0,0,0,0,0,0,0,0,0
IStillKnowWhatYouDidLastSummer,5.1,0,0,0,0,0,0,0,0,0,0,0,1,0,0,0,0,0,0,0,0
ReturntoMe,6.1,0,0,0,0,0,0,0,0,0,0,0,0,0,0,1,0,0,0,0,0
ZackandMiriMakeaPorno,6.1,0,0,0,1,0,0,0,0,0,0,0,0,0,0,0,0,0,0,0,0
NurseBetty,5.9,0,0,0,1,0,0,0,0,0,0,0,0,0,0,0,0,0,0,0,0
TheMenWhoStareatGoats,5.9,0,0,0,1,0,0,0,0,0,0,0,0,0,0,0,0,0,0,0,0
DoubleTake,5.5,0,1,0,0,0,0,0,0,0,0,0,0,0,0,0,0,0,0,0,0
GirlInterrupted,7.6,0,0,0,0,0,0,1,0,0,0,0,0,0,0,0,0,0,0,0,0
WinaDatewithTadHamilton,5.5,0,0,0,1,0,0,0,0,0,0,0,0,0,0,0,0,0,0,0,0
MuppetsfromSpace,5.8,0,0,0,0,0,0,0,0,1,0,0,0,0,0,0,0,0,0,0,0
TheWiz,5.9,0,1,0,0,0,0,0,0,0,0,0,0,0,0,0,0,0,0,0,0
ReadytoRumble,4.7,1,0,0,0,0,0,0,0,0,0,0,0,0,0,0,0,0,0,0,0
PlayIttotheBone,5.7,0,0,0,1,0,0,0,0,0,0,0,0,0,0,0,0,0,0,0,0
IDontKnowHowSheDoesIt,5.0,0,0,0,0,0,0,0,0,0,0,0,0,0,0,1,0,0,0,0,0
Piranha3D,5.3,0,0,0,1,0,0,0,0,0,0,0,0,0,0,0,0,0,0,0,0
BeyondtheSea,6.5,0,0,0,0,0,0,1,0,0,0,0,0,0,0,0,0,0,0,0,0
MeettheDeedles,4.1,0,0,1,0,0,0,0,0,0,0,0,0,0,0,0,0,0,0,0,0
TheThiefandtheCobbler,6.8,0,1,0,0,0,0,0,0,0,0,0,0,0,0,0,0,0,0,0,0
TheBridgeofSanLuisRey,5.4,0,0,0,0,0,0,0,0,0,0,0,0,0,0,1,0,0,0,0,0
Faster,6.1,0,0,0,0,1,0,0,0,0,0,0,0,0,0,0,0,0,0,0,0
HowlsMovingCastle,8.2,0,0,0,0,0,0,0,0,1,0,0,0,0,0,0,0,0,0,0,0
Zombieland,7.2,0,0,0,1,0,0,0,0,0,0,0,0,0,0,0,0,0,0,0,0
TheWaterboy,5.9,0,0,0,1,0,0,0,0,0,0,0,0,0,0,0,0,0,0,0,0
TheEmpireStrikesBack,8.2,0,1,0,0,0,0,0,0,0,0,0,0,0,0,0,0,0,0,0,0
BadBoys,6.5,1,0,0,0,0,0,0,0,0,0,0,0,0,0,0,0,0,0,0,0
TheNakedGun2½TheSmellofFear,6.6,0,0,0,1,0,0,0,0,0,0,0,0,0,0,0,0,0,0,0,0
FinalDestination,6.4,0,0,0,0,0,0,0,0,0,0,0,1,0,0,0,0,0,0,0,0
TheIdesofMarch,6.5,0,0,0,0,0,0,1,0,0,0,0,0,0,0,0,0,0,0,0,0
PitchBlack,6.7,0,0,0,0,0,0,0,0,0,0,0,0,0,0,0,0,0,1,0,0
SomeoneLikeYou,6.0,0,0,0,1,0,0,0,0,0,0,0,0,0,0,0,0,0,0,0,0
Her,7.9,0,0,0,0,0,0,0,0,0,0,0,0,0,0,1,0,0,0,0,0
JoyRide,6.3,0,0,0,0,0,0,0,0,0,0,0,0,0,1,0,0,0,0,0,0
TheAdventurerTheCurseoftheMidasBox,5.1,0,0,0,0,0,0,0,0,1,0,0,0,0,0,0,0,0,0,0,0
AnywhereButHere,5.9,0,0,0,0,0,0,1,0,0,0,0,0,0,0,0,0,0,0,0,0
TheCrew,6.4,1,0,0,0,0,0,0,0,0,0,0,0,0,0,0,0,0,0,0,0
Haywire,5.6,1,0,0,0,0,0,0,0,0,0,0,0,0,0,0,0,0,0,0,0
JawsTheRevenge,3.5,0,1,0,0,0,0,0,0,0,0,0,0,0,0,0,0,0,0,0,0
MarvinsRoom,6.6,0,0,0,0,0,0,1,0,0,0,0,0,0,0,0,0,0,0,0,0
TheLongshots,6.5,0,0,0,0,0,0,1,0,0,0,0,0,0,0,0,0,0,0,0,0
TheEndoftheAffair,6.6,0,0,0,0,0,0,1,0,0,0,0,0,0,0,0,0,0,0,0,0
HarleyDavidsonandtheMarlboroMan,6.1,1,0,0,0,0,0,0,0,0,0,0,0,0,0,0,0,0,0,0,0
IntheValleyofElah,6.6,0,0,0,0,0,0,0,0,0,0,1,0,0,0,0,0,0,0,0,0
CocoBeforeChanel,6.6,0,0,0,0,0,0,1,0,0,0,0,0,0,0,0,0,0,0,0,0
Forsaken,5.8,0,0,0,0,0,0,0,0,0,0,0,0,0,0,0,0,0,0,0,1
Cheri,5.9,0,0,0,0,0,0,1,0,0,0,0,0,0,0,0,0,0,0,0,0
VanityFair,5.5,0,0,0,0,0,0,1,0,0,0,0,0,0,0,0,0,0,0,0,0
BodyguardsandAssassins,6.5,0,0,0,0,0,0,1,0,0,0,0,0,0,0,0,0,0,0,0,0
1408,6.5,0,0,0,0,0,0,0,0,0,0,0,1,0,0,0,0,0,0,0,0
Spaceballs,6.7,0,0,0,1,0,0,0,0,0,0,0,0,0,0,0,0,0,0,0,0
TheWaterDiviner,6.8,0,0,0,0,0,0,0,0,0,0,0,0,0,0,0,0,0,0,1,0
Ghost,6.9,0,0,0,0,0,0,0,0,1,0,0,0,0,0,0,0,0,0,0,0
TheresSomethingAboutMary,6.5,0,0,0,0,0,0,0,0,0,0,0,0,0,0,1,0,0,0,0,0
TheSantaClause,6.3,0,0,0,0,0,0,0,0,1,0,0,0,0,0,0,0,0,0,0,0
TheRookie,6.5,0,0,0,0,0,0,1,0,0,0,0,0,0,0,0,0,0,0,0,0
TheGamePlan,6.0,0,0,0,1,0,0,0,0,0,0,0,0,0,0,0,0,0,0,0,0
TheBridgesofMadisonCounty,7.3,0,0,0,0,0,0,1,0,0,0,0,0,0,0,0,0,0,0,0,0
TheAnimal,4.6,1,0,0,0,0,0,0,0,0,0,0,0,0,0,0,0,0,0,0,0
Gandhi,7.4,0,0,0,0,0,0,1,0,0,0,0,0,0,0,0,0,0,0,0,0
TheHundredFootJourney,7.3,0,0,0,0,0,0,1,0,0,0,0,0,0,0,0,0,0,0,0,0
TheNet,5.6,0,0,0,0,1,0,0,0,0,0,0,0,0,0,0,0,0,0,0,0
IAmSam,7.2,0,0,0,0,0,0,1,0,0,0,0,0,0,0,0,0,0,0,0,0
SonofGod,5.9,0,0,0,0,0,0,1,0,0,0,0,0,0,0,0,0,0,0,0,0
Underworld,6.6,0,0,0,0,0,0,0,0,1,0,0,0,0,0,0,0,0,0,0,0
Derailed,6.1,0,0,0,0,0,0,1,0,0,0,0,0,0,0,0,0,0,0,0,0
TheInformant,6.0,0,0,0,0,0,0,1,0,0,0,0,0,0,0,0,0,0,0,0,0
Shadowlands,6.8,0,0,0,0,0,0,1,0,0,0,0,0,0,0,0,0,0,0,0,0
DeuceBigalowEuropeanGigolo,4.7,0,0,0,1,0,0,0,0,0,0,0,0,0,0,0,0,0,0,0,0
DeliveryMan,6.2,0,0,0,1,0,0,0,0,0,0,0,0,0,0,0,0,0,0,0,0
OurKindofTraitor,6.0,0,0,0,0,0,0,0,0,0,0,0,0,0,0,0,0,0,1,0,0
SavingSilverman,5.4,0,0,0,1,0,0,0,0,0,0,0,0,0,0,0,0,0,0,0,0
DiaryofaWimpyKidDogDays,6.0,0,0,0,1,0,0,0,0,0,0,0,0,0,0,0,0,0,0,0,0
SummerofSam,6.3,0,0,0,0,0,0,0,0,0,0,0,0,0,0,0,0,0,1,0,0
JayandSilentBobStrikeBack,6.4,0,0,0,1,0,0,0,0,0,0,0,0,0,0,0,0,0,0,0,0
TheGlassHouse,5.4,0,0,0,0,0,0,1,0,0,0,0,0,0,0,0,0,0,0,0,0
HailCaesar,5.7,0,0,0,1,0,0,0,0,0,0,0,0,0,0,0,0,0,0,0,0
JosieandthePussycats,5.3,0,0,0,1,0,0,0,0,0,0,0,0,0,0,0,0,0,0,0,0
Homefront,6.4,1,0,0,0,0,0,0,0,0,0,0,0,0,0,0,0,0,0,0,0
TheLittleVampire,6.1,0,0,0,0,0,0,0,1,0,0,0,0,0,0,0,0,0,0,0,0
IHeartHuckabees,6.2,0,0,0,1,0,0,0,0,0,0,0,0,0,0,0,0,0,0,0,0
RoboCop3,4.2,1,0,0,0,0,0,0,0,0,0,0,0,0,0,0,0,0,0,0,0
MegiddoTheOmegaCode2,3.6,1,0,0,0,0,0,0,0,0,0,0,0,0,0,0,0,0,0,0,0
DarlingLili,4.9,0,0,0,0,0,0,1,0,0,0,0,0,0,0,0,0,0,0,0,0
DudleyDoRight,3.8,0,0,0,1,0,0,0,0,0,0,0,0,0,0,0,0,0,0,0,0
TheTransporterRefueled,5.2,0,0,0,0,0,0,0,0,0,0,0,0,0,0,0,0,0,1,0,0
TheLibertine,5.9,0,0,0,0,0,0,1,0,0,0,0,0,0,0,0,0,0,0,0,0
BlackBook,7.2,0,0,0,0,0,0,1,0,0,0,0,0,0,0,0,0,0,0,0,0
JoyeuxNoël,7.2,0,0,0,0,0,0,0,0,0,0,0,0,0,0,1,0,0,0,0,0
HitRun,5.5,1,0,0,0,0,0,0,0,0,0,0,0,0,0,0,0,0,0,0,0
MadMoney,5.9,1,0,0,0,0,0,0,0,0,0,0,0,0,0,0,0,0,0,0,0
BeforeIGotoSleep,6.2,0,0,0,0,0,0,0,0,0,0,0,0,0,1,0,0,0,0,0,0
Sorcerer,7.4,1,0,0,0,0,0,0,0,0,0,0,0,0,0,0,0,0,0,0,0
Stone,5.2,0,0,0,0,0,0,1,0,0,0,0,0,0,0,0,0,0,0,0,0
Moliere,6.7,0,0,0,0,0,0,0,0,0,0,0,0,0,0,1,0,0,0,0,0
OutoftheFurnace,6.5,0,0,0,0,0,0,0,0,0,0,0,0,0,0,0,0,0,1,0,0
MichaelClayton,6.5,0,0,0,0,0,0,1,0,0,0,0,0,0,0,0,0,0,0,0,0
MyFellowAmericans,6.3,0,0,0,1,0,0,0,0,0,0,0,0,0,0,0,0,0,0,0,0
ArlingtonRoad,7.0,0,0,0,0,0,0,1,0,0,0,0,0,0,0,0,0,0,0,0,0
Underdogs,6.0,0,0,1,0,0,0,0,0,0,0,0,0,0,0,0,0,0,0,0,0
ToRomewithLove,5.6,0,0,0,0,0,0,0,0,0,0,0,0,0,0,1,0,0,0,0,0
Firefox,5.5,0,0,0,0,0,0,0,0,0,0,0,0,0,0,0,1,0,0,0,0
SouthParkBiggerLongerUncut,7.1,0,0,1,0,0,0,0,0,0,0,0,0,0,0,0,0,0,0,0,0
DeathataFuneral,6.9,0,0,0,1,0,0,0,0,0,0,0,0,0,0,0,0,0,0,0,0
TeenageMutantNinjaTurtlesIII,5.1,1,0,0,0,0,0,0,0,0,0,0,0,0,0,0,0,0,0,0,0
Hardball,6.3,0,0,0,1,0,0,0,0,0,0,0,0,0,0,0,0,0,0,0,0
SilverLiningsPlaybook,6.9,0,0,0,0,0,0,1,0,0,0,0,0,0,0,0,0,0,0,0,0
FreedomWriters,7.5,0,0,0,0,1,0,0,0,0,0,0,0,0,0,0,0,0,0,0,0
ForColoredGirls,7.0,0,0,0,0,0,0,1,0,0,0,0,0,0,0,0,0,0,0,0,0
TheTransporter,6.6,1,0,0,0,0,0,0,0,0,0,0,0,0,0,0,0,0,0,0,0
NeverBackDown,6.4,0,0,0,0,0,0,1,0,0,0,0,0,0,0,0,0,0,0,0,0
TheRageCarrie2,5.1,0,0,0,0,0,0,0,0,0,0,0,1,0,0,0,0,0,0,0,0
AwayWeGo,6.7,0,0,0,0,0,0,1,0,0,0,0,0,0,0,0,0,0,0,0,0
SwingVote,5.8,0,0,0,0,0,0,1,0,0,0,0,0,0,0,0,0,0,0,0,0
MoonlightMile,6.5,0,0,0,0,0,0,0,0,0,0,0,0,0,0,1,0,0,0,0,0
TinkerTailorSoldierSpy,6.6,0,0,0,0,0,0,1,0,0,0,0,0,0,0,0,0,0,0,0,0
Molly,5.5,0,0,0,0,0,0,1,0,0,0,0,0,0,0,0,0,0,0,0,0
TheBeaver,6.3,0,0,0,0,0,0,1,0,0,0,0,0,0,0,0,0,0,0,0,0
TheBestLittleWhorehouseinTexas,5.9,0,0,0,1,0,0,0,0,0,0,0,0,0,0,0,0,0,0,0,0
eXistenZ,6.7,1,0,0,0,0,0,0,0,0,0,0,0,0,0,0,0,0,0,0,0
RaidersoftheLostArk,7.7,0,1,0,0,0,0,0,0,0,0,0,0,0,0,0,0,0,0,0,0
HomeAlone2LostinNewYork,6.3,0,0,0,1,0,0,0,0,0,0,0,0,0,0,0,0,0,0,0,0
CloseEncountersoftheThirdKind,7.2,0,0,0,0,0,0,0,0,0,0,0,0,0,0,0,1,0,0,0,0
Pulse,5.0,0,0,0,0,0,0,0,0,0,0,0,1,0,0,0,0,0,0,0,0
BeverlyHillsCopII,6.1,1,0,0,0,0,0,0,0,0,0,0,0,0,0,0,0,0,0,0,0
BringingDowntheHouse,5.4,0,0,0,1,0,0,0,0,0,0,0,0,0,0,0,0,0,0,0,0
TheSilenceoftheLambs,8.1,0,0,0,0,1,0,0,0,0,0,0,0,0,0,0,0,0,0,0,0
WaynesWorld,6.5,0,0,0,0,0,0,0,0,0,0,0,0,1,0,0,0,0,0,0,0
Jackass3D,6.4,0,0,0,1,0,0,0,0,0,0,0,0,0,0,0,0,0,0,0,0
Jaws2,5.9,0,0,0,0,0,0,0,0,0,0,0,1,0,0,0,0,0,0,0,0
BeverlyHillsChihuahua,4.9,0,1,0,0,0,0,0,0,0,0,0,0,0,0,0,0,0,0,0,0
TheConjuring,7.4,0,0,0,0,0,0,0,0,0,0,0,1,0,0,0,0,0,0,0,0
AreWeThereYet,5.2,0,1,0,0,0,0,0,0,0,0,0,0,0,0,0,0,0,0,0,0
Tammy,5.0,0,0,0,1,0,0,0,0,0,0,0,0,0,0,0,0,0,0,0,0
SchoolofRock,6.7,0,0,0,1,0,0,0,0,0,0,0,0,0,0,0,0,0,0,0,0
MortalKombat,5.4,1,0,0,0,0,0,0,0,0,0,0,0,0,0,0,0,0,0,0,0
WhiteChicks,6.3,0,0,0,1,0,0,0,0,0,0,0,0,0,0,0,0,0,0,0,0
TheDescendants,6.7,0,0,0,1,0,0,0,0,0,0,0,0,0,0,0,0,0,0,0,0
Holes,6.7,0,1,0,0,0,0,0,0,0,0,0,0,0,0,0,0,0,0,0,0
TheLastSong,6.9,0,0,0,0,0,0,1,0,0,0,0,0,0,0,0,0,0,0,0,0
12YearsaSlave,7.9,0,0,0,0,0,0,1,0,0,0,0,0,0,0,0,0,0,0,0,0
Drumline,6.2,0,0,0,0,0,0,1,0,0,0,0,0,0,0,0,0,0,0,0,0
WhyDidIGetMarriedToo,6.1,0,0,0,1,0,0,0,0,0,0,0,0,0,0,0,0,0,0,0,0
EdwardScissorhands,7.5,0,0,0,0,0,0,0,0,1,0,0,0,0,0,0,0,0,0,0,0
MeBeforeYou,7.6,0,0,0,0,0,0,1,0,0,0,0,0,0,0,0,0,0,0,0,0
MadeasWitnessProtection,5.9,0,0,0,0,0,0,1,0,0,0,0,0,0,0,0,0,0,0,0,0
TheFrenchConnection,7.4,1,0,0,0,0,0,0,0,0,0,0,0,0,0,0,0,0,0,0,0
BadMoms,6.3,0,0,0,1,0,0,0,0,0,0,0,0,0,0,0,0,0,0,0,0
DateMovie,3.6,0,0,0,1,0,0,0,0,0,0,0,0,0,0,0,0,0,0,0,0
ReturntoNeverLand,6.1,0,1,0,0,0,0,0,0,0,0,0,0,0,0,0,0,0,0,0,0
Selma,7.4,0,0,0,0,0,0,0,0,0,0,1,0,0,0,0,0,0,0,0,0
TheJungleBook2,5.6,0,0,0,0,0,0,0,1,0,0,0,0,0,0,0,0,0,0,0,0
Boogeyman,4.6,0,0,0,0,0,0,0,0,0,0,0,0,0,0,0,0,0,1,0,0
Premonition,5.8,0,0,0,0,0,0,0,0,0,0,0,0,0,0,0,0,0,1,0,0
TheTiggerMovie,6.3,0,0,1,0,0,0,0,0,0,0,0,0,0,0,0,0,0,0,0,0
Orphan,6.7,0,0,0,0,0,0,0,0,0,0,0,1,0,0,0,0,0,0,0,0
Max,6.8,0,1,0,0,0,0,0,0,0,0,0,0,0,0,0,0,0,0,0,0
EpicMovie,3.2,1,0,0,0,0,0,0,0,0,0,0,0,0,0,0,0,0,0,0,0
Spotlight,7.8,0,0,0,0,0,0,1,0,0,0,0,0,0,0,0,0,0,0,0,0
LakeviewTerrace,5.9,0,0,0,0,0,0,1,0,0,0,0,0,0,0,0,0,0,0,0,0
TheGrudge2,5.2,0,0,0,0,0,0,0,0,0,0,0,1,0,0,0,0,0,0,0,0
HowStellaGotHerGrooveBack,6.0,0,0,0,1,0,0,0,0,0,0,0,0,0,0,0,0,0,0,0,0
BillTedsBogusJourney,5.9,0,1,0,0,0,0,0,0,0,0,0,0,0,0,0,0,0,0,0,0
ManoftheYear,5.8,0,0,0,1,0,0,0,0,0,0,0,0,0,0,0,0,0,0,0,0
TheBlackHole,6.1,0,1,0,0,0,0,0,0,0,0,0,0,0,0,0,0,0,0,0,0
TheAmerican,5.8,0,0,0,0,1,0,0,0,0,0,0,0,0,0,0,0,0,0,0,0
Selena,7.0,0,0,0,0,0,0,1,0,0,0,0,0,0,0,0,0,0,0,0,0
VampiresSuck,4.2,0,0,0,0,0,0,0,0,0,0,0,1,0,0,0,0,0,0,0,0
Babel,6.9,0,0,0,0,0,0,1,0,0,0,0,0,0,0,0,0,0,0,0,0
ThisIsWhereILeaveYou,6.5,0,0,0,0,0,0,1,0,0,0,0,0,0,0,0,0,0,0,0,0
Doubt,7.0,0,0,0,0,0,0,1,0,0,0,0,0,0,0,0,0,0,0,0,0
TeamAmericaWorldPolice,6.6,0,0,0,0,0,0,0,0,0,0,0,0,1,0,0,0,0,0,0,0
TexasChainsaw3D,5.3,0,0,0,0,0,0,0,0,0,0,0,1,0,0,0,0,0,0,0,0
Copycat,6.4,0,0,0,0,0,0,1,0,0,0,0,0,0,0,0,0,0,0,0,0
ScaryMovie5,4.6,0,0,0,1,0,0,0,0,0,0,0,0,0,0,0,0,0,0,0,0
PaintYourWagon,6.2,0,0,0,0,0,0,1,0,0,0,0,0,0,0,0,0,0,0,0,0
Milk,7.1,0,0,0,0,0,0,0,0,0,0,1,0,0,0,0,0,0,0,0,0
Risen,5.7,1,0,0,0,0,0,0,0,0,0,0,0,0,0,0,0,0,0,0,0
GhostShip,5.3,0,0,0,0,0,0,0,0,0,0,0,1,0,0,0,0,0,0,0,0
AVeryHaroldKumarChristmas,6.0,0,0,0,1,0,0,0,0,0,0,0,0,0,0,0,0,0,0,0,0
WildThings,6.3,0,0,0,0,1,0,0,0,0,0,0,0,0,0,0,0,0,0,0,0
TheStepfather,5.4,0,0,0,0,0,0,0,0,0,0,0,1,0,0,0,0,0,0,0,0
TheDebt,6.3,0,0,0,0,0,0,1,0,0,0,0,0,0,0,0,0,0,0,0,0
HighFidelity,7.0,0,0,0,1,0,0,0,0,0,0,0,0,0,0,0,0,0,0,0,0
OneMissedCall,4.7,0,0,0,0,0,0,0,0,0,0,0,1,0,0,0,0,0,0,0,0
EyeforanEye,5.8,0,0,0,0,0,0,1,0,0,0,0,0,0,0,0,0,0,0,0,0
TheBankJob,6.6,0,0,0,0,0,0,0,0,0,0,0,0,0,0,0,0,0,1,0,0
EternalSunshineoftheSpotlessMind,7.9,0,0,0,0,0,0,0,0,0,0,0,0,0,0,0,1,0,0,0,0
YouAgain,6.0,0,0,0,1,0,0,0,0,0,0,0,0,0,0,0,0,0,0,0,0
StreetKings,6.3,1,0,0,0,0,0,0,0,0,0,0,0,0,0,0,0,0,0,0,0
TheWorldsEnd,6.7,0,0,0,1,0,0,0,0,0,0,0,0,0,0,0,0,0,0,0,0
NancyDrew,5.8,1,0,0,0,0,0,0,0,0,0,0,0,0,0,0,0,0,0,0,0
Daybreakers,6.0,0,0,0,0,0,0,0,0,1,0,0,0,0,0,0,0,0,0,0,0
ShesOutofMyLeague,5.9,0,0,0,1,0,0,0,0,0,0,0,0,0,0,0,0,0,0,0,0
MonteCarlo,6.0,0,1,0,0,0,0,0,0,0,0,0,0,0,0,0,0,0,0,0,0
StayAlive,5.3,0,0,0,0,0,0,0,0,0,0,0,1,0,0,0,0,0,0,0,0
QuigleyDownUnder,6.5,0,0,0,0,0,0,0,0,0,0,0,0,0,0,1,0,0,0,0,0
AlphaandOmega,5.3,0,0,0,0,0,0,0,1,0,0,0,0,0,0,0,0,0,0,0,0
TheCovenant,5.2,1,0,0,0,0,0,0,0,0,0,0,0,0,0,0,0,0,0,0,0
StickIt,6.3,0,0,0,1,0,0,0,0,0,0,0,0,0,0,0,0,0,0,0,0
Shorts,5.1,0,0,0,1,0,0,0,0,0,0,0,0,0,0,0,0,0,0,0,0
ToDieFor,6.7,0,0,0,0,0,0,0,0,1,0,0,0,0,0,0,0,0,0,0,0
Nerve,7.1,0,0,0,0,0,0,0,0,0,0,0,0,0,1,0,0,0,0,0,0
Appaloosa,6.3,0,0,0,0,0,0,1,0,0,0,0,0,0,0,0,0,0,0,0,0
Vampires,5.8,1,0,0,0,0,0,0,0,0,0,0,0,0,0,0,0,0,0,0,0
Psycho,8.2,0,0,0,0,0,0,1,0,0,0,0,0,0,0,0,0,0,0,0,0
MyBestFriendsGirl,5.4,0,0,0,0,0,0,0,0,0,0,0,0,0,0,1,0,0,0,0,0
EndlessLove,6.7,0,0,0,0,0,0,1,0,0,0,0,0,0,0,0,0,0,0,0,0
GeorgiaRule,5.6,0,0,0,1,0,0,0,0,0,0,0,0,0,0,0,0,0,0,0,0
UndertheRainbow,4.9,0,0,0,1,0,0,0,0,0,0,0,0,0,0,0,0,0,0,0,0
Ladyhawke,6.8,0,1,0,0,0,0,0,0,0,0,0,0,0,0,0,0,0,0,0,0
SimonBirch,6.5,0,0,0,1,0,0,0,0,0,0,0,0,0,0,0,0,0,0,0,0
ReignOverMe,7.1,0,0,0,0,0,0,1,0,0,0,0,0,0,0,0,0,0,0,0,0
IntotheWild,7.8,0,1,0,0,0,0,0,0,0,0,0,0,0,0,0,0,0,0,0,0
SchoolforScoundrels,5.6,0,0,0,1,0,0,0,0,0,0,0,0,0,0,0,0,0,0,0,0
SilentHillRevelation3D,5.0,0,0,0,0,0,0,0,0,0,0,0,0,0,0,0,0,0,1,0,0
FromDuskTillDawn,6.9,0,0,0,0,0,0,0,0,0,0,0,1,0,0,0,0,0,0,0,0
PoohsHeffalumpMovie,6.4,0,0,1,0,0,0,0,0,0,0,0,0,0,0,0,0,0,0,0,0
HomefortheHolidays,6.3,0,0,0,1,0,0,0,0,0,0,0,0,0,0,0,0,0,0,0,0
KungFuHustle,7.2,1,0,0,0,0,0,0,0,0,0,0,0,0,0,0,0,0,0,0,0
TheCountryBears,4.3,0,1,0,0,0,0,0,0,0,0,0,0,0,0,0,0,0,0,0,0
TheKiteRunner,7.3,0,0,0,0,0,0,1,0,0,0,0,0,0,0,0,0,0,0,0,0
21Grams,7.2,0,0,0,0,0,0,1,0,0,0,0,0,0,0,0,0,0,0,0,0
Paparazzi,5.8,1,0,0,0,0,0,0,0,0,0,0,0,0,0,0,0,0,0,0,0
AGuyThing,5.3,0,0,0,1,0,0,0,0,0,0,0,0,0,0,0,0,0,0,0,0
Loser,5.0,0,0,0,0,0,0,1,0,0,0,0,0,0,0,0,0,0,0,0,0
CapitalismALoveStory,7.0,0,0,0,0,0,1,0,0,0,0,0,0,0,0,0,0,0,0,0,0
TheGreatestStoryEverTold,6.5,0,0,0,0,0,0,1,0,0,0,0,0,0,0,0,0,0,0,0,0
SecretinTheirEyes,6.2,0,0,0,0,1,0,0,0,0,0,0,0,0,0,0,0,0,0,0,0
DisasterMovie,3.0,1,0,0,0,0,0,0,0,0,0,0,0,0,0,0,0,0,0,0,0
Armored,5.5,1,0,0,0,0,0,0,0,0,0,0,0,0,0,0,0,0,0,0,0
TheManWhoKnewTooLittle,6.5,0,0,0,1,0,0,0,0,0,0,0,0,0,0,0,0,0,0,0,0
WhatsYourNumber,6.2,0,0,0,1,0,0,0,0,0,0,0,0,0,0,0,0,0,0,0,0
Lockout,5.8,1,0,0,0,0,0,0,0,0,0,0,0,0,0,0,0,0,0,0,0
Envy,4.8,0,0,0,1,0,0,0,0,0,0,0,0,0,0,0,0,0,0,0,0
CrankHighVoltage,5.9,1,0,0,0,0,0,0,0,0,0,0,0,0,0,0,0,0,0,0,0
BulletsOverBroadway,7.0,1,0,0,0,0,0,0,0,0,0,0,0,0,0,0,0,0,0,0,0
OneNightwiththeKing,6.1,0,0,0,0,0,0,1,0,0,0,0,0,0,0,0,0,0,0,0,0
TheQuietAmerican,6.4,0,0,0,0,0,0,1,0,0,0,0,0,0,0,0,0,0,0,0,0
TheWeatherMan,6.0,0,0,0,1,0,0,0,0,0,0,0,0,0,0,0,0,0,0,0,0
Undisputed,6.1,1,0,0,0,0,0,0,0,0,0,0,0,0,0,0,0,0,0,0,0
GhostTown,6.4,0,0,0,1,0,0,0,0,0,0,0,0,0,0,0,0,0,0,0,0
12Rounds,5.7,1,0,0,0,0,0,0,0,0,0,0,0,0,0,0,0,0,0,0,0
LetMeIn,6.7,0,0,0,0,0,0,1,0,0,0,0,0,0,0,0,0,0,0,0,0
3NinjasKickBack,4.5,0,1,0,0,0,0,0,0,0,0,0,0,0,0,0,0,0,0,0,0
BeKindRewind,6.2,0,0,0,0,0,0,1,0,0,0,0,0,0,0,0,0,0,0,0,0
MrsHendersonPresents,6.4,0,0,0,1,0,0,0,0,0,0,0,0,0,0,0,0,0,0,0,0
Triple9,5.6,1,0,0,0,0,0,0,0,0,0,0,0,0,0,0,0,0,0,0,0
DeconstructingHarry,7.3,0,0,0,1,0,0,0,0,0,0,0,0,0,0,0,0,0,0,0,0
ThreetoTango,5.4,0,0,0,1,0,0,0,0,0,0,0,0,0,0,0,0,0,0,0,0
Burnt,6.3,0,0,0,0,0,0,1,0,0,0,0,0,0,0,0,0,0,0,0,0
WereNoAngels,5.6,0,0,0,1,0,0,0,0,0,0,0,0,0,0,0,0,0,0,0,0
EveryoneSaysILoveYou,6.5,0,0,0,0,0,0,0,0,0,0,0,0,1,0,0,0,0,0,0,0
DeathSentence,6.5,1,0,0,0,0,0,0,0,0,0,0,0,0,0,0,0,0,0,0,0
EverybodysFine,6.5,0,0,0,0,0,0,1,0,0,0,0,0,0,0,0,0,0,0,0,0
SuperbabiesBabyGeniuses2,1.9,0,0,0,1,0,0,0,0,0,0,0,0,0,0,0,0,0,0,0,0
TheMan,5.4,1,0,0,0,0,0,0,0,0,0,0,0,0,0,0,0,0,0,0,0
CodeNameTheCleaner,4.7,1,0,0,0,0,0,0,0,0,0,0,0,0,0,0,0,0,0,0,0
ConnieandCarla,6.4,0,0,0,1,0,0,0,0,0,0,0,0,0,0,0,0,0,0,0,0
SweetCharity,6.5,0,0,0,1,0,0,0,0,0,0,0,0,0,0,0,0,0,0,0,0
InherentVice,6.5,0,0,0,1,0,0,0,0,0,0,0,0,0,0,0,0,0,0,0,0
Doogal,3.2,0,0,0,0,0,0,0,1,0,0,0,0,0,0,0,0,0,0,0,0
BattleoftheYear,5.9,0,0,0,0,0,0,0,0,0,0,0,0,1,0,0,0,0,0,0,0
AnAmericanCarol,4.1,0,0,0,1,0,0,0,0,0,0,0,0,0,0,0,0,0,0,0,0
MacheteKills,5.3,1,0,0,0,0,0,0,0,0,0,0,0,0,0,0,0,0,0,0,0
Willard,5.8,0,0,0,0,0,0,0,0,0,0,0,1,0,0,0,0,0,0,0,0
StrangeWilderness,4.7,0,0,0,1,0,0,0,0,0,0,0,0,0,0,0,0,0,0,0,0
TopsyTurvy,6.7,0,0,0,1,0,0,0,0,0,0,0,0,0,0,0,0,0,0,0,0
LittleBoy,7.0,0,0,0,1,0,0,0,0,0,0,0,0,0,0,0,0,0,0,0,0
ADangerousMethod,6.2,0,0,0,0,0,0,1,0,0,0,0,0,0,0,0,0,0,0,0,0
AScannerDarkly,6.8,0,0,1,0,0,0,0,0,0,0,0,0,0,0,0,0,0,0,0,0
ChasingMavericks,7.0,0,0,0,0,0,0,1,0,0,0,0,0,0,0,0,0,0,0,0,0
AloneintheDark,3.1,1,0,0,0,0,0,0,0,0,0,0,0,0,0,0,0,0,0,0,0
Bandslam,5.4,0,0,0,1,0,0,0,0,0,0,0,0,0,0,0,0,0,0,0,0
Birth,5.9,0,0,0,0,0,0,1,0,0,0,0,0,0,0,0,0,0,0,0,0
AMostViolentYear,6.5,0,0,0,0,1,0,0,0,0,0,0,0,0,0,0,0,0,0,0,0
Passchendaele,6.3,0,0,0,0,0,0,1,0,0,0,0,0,0,0,0,0,0,0,0,0
FlashofGenius,6.3,0,0,0,0,0,0,1,0,0,0,0,0,0,0,0,0,0,0,0,0
ImNotThere,6.6,0,0,0,0,0,0,1,0,0,0,0,0,0,0,0,0,0,0,0,0
TheColdLightofDay,4.8,1,0,0,0,0,0,0,0,0,0,0,0,0,0,0,0,0,0,0,0
TheBrothersBloom,6.8,0,1,0,0,0,0,0,0,0,0,0,0,0,0,0,0,0,0,0,0
SynecdocheNewYork,7.4,0,0,0,0,0,0,1,0,0,0,0,0,0,0,0,0,0,0,0,0
PrincessMononoke,8.2,0,1,0,0,0,0,0,0,0,0,0,0,0,0,0,0,0,0,0,0
Bonvoyage,5.7,0,0,0,1,0,0,0,0,0,0,0,0,0,0,0,0,0,0,0,0
CantStoptheMusic,4.9,0,0,0,1,0,0,0,0,0,0,0,0,0,0,0,0,0,0,0,0
TheProposition,7.1,1,0,0,0,0,0,0,0,0,0,0,0,0,0,0,0,0,0,0,0
MyAllAmerican,6.8,0,0,0,0,0,0,1,0,0,0,0,0,0,0,0,0,0,0,0,0
MarciX,3.3,0,0,0,1,0,0,0,0,0,0,0,0,0,0,0,0,0,0,0,0
Equilibrium,6.9,1,0,0,0,0,0,0,0,0,0,0,0,0,0,0,0,0,0,0,0
TheChildrenofHuangShi,6.5,0,0,0,0,0,0,1,0,0,0,0,0,0,0,0,0,0,0,0,0
TheYards,6.0,0,0,0,0,0,0,1,0,0,0,0,0,0,0,0,0,0,0,0,0
TheOogielovesintheBigBalloonAdventure,2.2,0,0,0,0,0,0,0,1,0,0,0,0,0,0,0,0,0,0,0,0
BytheSea,5.4,0,0,0,0,0,0,1,0,0,0,0,0,0,0,0,0,0,0,0,0
Steamboy,6.4,0,0,1,0,0,0,0,0,0,0,0,0,0,0,0,0,0,0,0,0
TheGameofTheirLives,5.8,0,0,0,0,0,0,1,0,0,0,0,0,0,0,0,0,0,0,0,0
AllGoodThings,5.9,0,0,0,0,0,0,1,0,0,0,0,0,0,0,0,0,0,0,0,0
RapaNui,6.2,0,1,0,0,0,0,0,0,0,0,0,0,0,0,0,0,0,0,0,0
CJ7,6.1,0,0,0,1,0,0,0,0,0,0,0,0,0,0,0,0,0,0,0,0
TheVisitorsIITheCorridorsofTime,5.8,0,0,0,1,0,0,0,0,0,0,0,0,0,0,0,0,0,0,0,0
DylanDogDeadofNight,4.5,1,0,0,0,0,0,0,0,0,0,0,0,0,0,0,0,0,0,0,0
PeopleIKnow,5.5,0,0,0,0,0,0,1,0,0,0,0,0,0,0,0,0,0,0,0,0
TheTempest,6.0,0,0,0,0,0,0,1,0,0,0,0,0,0,0,0,0,0,0,0,0
Regression,5.3,0,0,0,0,0,0,0,0,0,0,0,1,0,0,0,0,0,0,0,0
ThreeKingdomsResurrectionoftheDragon,6.6,1,0,0,0,0,0,0,0,0,0,0,0,0,0,0,0,0,0,0,0
ButterflyonaWheel,6.3,0,0,0,0,1,0,0,0,0,0,0,0,0,0,0,0,0,0,0,0
Zambezia,5.3,0,0,0,1,0,0,0,0,0,0,0,0,0,0,0,0,0,0,0,0
Ramanujan,5.0,0,0,0,0,0,0,1,0,0,0,0,0,0,0,0,0,0,0,0,0
Dwegons,0.5,0,0,1,0,0,0,0,0,0,0,0,0,0,0,0,0,0,0,0,0
HandsofStone,6.1,0,0,0,0,0,0,1,0,0,0,0,0,0,0,0,0,0,0,0,0
Survivor,5.4,0,0,0,0,0,0,0,0,0,0,0,0,0,0,0,0,0,1,0,0
TheFrozenGround,6.1,0,0,0,0,0,0,0,0,0,0,0,0,0,0,0,0,0,1,0,0
ThePaintedVeil,7.1,0,0,0,0,0,0,1,0,0,0,0,0,0,0,0,0,0,0,0,0
TheBaaderMeinhofComplex,7.1,1,0,0,0,0,0,0,0,0,0,0,0,0,0,0,0,0,0,0,0
DanceswithWolves,7.6,0,1,0,0,0,0,0,0,0,0,0,0,0,0,0,0,0,0,0,0
BadTeacher,5.4,0,0,0,1,0,0,0,0,0,0,0,0,0,0,0,0,0,0,0,0
SeaofLove,6.7,0,0,0,0,0,0,1,0,0,0,0,0,0,0,0,0,0,0,0,0
ACinderellaStory,6.1,0,0,0,1,0,0,0,0,0,0,0,0,0,0,0,0,0,0,0,0
Scream,7.0,0,0,0,0,1,0,0,0,0,0,0,0,0,0,0,0,0,0,0,0
Thir13enGhosts,5.4,0,0,0,0,0,0,0,0,0,0,0,1,0,0,0,0,0,0,0,0
TheShining,8.1,0,0,0,0,0,0,0,0,0,0,0,1,0,0,0,0,0,0,0,0
BacktotheFuture,8.0,0,1,0,0,0,0,0,0,0,0,0,0,0,0,0,0,0,0,0,0
HouseonHauntedHill,5.5,0,0,0,0,0,0,0,0,0,0,0,1,0,0,0,0,0,0,0,0
ICanDoBadAllByMyself,6.0,0,0,0,0,0,0,1,0,0,0,0,0,0,0,0,0,0,0,0,0
FightValley,3.9,1,0,0,0,0,0,0,0,0,0,0,0,0,0,0,0,0,0,0,0
TheSwitch,5.9,0,0,0,1,0,0,0,0,0,0,0,0,0,0,0,0,0,0,0,0
JustMarried,5.3,0,0,0,1,0,0,0,0,0,0,0,0,0,0,0,0,0,0,0,0
TheDevilsDouble,6.5,0,0,0,0,0,0,1,0,0,0,0,0,0,0,0,0,0,0,0,0
ThomasandtheMagicRailroad,4.6,0,0,1,0,0,0,0,0,0,0,0,0,0,0,0,0,0,0,0,0
TheCrazies,6.2,0,0,0,0,0,0,0,0,0,0,0,0,0,1,0,0,0,0,0,0
SpiritedAway,8.3,0,0,0,0,0,0,0,0,1,0,0,0,0,0,0,0,0,0,0,0
Firestorm,5.9,1,0,0,0,0,0,0,0,0,0,0,0,0,0,0,0,0,0,0,0
TheBounty,6.5,1,0,0,0,0,0,0,0,0,0,0,0,0,0,0,0,0,0,0,0
TheBookThief,7.4,0,0,0,0,0,0,1,0,0,0,0,0,0,0,0,0,0,0,0,0
SexDrive,6.0,0,0,0,1,0,0,0,0,0,0,0,0,0,0,0,0,0,0,0,0
LeapYear,6.4,0,0,0,0,0,0,0,0,0,0,0,0,0,0,1,0,0,0,0,0
TheFalloftheRomanEmpire,6.0,0,0,0,0,0,0,1,0,0,0,0,0,0,0,0,0,0,0,0,0
TakeMeHomeTonight,6.2,0,0,0,1,0,0,0,0,0,0,0,0,0,0,0,0,0,0,0,0
WontBackDown,5.8,0,0,0,0,0,0,1,0,0,0,0,0,0,0,0,0,0,0,0,0
TheNutcracker,5.6,0,0,0,0,0,0,0,1,0,0,0,0,0,0,0,0,0,0,0,0
KansasCity,6.1,0,0,0,0,0,0,0,0,0,0,0,0,0,0,0,0,0,1,0,0
Indignation,6.8,0,0,0,0,0,0,1,0,0,0,0,0,0,0,0,0,0,0,0,0
TheAmityvilleHorror,6.0,0,0,0,0,0,0,0,0,0,0,0,1,0,0,0,0,0,0,0,0
Adaptation,7.3,0,0,0,1,0,0,0,0,0,0,0,0,0,0,0,0,0,0,0,0
LandoftheDead,6.0,0,0,0,0,0,0,0,0,0,0,0,1,0,0,0,0,0,0,0,0
OutofInferno,5.8,1,0,0,0,0,0,0,0,0,0,0,0,0,0,0,0,0,0,0,0
FearandLoathinginLasVegas,7.2,0,1,0,0,0,0,0,0,0,0,0,0,0,0,0,0,0,0,0,0
TheInventionofLying,6.0,0,0,0,1,0,0,0,0,0,0,0,0,0,0,0,0,0,0,0,0
Neighbors,6.2,0,0,0,1,0,0,0,0,0,0,0,0,0,0,0,0,0,0,0,0
TheMask,6.6,0,0,0,0,0,0,0,0,0,0,0,0,0,0,1,0,0,0,0,0
Big,6.9,0,0,0,0,0,0,0,0,1,0,0,0,0,0,0,0,0,0,0,0
BoratCulturalLearningsofAmericaforMakeBenefitGloriousNationofKazakhstan,6.5,0,0,0,1,0,0,0,0,0,0,0,0,0,0,0,0,0,0,0,0
LegallyBlonde,6.1,0,0,0,1,0,0,0,0,0,0,0,0,0,0,0,0,0,0,0,0
StarTrekIIITheSearchforSpock,6.4,0,0,0,0,0,0,0,0,0,0,0,0,0,0,0,1,0,0,0,0
TheExorcismofEmilyRose,6.3,0,0,0,0,1,0,0,0,0,0,0,0,0,0,0,0,0,0,0,0
DeuceBigalowMaleGigolo,5.5,0,0,0,1,0,0,0,0,0,0,0,0,0,0,0,0,0,0,0,0
LeftBehind,3.7,0,0,0,0,0,0,0,0,0,0,0,0,0,0,0,0,0,1,0,0
TheFamilyStone,6.2,0,0,0,1,0,0,0,0,0,0,0,0,0,0,0,0,0,0,0,0
Barbershop2BackinBusiness,5.6,0,0,0,1,0,0,0,0,0,0,0,0,0,0,0,0,0,0,0,0
BadSanta,6.5,0,0,0,0,0,0,1,0,0,0,0,0,0,0,0,0,0,0,0,0
AustinPowersInternationalManofMystery,6.5,0,0,0,0,0,0,0,0,0,0,0,0,0,0,0,1,0,0,0,0
MyBigFatGreekWedding2,5.5,0,0,0,0,0,0,0,0,0,0,0,0,0,0,1,0,0,0,0,0
DiaryofaWimpyKidRodrickRules,6.3,0,0,0,0,0,0,0,1,0,0,0,0,0,0,0,0,0,0,0,0
Predator,7.3,0,0,0,0,0,0,0,0,0,0,0,0,0,0,0,1,0,0,0,0
Amadeus,7.8,0,0,0,0,0,0,1,0,0,0,0,0,0,0,0,0,0,0,0,0
PromNight,4.8,0,0,0,0,1,0,0,0,0,0,0,0,0,0,0,0,0,0,0,0
MeanGirls,6.9,0,0,0,1,0,0,0,0,0,0,0,0,0,0,0,0,0,0,0,0
UndertheTuscanSun,6.4,0,0,0,1,0,0,0,0,0,0,0,0,0,0,0,0,0,0,0,0
GosfordPark,6.8,0,0,0,0,0,0,1,0,0,0,0,0,0,0,0,0,0,0,0,0
PeggySueGotMarried,5.9,0,0,0,1,0,0,0,0,0,0,0,0,0,0,0,0,0,0,0,0
Birdman,7.4,0,0,0,0,0,0,1,0,0,0,0,0,0,0,0,0,0,0,0,0
BlueJasmine,7.0,0,0,0,1,0,0,0,0,0,0,0,0,0,0,0,0,0,0,0,0
United93,6.9,0,0,0,0,0,0,1,0,0,0,0,0,0,0,0,0,0,0,0,0
Honey,6.0,0,0,0,0,0,0,0,0,0,0,0,0,0,0,1,0,0,0,0,0
SpyHard,4.9,1,0,0,0,0,0,0,0,0,0,0,0,0,0,0,0,0,0,0,0
TheFog,6.4,0,0,0,0,0,0,0,0,0,0,0,1,0,0,0,0,0,0,0,0
SoulSurfer,6.9,1,0,0,0,0,0,0,0,0,0,0,0,0,0,0,0,0,0,0,0
Catch22,6.7,0,0,0,0,0,0,0,0,0,0,0,0,0,0,0,0,0,0,1,0
ObserveandReport,5.6,0,0,0,1,0,0,0,0,0,0,0,0,0,0,0,0,0,0,0,0
ConantheDestroyer,5.8,0,1,0,0,0,0,0,0,0,0,0,0,0,0,0,0,0,0,0,0
RagingBull,7.7,0,0,0,0,0,0,1,0,0,0,0,0,0,0,0,0,0,0,0,0
LoveHappens,5.6,0,0,0,0,0,0,1,0,0,0,0,0,0,0,0,0,0,0,0,0
YoungSherlockHolmes,6.7,1,0,0,0,0,0,0,0,0,0,0,0,0,0,0,0,0,0,0,0
Fame,5.5,0,0,0,0,0,0,0,0,0,0,0,0,1,0,0,0,0,0,0,0
127Hours,7.0,0,1,0,0,0,0,0,0,0,0,0,0,0,0,0,0,0,0,0,0
SmallTimeCrooks,6.4,1,0,0,0,0,0,0,0,0,0,0,0,0,0,0,0,0,0,0,0
CenterStage,6.8,0,0,0,0,0,0,1,0,0,0,0,0,0,0,0,0,0,0,0,0
LovetheCoopers,5.4,0,0,0,1,0,0,0,0,0,0,0,0,0,0,0,0,0,0,0,0
CatchThatKid,4.9,0,0,0,0,0,0,0,1,0,0,0,0,0,0,0,0,0,0,0,0
LifeasaHouse,7.2,0,0,0,0,0,0,1,0,0,0,0,0,0,0,0,0,0,0,0,0
SteveJobs,6.8,0,0,0,0,0,0,1,0,0,0,0,0,0,0,0,0,0,0,0,0
ILoveYouBethCooper,5.1,0,0,0,1,0,0,0,0,0,0,0,0,0,0,0,0,0,0,0,0
YouthinRevolt,5.9,0,0,0,0,0,0,1,0,0,0,0,0,0,0,0,0,0,0,0,0
TheLegendoftheLoneRanger,3.7,1,0,0,0,0,0,0,0,0,0,0,0,0,0,0,0,0,0,0,0
TheTailorofPanama,6.2,0,0,0,0,0,0,1,0,0,0,0,0,0,0,0,0,0,0,0,0
BlowOut,7.3,0,0,0,0,0,0,1,0,0,0,0,0,0,0,0,0,0,0,0,0
Getaway,4.9,1,0,0,0,0,0,0,0,0,0,0,0,0,0,0,0,0,0,0,0
TheIceStorm,6.9,0,0,0,0,0,0,1,0,0,0,0,0,0,0,0,0,0,0,0,0
AndSoItGoes,5.7,0,0,0,1,0,0,0,0,0,0,0,0,0,0,0,0,0,0,0,0
TroopBeverlyHills,5.6,0,1,0,0,0,0,0,0,0,0,0,0,0,0,0,0,0,0,0,0
BeingJulia,6.4,0,0,0,1,0,0,0,0,0,0,0,0,0,0,0,0,0,0,0,0
Nine12Weeks,5.8,0,0,0,0,0,0,1,0,0,0,0,0,0,0,0,0,0,0,0,0
Dragonslayer,6.5,0,0,0,0,0,0,0,0,1,0,0,0,0,0,0,0,0,0,0,0
TheLastStation,6.7,0,0,0,0,0,0,1,0,0,0,0,0,0,0,0,0,0,0,0,0
EdWood,7.3,0,0,0,1,0,0,0,0,0,0,0,0,0,0,0,0,0,0,0,0
LaborDay,6.7,0,0,0,0,0,0,1,0,0,0,0,0,0,0,0,0,0,0,0,0
MongolTheRiseofGenghisKhan,6.5,0,0,0,0,0,0,0,0,0,0,1,0,0,0,0,0,0,0,0,0
RockNRolla,6.9,1,0,0,0,0,0,0,0,0,0,0,0,0,0,0,0,0,0,0,0
Megaforce,3.5,0,1,0,0,0,0,0,0,0,0,0,0,0,0,0,0,0,0,0,0
Hamlet,7.3,0,0,0,0,0,0,1,0,0,0,0,0,0,0,0,0,0,0,0,0
MaosLastDancer,6.8,0,0,0,0,0,0,1,0,0,0,0,0,0,0,0,0,0,0,0,0
MidnightSpecial,6.2,0,1,0,0,0,0,0,0,0,0,0,0,0,0,0,0,0,0,0,0
AnythingElse,6.2,0,0,0,1,0,0,0,0,0,0,0,0,0,0,0,0,0,0,0,0
TheRailwayMan,6.7,0,0,0,0,0,0,1,0,0,0,0,0,0,0,0,0,0,0,0,0
TheWhiteRibbon,7.2,0,0,0,0,1,0,0,0,0,0,0,0,0,0,0,0,0,0,0,0
Restoration,5.3,0,0,0,0,0,0,0,0,0,0,0,1,0,0,0,0,0,0,0,0
TheWraith,5.9,0,0,0,0,0,0,0,0,0,0,0,0,0,0,1,0,0,0,0,0
SaltonSea,7.0,0,0,0,0,0,0,1,0,0,0,0,0,0,0,0,0,0,0,0,0
MetallicaThroughtheNever,6.7,0,0,0,0,0,0,0,0,0,0,0,0,1,0,0,0,0,0,0,0
TheInformers,4.4,0,0,0,0,0,0,1,0,0,0,0,0,0,0,0,0,0,0,0,0
Carlos,6.7,0,0,0,0,1,0,0,0,0,0,0,0,0,0,0,0,0,0,0,0
IComewiththeRain,5.6,0,0,0,0,0,0,0,0,0,0,0,0,0,0,0,0,0,1,0,0
OneMansHero,9.3,0,0,0,0,0,0,0,0,0,0,0,0,0,0,0,0,0,0,0,1
DayoftheDead,6.9,0,0,0,0,0,0,0,0,0,0,0,1,0,0,0,0,0,0,0,0
IAmWrath,4.5,1,0,0,0,0,0,0,0,0,0,0,0,0,0,0,0,0,0,0,0
Renaissance,6.7,1,0,0,0,0,0,0,0,0,0,0,0,0,0,0,0,0,0,0,0
RedSonja,5.0,0,1,0,0,0,0,0,0,0,0,0,0,0,0,0,0,0,0,0,0
RedLights,6.0,0,0,0,0,0,0,0,0,0,0,0,0,0,0,0,0,0,1,0,0
Superbad,7.0,0,0,0,1,0,0,0,0,0,0,0,0,0,0,0,0,0,0,0,0
MadeaGoestoJail,6.4,0,0,0,1,0,0,0,0,0,0,0,0,0,0,0,0,0,0,0,0
Wolves,5.7,0,0,0,0,0,0,0,0,0,0,0,1,0,0,0,0,0,0,0,0
StepUp2TheStreets,6.5,0,0,0,0,0,0,0,0,0,0,0,0,1,0,0,0,0,0,0,0
Hoodwinked,5.9,0,0,1,0,0,0,0,0,0,0,0,0,0,0,0,0,0,0,0,0
HotelRwanda,7.5,0,0,0,0,0,0,1,0,0,0,0,0,0,0,0,0,0,0,0,0
Hitman,5.9,1,0,0,0,0,0,0,0,0,0,0,0,0,0,0,0,0,0,0,0
BlackNativity,5.8,0,0,0,0,0,0,1,0,0,0,0,0,0,0,0,0,0,0,0,0
ThePrince,4.6,0,0,0,0,0,0,0,0,0,0,0,0,0,0,0,0,0,1,0,0
CityofGhosts,5.4,0,0,0,0,0,0,0,0,0,0,0,0,0,0,0,0,0,1,0,0
TheOthers,7.4,0,0,0,0,0,0,0,0,0,0,0,1,0,0,0,0,0,0,0,0
Aliens,7.7,0,0,0,0,0,0,0,0,0,0,0,1,0,0,0,0,0,0,0,0
MyFairLady,7.4,0,0,0,0,0,0,1,0,0,0,0,0,0,0,0,0,0,0,0,0
IKnowWhatYouDidLastSummer,5.6,0,0,0,0,0,0,0,0,0,0,0,1,0,0,0,0,0,0,0,0
LetsBeCops,6.4,0,0,0,1,0,0,0,0,0,0,0,0,0,0,0,0,0,0,0,0
Sideways,6.9,0,0,0,1,0,0,0,0,0,0,0,0,0,0,0,0,0,0,0,0
Beerfest,5.8,0,0,0,1,0,0,0,0,0,0,0,0,0,0,0,0,0,0,0,0
Halloween,7.4,0,0,0,0,0,0,0,0,0,0,0,1,0,0,0,0,0,0,0,0
GoodBoy,4.7,0,0,0,1,0,0,0,0,0,0,0,0,0,0,0,0,0,0,0,0
TheBestManHoliday,6.7,0,0,0,1,0,0,0,0,0,0,0,0,0,0,0,0,0,0,0,0
SmokinAces,6.4,1,0,0,0,0,0,0,0,0,0,0,0,0,0,0,0,0,0,0,0
SawTheFinalChapter,5.8,0,0,0,0,0,0,0,0,0,0,0,1,0,0,0,0,0,0,0,0
40Daysand40Nights,5.2,0,0,0,1,0,0,0,0,0,0,0,0,0,0,0,0,0,0,0,0
ANightattheRoxbury,5.9,0,0,0,1,0,0,0,0,0,0,0,0,0,0,0,0,0,0,0,0
Beastly,6.0,0,0,0,0,0,0,1,0,0,0,0,0,0,0,0,0,0,0,0,0
TheHillsHaveEyes,6.1,0,0,0,0,0,0,0,0,0,0,0,1,0,0,0,0,0,0,0,0
DickieRobertsFormerChildStar,5.1,0,0,0,1,0,0,0,0,0,0,0,0,0,0,0,0,0,0,0,0
McFarlandUSA,7.4,0,0,0,0,0,0,1,0,0,0,0,0,0,0,0,0,0,0,0,0
LotteryTicket,5.6,0,0,0,1,0,0,0,0,0,0,0,0,0,0,0,0,0,0,0,0
ATL,6.0,0,0,0,0,0,0,1,0,0,0,0,0,0,0,0,0,0,0,0,0
PitchPerfect,7.3,0,0,0,1,0,0,0,0,0,0,0,0,0,0,0,0,0,0,0,0
SummerCatch,4.8,0,0,0,0,0,0,1,0,0,0,0,0,0,0,0,0,0,0,0,0
ASimplePlan,6.9,0,0,0,0,0,0,1,0,0,0,0,0,0,0,0,0,0,0,0,0
They,4.6,0,0,0,0,0,0,0,0,0,0,0,1,0,0,0,0,0,0,0,0
LarrytheCableGuyHealthInspector,3.3,0,0,0,1,0,0,0,0,0,0,0,0,0,0,0,0,0,0,0,0
TheAdventuresofElmoinGrouchland,6.3,0,0,0,0,0,0,0,1,0,0,0,0,0,0,0,0,0,0,0,0
BrooklynsFinest,6.2,0,0,0,0,1,0,0,0,0,0,0,0,0,0,0,0,0,0,0,0
55DaysatPeking,6.3,1,0,0,0,0,0,0,0,0,0,0,0,0,0,0,0,0,0,0,0
EvilDead,6.4,0,0,0,0,0,0,0,0,0,0,0,1,0,0,0,0,0,0,0,0
MyLifeinRuins,5.6,0,0,0,1,0,0,0,0,0,0,0,0,0,0,0,0,0,0,0,0
AmericanDreamz,4.9,0,0,0,1,0,0,0,0,0,0,0,0,0,0,0,0,0,0,0,0
SupermanIVTheQuestforPeace,4.1,1,0,0,0,0,0,0,0,0,0,0,0,0,0,0,0,0,0,0,0
HowSheMove,3.0,0,0,0,0,0,0,1,0,0,0,0,0,0,0,0,0,0,0,0,0
RunningScared,7.0,1,0,0,0,0,0,0,0,0,0,0,0,0,0,0,0,0,0,0,0
BobbyJonesStrokeofGenius,5.5,0,0,0,0,0,0,1,0,0,0,0,0,0,0,0,0,0,0,0,0
ShanghaiSurprise,2.9,0,1,0,0,0,0,0,0,0,0,0,0,0,0,0,0,0,0,0,0
TheIllusionist,7.1,0,0,0,0,0,0,0,0,1,0,0,0,0,0,0,0,0,0,0,0
Roar,5.6,0,1,0,0,0,0,0,0,0,0,0,0,0,0,0,0,0,0,0,0
VeronicaGuerin,6.8,0,0,0,0,0,0,1,0,0,0,0,0,0,0,0,0,0,0,0,0
EscobarParadiseLost,6.1,0,0,0,0,0,0,0,0,0,0,0,0,0,0,0,0,0,1,0,0
SouthlandTales,5.2,1,0,0,0,0,0,0,0,0,0,0,0,0,0,0,0,0,0,0,0
DragonHunters,6.5,0,0,1,0,0,0,0,0,0,0,0,0,0,0,0,0,0,0,0,0
DamnationAlley,5.0,1,0,0,0,0,0,0,0,0,0,0,0,0,0,0,0,0,0,0,0
TheApparition,4.5,0,0,0,0,0,0,0,0,0,0,0,1,0,0,0,0,0,0,0,0
MyGirl,7.0,0,0,0,1,0,0,0,0,0,0,0,0,0,0,0,0,0,0,0,0
FurAnImaginaryPortraitofDianeArbus,5.8,0,0,0,0,0,0,1,0,0,0,0,0,0,0,0,0,0,0,0,0
WallStreet,7.0,0,0,0,0,1,0,0,0,0,0,0,0,0,0,0,0,0,0,0,0
SenseandSensibility,7.2,0,0,0,0,0,0,1,0,0,0,0,0,0,0,0,0,0,0,0,0
BecomingJane,6.9,0,0,0,0,0,0,1,0,0,0,0,0,0,0,0,0,0,0,0,0
SydneyWhite,6.0,0,0,0,1,0,0,0,0,0,0,0,0,0,0,0,0,0,0,0,0
HouseofSandandFog,7.0,0,0,0,0,0,0,1,0,0,0,0,0,0,0,0,0,0,0,0,0
DeadPoetsSociety,8.1,0,0,0,0,0,0,1,0,0,0,0,0,0,0,0,0,0,0,0,0
DumbandDumber,6.5,0,0,0,1,0,0,0,0,0,0,0,0,0,0,0,0,0,0,0,0
WhenHarryMetSally,7.3,0,0,0,1,0,0,0,0,0,0,0,0,0,0,0,0,0,0,0,0
TheVerdict,7.4,0,0,0,0,0,0,1,0,0,0,0,0,0,0,0,0,0,0,0,0
RoadTrip,5.9,0,0,0,1,0,0,0,0,0,0,0,0,0,0,0,0,0,0,0,0
VarsityBlues,6.0,0,0,0,1,0,0,0,0,0,0,0,0,0,0,0,0,0,0,0,0
TheArtist,7.3,0,0,0,0,0,0,1,0,0,0,0,0,0,0,0,0,0,0,0,0
TheUnborn,4.8,0,0,0,0,0,0,0,0,0,0,0,1,0,0,0,0,0,0,0,0
MoonriseKingdom,7.6,0,0,0,1,0,0,0,0,0,0,0,0,0,0,0,0,0,0,0,0
TheTexasChainsawMassacreTheBeginning,5.9,0,0,0,0,0,0,0,0,0,0,0,1,0,0,0,0,0,0,0,0
TheYoungMessiah,6.4,0,0,0,0,0,0,1,0,0,0,0,0,0,0,0,0,0,0,0,0
TheMasterofDisguise,3.7,0,0,0,1,0,0,0,0,0,0,0,0,0,0,0,0,0,0,0,0
PansLabyrinth,7.6,0,0,0,0,0,0,0,0,1,0,0,0,0,0,0,0,0,0,0,0
SeeSpotRun,4.8,1,0,0,0,0,0,0,0,0,0,0,0,0,0,0,0,0,0,0,0
BabyBoy,7.4,0,0,0,0,1,0,0,0,0,0,0,0,0,0,0,0,0,0,0,0
TheRoommate,5.3,0,0,0,0,0,0,0,0,0,0,0,0,0,0,0,0,0,1,0,0
JoeDirt,5.5,0,0,0,0,0,0,0,0,0,0,0,0,0,1,0,0,0,0,0,0
DoubleImpact,5.3,0,0,0,0,0,0,0,0,0,0,0,0,0,0,0,0,0,1,0,0
HotFuzz,7.4,0,0,0,0,1,0,0,0,0,0,0,0,0,0,0,0,0,0,0,0
TheWomen,4.6,0,0,0,1,0,0,0,0,0,0,0,0,0,0,0,0,0,0,0,0
VickyCristinaBarcelona,6.7,0,0,0,0,0,0,1,0,0,0,0,0,0,0,0,0,0,0,0,0
ArnTheKnightTemplar,6.4,1,0,0,0,0,0,0,0,0,0,0,0,0,0,0,0,0,0,0,0
BoysandGirls,5.4,0,0,0,1,0,0,0,0,0,0,0,0,0,0,0,0,0,0,0,0
WhiteOleander,7.2,0,0,0,0,0,0,1,0,0,0,0,0,0,0,0,0,0,0,0,0
JennifersBody,5.3,0,0,0,1,0,0,0,0,0,0,0,0,0,0,0,0,0,0,0,0
DrowningMona,5.4,0,0,0,1,0,0,0,0,0,0,0,0,0,0,0,0,0,0,0,0
RadioDays,7.0,0,0,0,1,0,0,0,0,0,0,0,0,0,0,0,0,0,0,0,0
RememberMe,6.9,0,0,0,0,0,0,1,0,0,0,0,0,0,0,0,0,0,0,0,0
HowtoDeal,5.7,0,0,0,0,0,0,1,0,0,0,0,0,0,0,0,0,0,0,0,0
MyStepmotherisanAlien,5.3,0,0,0,1,0,0,0,0,0,0,0,0,0,0,0,0,0,0,0,0
Philadelphia,7.6,0,0,0,0,0,0,1,0,0,0,0,0,0,0,0,0,0,0,0,0
TheThirteenthFloor,6.8,0,0,0,0,0,0,0,0,0,0,0,0,0,0,0,0,0,1,0,0
TheCookout,4.6,0,0,0,1,0,0,0,0,0,0,0,0,0,0,0,0,0,0,0,0
Meteor,5.1,1,0,0,0,0,0,0,0,0,0,0,0,0,0,0,0,0,0,0,0
Duets,5.5,0,0,0,1,0,0,0,0,0,0,0,0,0,0,0,0,0,0,0,0
HollywoodEnding,6.4,0,0,0,1,0,0,0,0,0,0,0,0,0,0,0,0,0,0,0,0
DetroitRockCity,6.7,0,0,0,1,0,0,0,0,0,0,0,0,0,0,0,0,0,0,0,0
Highlander,6.8,0,1,0,0,0,0,0,0,0,0,0,0,0,0,0,0,0,0,0,0
ThingsWeLostintheFire,6.7,0,0,0,0,0,0,1,0,0,0,0,0,0,0,0,0,0,0,0,0
Steel,4.3,0,0,0,0,0,0,0,0,0,0,0,0,0,0,0,1,0,0,0,0
TheImmigrant,6.2,0,0,0,0,0,0,1,0,0,0,0,0,0,0,0,0,0,0,0,0
TheWhiteCountess,6.9,0,0,0,0,0,0,1,0,0,0,0,0,0,0,0,0,0,0,0,0
Trance,6.5,0,0,0,0,0,0,0,0,0,0,0,0,0,0,0,0,0,1,0,0
SoulPlane,4.7,0,0,0,0,0,0,0,0,0,0,0,0,0,0,1,0,0,0,0,0
WelcometotheSticks,6.8,0,0,0,1,0,0,0,0,0,0,0,0,0,0,0,0,0,0,0,0
Good,6.3,0,0,0,0,0,0,1,0,0,0,0,0,0,0,0,0,0,0,0,0
EntertheVoid,7.2,0,0,0,0,0,0,0,0,1,0,0,0,0,0,0,0,0,0,0,0
Vamps,4.8,0,0,0,1,0,0,0,0,0,0,0,0,0,0,0,0,0,0,0,0
HachiADogsTale,7.7,0,0,0,0,0,0,1,0,0,0,0,0,0,0,0,0,0,0,0,0
Zulu,6.7,0,0,0,0,1,0,0,0,0,0,0,0,0,0,0,0,0,0,0,0
TheHomesman,6.4,0,0,0,0,0,0,0,0,0,0,0,0,0,0,0,0,0,0,0,1
JuwannaMann,4.2,0,0,0,1,0,0,0,0,0,0,0,0,0,0,0,0,0,0,0,0
Ararat,5.7,0,0,0,0,0,0,0,0,0,0,0,0,0,0,0,0,0,0,1,0
Madison,5.3,1,0,0,0,0,0,0,0,0,0,0,0,0,0,0,0,0,0,0,0
SlowBurn,5.5,0,0,0,0,0,0,0,0,0,0,0,0,0,1,0,0,0,0,0,0
Wasabi,6.2,0,0,0,0,0,0,1,0,0,0,0,0,0,0,0,0,0,0,0,0
Slither,6.3,0,0,0,1,0,0,0,0,0,0,0,0,0,0,0,0,0,0,0,0
BeverlyHillsCop,6.8,1,0,0,0,0,0,0,0,0,0,0,0,0,0,0,0,0,0,0,0
HomeAlone,7.1,0,0,0,1,0,0,0,0,0,0,0,0,0,0,0,0,0,0,0,0
ThreeMenandaBaby,5.8,0,0,0,0,0,0,0,1,0,0,0,0,0,0,0,0,0,0,0,0
Tootsie,6.9,0,0,0,1,0,0,0,0,0,0,0,0,0,0,0,0,0,0,0,0
TopGun,6.7,1,0,0,0,0,0,0,0,0,0,0,0,0,0,0,0,0,0,0,0
CrouchingTigerHiddenDragon,7.2,0,1,0,0,0,0,0,0,0,0,0,0,0,0,0,0,0,0,0,0
AmericanBeauty,7.9,0,0,0,0,0,0,1,0,0,0,0,0,0,0,0,0,0,0,0,0
TheKingsSpeech,7.6,0,0,0,0,0,0,1,0,0,0,0,0,0,0,0,0,0,0,0,0
Twins,5.7,0,0,0,1,0,0,0,0,0,0,0,0,0,0,0,0,0,0,0,0
TheYellowHandkerchief,6.4,0,0,0,0,0,0,1,0,0,0,0,0,0,0,0,0,0,0,0,0
TheColorPurple,7.7,0,0,0,0,0,0,1,0,0,0,0,0,0,0,0,0,0,0,0,0
TidalWave,6.5,1,0,0,0,0,0,0,0,0,0,0,0,0,0,0,0,0,0,0,0
TheImitationGame,8.0,0,0,0,0,0,0,0,0,0,0,1,0,0,0,0,0,0,0,0,0
PrivateBenjamin,6.0,0,0,0,1,0,0,0,0,0,0,0,0,0,0,0,0,0,0,0,0
CoalMinersDaughter,7.2,0,0,0,0,0,0,1,0,0,0,0,0,0,0,0,0,0,0,0,0
DiaryofaWimpyKid,5.9,0,0,0,1,0,0,0,0,0,0,0,0,0,0,0,0,0,0,0,0
Mama,6.0,0,0,0,0,0,0,0,0,0,0,0,1,0,0,0,0,0,0,0,0
NationalLampoonsVacation,7.1,0,0,0,1,0,0,0,0,0,0,0,0,0,0,0,0,0,0,0,0
BadGrandpa,6.0,0,0,0,1,0,0,0,0,0,0,0,0,0,0,0,0,0,0,0,0
TheQueen,6.8,0,0,0,0,0,0,1,0,0,0,0,0,0,0,0,0,0,0,0,0
Beetlejuice,7.1,0,0,0,0,0,0,0,0,1,0,0,0,0,0,0,0,0,0,0,0
WhyDidIGetMarried,6.1,0,0,0,1,0,0,0,0,0,0,0,0,0,0,0,0,0,0,0,0
LittleWomen,7.0,0,0,0,0,0,0,1,0,0,0,0,0,0,0,0,0,0,0,0,0
TheWomaninBlack,6.1,0,0,0,0,0,0,1,0,0,0,0,0,0,0,0,0,0,0,0,0
WhenaStrangerCalls,5.4,0,0,0,0,0,0,0,0,0,0,0,1,0,0,0,0,0,0,0,0
BigFatLiar,5.6,0,0,0,1,0,0,0,0,0,0,0,0,0,0,0,0,0,0,0,0
TheDeerHunter,7.8,0,0,0,0,0,0,1,0,0,0,0,0,0,0,0,0,0,0,0,0
WagtheDog,6.7,0,0,0,1,0,0,0,0,0,0,0,0,0,0,0,0,0,0,0,0
TheLizzieMcGuireMovie,5.7,0,0,0,0,0,0,0,1,0,0,0,0,0,0,0,0,0,0,0,0
Snitch,5.8,0,0,0,0,0,0,0,0,0,0,0,0,0,0,0,0,0,1,0,0
Krampus,5.9,0,0,0,0,0,0,0,0,0,0,0,1,0,0,0,0,0,0,0,0
TheFaculty,6.2,0,0,0,0,0,0,0,0,0,0,0,1,0,0,0,0,0,0,0,0
WhatsLoveGottoDowithIt,6.9,0,0,0,0,0,0,1,0,0,0,0,0,0,0,0,0,0,0,0,0
CopLand,6.6,1,0,0,0,0,0,0,0,0,0,0,0,0,0,0,0,0,0,0,0
NotAnotherTeenMovie,5.5,0,0,0,1,0,0,0,0,0,0,0,0,0,0,0,0,0,0,0,0
EndofWatch,7.2,0,0,0,0,1,0,0,0,0,0,0,0,0,0,0,0,0,0,0,0
TheSkulls,5.8,0,0,0,0,1,0,0,0,0,0,0,0,0,0,0,0,0,0,0,0
TheTheoryofEverything,7.8,0,0,0,0,0,0,1,0,0,0,0,0,0,0,0,0,0,0,0,0
MalibusMostWanted,4.7,0,0,0,1,0,0,0,0,0,0,0,0,0,0,0,0,0,0,0,0
WheretheHeartIs,6.9,0,0,0,1,0,0,0,0,0,0,0,0,0,0,0,0,0,0,0,0
LawrenceofArabia,7.8,0,1,0,0,0,0,0,0,0,0,0,0,0,0,0,0,0,0,0,0
HalloweenII,5.1,0,0,0,0,0,0,0,0,0,0,0,1,0,0,0,0,0,0,0,0
Wild,7.0,0,0,0,0,0,0,1,0,0,0,0,0,0,0,0,0,0,0,0,0
TheLastHouseontheLeft,6.2,0,0,0,0,1,0,0,0,0,0,0,0,0,0,0,0,0,0,0,0
TheWeddingDate,6.2,0,0,0,1,0,0,0,0,0,0,0,0,0,0,0,0,0,0,0,0
HalloweenResurrection,4.5,0,0,0,0,0,0,0,0,0,0,0,1,0,0,0,0,0,0,0,0
ThePrincessBride,7.6,0,1,0,0,0,0,0,0,0,0,0,0,0,0,0,0,0,0,0,0
TheGreatDebaters,6.9,0,0,0,0,0,0,1,0,0,0,0,0,0,0,0,0,0,0,0,0
Drive,7.4,0,0,0,0,0,0,1,0,0,0,0,0,0,0,0,0,0,0,0,0
ConfessionsofaTeenageDramaQueen,5.1,0,0,0,1,0,0,0,0,0,0,0,0,0,0,0,0,0,0,0,0
TheObjectofMyAffection,5.6,0,0,0,1,0,0,0,0,0,0,0,0,0,0,0,0,0,0,0,0
28WeeksLater,6.5,0,0,0,0,0,0,0,0,0,0,0,1,0,0,0,0,0,0,0,0
WhentheGameStandsTall,6.3,0,0,0,0,0,0,1,0,0,0,0,0,0,0,0,0,0,0,0,0
BecauseofWinnDixie,6.1,0,0,0,1,0,0,0,0,0,0,0,0,0,0,0,0,0,0,0,0
LoveBasketball,7.4,1,0,0,0,0,0,0,0,0,0,0,0,0,0,0,0,0,0,0,0
GrossePointeBlank,6.9,1,0,0,0,0,0,0,0,0,0,0,0,0,0,0,0,0,0,0,0
AllAboutSteve,4.7,0,0,0,1,0,0,0,0,0,0,0,0,0,0,0,0,0,0,0,0
BookofShadowsBlairWitch2,4.3,0,0,0,0,0,0,0,0,0,0,0,0,0,1,0,0,0,0,0,0
TheCraft,6.3,0,0,0,0,0,0,1,0,0,0,0,0,0,0,0,0,0,0,0,0
MatchPoint,7.3,0,0,0,0,0,0,1,0,0,0,0,0,0,0,0,0,0,0,0,0
RamonaandBeezus,6.1,0,0,0,1,0,0,0,0,0,0,0,0,0,0,0,0,0,0,0,0
TheRemainsoftheDay,7.5,0,0,0,0,0,0,1,0,0,0,0,0,0,0,0,0,0,0,0,0
BoogieNights,7.5,0,0,0,0,0,0,1,0,0,0,0,0,0,0,0,0,0,0,0,0
NowheretoRun,5.5,1,0,0,0,0,0,0,0,0,0,0,0,0,0,0,0,0,0,0,0
Flicka,6.1,0,0,0,0,0,0,1,0,0,0,0,0,0,0,0,0,0,0,0,0
TheHillsHaveEyes2,5.2,0,0,0,0,0,0,0,0,0,0,0,1,0,0,0,0,0,0,0,0
UrbanLegendsFinalCut,4.4,0,0,0,0,0,0,0,0,0,0,0,1,0,0,0,0,0,0,0,0
TuckEverlasting,6.4,0,0,0,0,0,0,0,0,1,0,0,0,0,0,0,0,0,0,0,0
TheMarine,5.0,1,0,0,0,0,0,0,0,0,0,0,0,0,0,0,0,0,0,0,0
Keanu,6.0,1,0,0,0,0,0,0,0,0,0,0,0,0,0,0,0,0,0,0,0
CountryStrong,5.9,0,0,0,0,0,0,1,0,0,0,0,0,0,0,0,0,0,0,0,0
DisturbingBehavior,5.5,0,0,0,0,0,0,0,0,0,0,0,0,0,1,0,0,0,0,0,0
ThePlaceBeyondthePines,6.8,0,0,0,0,0,0,1,0,0,0,0,0,0,0,0,0,0,0,0,0
TheNovemberMan,6.0,0,0,0,0,1,0,0,0,0,0,0,0,0,0,0,0,0,0,0,0
EyeoftheBeholder,5.3,0,0,0,0,0,0,1,0,0,0,0,0,0,0,0,0,0,0,0,0
TheHurtLocker,7.2,0,0,0,0,0,0,1,0,0,0,0,0,0,0,0,0,0,0,0,0
Firestarter,5.9,0,0,0,0,0,0,0,0,1,0,0,0,0,0,0,0,0,0,0,0
KillingThemSoftly,5.8,0,0,0,0,1,0,0,0,0,0,0,0,0,0,0,0,0,0,0,0
AMostWantedMan,6.5,0,0,0,0,0,0,0,0,0,0,0,0,0,0,0,0,0,1,0,0
FreddyGotFingered,4.6,0,0,0,1,0,0,0,0,0,0,0,0,0,0,0,0,0,0,0,0
VeggieTalesThePiratesWhoDontDoAnything,5.9,0,1,0,0,0,0,0,0,0,0,0,0,0,0,0,0,0,0,0,0
U23D,6.7,0,0,0,0,0,0,0,0,0,0,0,0,1,0,0,0,0,0,0,0
HighlanderEndgame,4.4,1,0,0,0,0,0,0,0,0,0,0,0,0,0,0,0,0,0,0,0
Idlewild,5.1,0,0,0,0,1,0,0,0,0,0,0,0,0,0,0,0,0,0,0,0
OneDay,7.0,0,0,0,0,0,0,1,0,0,0,0,0,0,0,0,0,0,0,0,0
WhipIt,6.7,0,0,0,0,0,0,1,0,0,0,0,0,0,0,0,0,0,0,0,0
KnockaroundGuys,5.9,0,0,0,0,1,0,0,0,0,0,0,0,0,0,0,0,0,0,0,0
Confidence,6.4,1,0,0,0,0,0,0,0,0,0,0,0,0,0,0,0,0,0,0,0
TheMuse,5.3,0,0,0,0,0,0,0,0,1,0,0,0,0,0,0,0,0,0,0,0
DeLovely,6.3,0,0,0,0,0,0,1,0,0,0,0,0,0,0,0,0,0,0,0,0
NewYorkStories,6.2,0,0,0,1,0,0,0,0,0,0,0,0,0,0,0,0,0,0,0,0
BarneysGreatAdventure,2.9,0,0,0,0,0,0,0,1,0,0,0,0,0,0,0,0,0,0,0,0
TheManwiththeIronFists,5.2,1,0,0,0,0,0,0,0,0,0,0,0,0,0,0,0,0,0,0,0
HomeFries,4.8,0,0,0,0,0,0,1,0,0,0,0,0,0,0,0,0,0,0,0,0
HereOnEarth,5.4,0,0,0,0,0,0,0,0,0,0,0,0,0,0,1,0,0,0,0,0
Brazil,7.5,0,0,0,1,0,0,0,0,0,0,0,0,0,0,0,0,0,0,0,0
RaiseYourVoice,6.0,0,0,0,0,0,0,0,0,0,0,0,0,1,0,0,0,0,0,0,0
TheBigLebowski,7.8,0,0,0,1,0,0,0,0,0,0,0,0,0,0,0,0,0,0,0,0
BlackSnakeMoan,6.6,0,0,0,0,0,0,1,0,0,0,0,0,0,0,0,0,0,0,0,0
DarkBlue,6.5,1,0,0,0,0,0,0,0,0,0,0,0,0,0,0,0,0,0,0,0
AMightyHeart,6.7,0,0,0,0,0,0,1,0,0,0,0,0,0,0,0,0,0,0,0,0
WhateverItTakes,5.0,0,0,0,0,0,0,1,0,0,0,0,0,0,0,0,0,0,0,0,0
BoatTrip,4.7,0,0,0,1,0,0,0,0,0,0,0,0,0,0,0,0,0,0,0,0
TheImportanceofBeingEarnest,6.7,0,0,0,1,0,0,0,0,0,0,0,0,0,0,0,0,0,0,0,0
TheLoveLetter,4.7,0,0,0,1,0,0,0,0,0,0,0,0,0,0,0,0,0,0,0,0
Hoot,5.5,0,0,0,0,0,0,1,0,0,0,0,0,0,0,0,0,0,0,0,0
InBruges,7.4,0,0,0,1,0,0,0,0,0,0,0,0,0,0,0,0,0,0,0,0
Peeples,5.6,0,0,0,1,0,0,0,0,0,0,0,0,0,0,0,0,0,0,0,0
TheRocker,5.6,0,0,0,1,0,0,0,0,0,0,0,0,0,0,0,0,0,0,0,0
PostGrad,5.0,0,0,0,1,0,0,0,0,0,0,0,0,0,0,0,0,0,0,0,0
PromisedLand,6.0,0,0,0,0,0,0,1,0,0,0,0,0,0,0,0,0,0,0,0,0
WhateverWorks,6.8,0,0,0,1,0,0,0,0,0,0,0,0,0,0,0,0,0,0,0,0
TheInCrowd,4.7,0,0,0,0,0,0,0,0,0,0,0,0,0,0,0,0,0,1,0,0
TheThreeBurialsofMelquiadesEstrada,7.0,0,1,0,0,0,0,0,0,0,0,0,0,0,0,0,0,0,0,0,0
JakobtheLiar,6.0,0,0,0,1,0,0,0,0,0,0,0,0,0,0,0,0,0,0,0,0
KissKissBangBang,7.2,1,0,0,0,0,0,0,0,0,0,0,0,0,0,0,0,0,0,0,0
IdleHands,6.1,0,0,0,0,0,0,0,0,0,0,0,0,0,0,0,0,0,1,0,0
MulhollandDrive,7.6,0,0,0,0,0,0,0,0,0,0,0,0,0,0,0,0,0,1,0,0
BloodandChocolate,5.4,0,0,0,0,0,0,1,0,0,0,0,0,0,0,0,0,0,0,0,0
YouWillMeetaTallDarkStranger,5.8,0,0,0,1,0,0,0,0,0,0,0,0,0,0,0,0,0,0,0,0
NeverLetMeGo,6.8,0,0,0,0,0,0,1,0,0,0,0,0,0,0,0,0,0,0,0,0
TheCompany,7.0,0,0,0,0,0,0,1,0,0,0,0,0,0,0,0,0,0,0,0,0
Transsiberian,6.5,0,0,0,0,0,0,0,0,0,0,0,0,0,0,0,0,0,1,0,0
TheClanoftheCaveBear,4.8,0,1,0,0,0,0,0,0,0,0,0,0,0,0,0,0,0,0,0,0
CrazyinAlabama,6.5,0,0,0,1,0,0,0,0,0,0,0,0,0,0,0,0,0,0,0,0
FunnyGames,6.3,0,0,0,0,0,0,0,0,0,0,0,1,0,0,0,0,0,0,0,0
Listening,5.5,0,0,0,0,0,0,1,0,0,0,0,0,0,0,0,0,0,0,0,0
FeliciasJourney,6.6,0,0,0,0,0,0,1,0,0,0,0,0,0,0,0,0,0,0,0,0
Metropolis,8.0,0,0,0,0,0,0,1,0,0,0,0,0,0,0,0,0,0,0,0,0
DistrictB13,6.5,1,0,0,0,0,0,0,0,0,0,0,0,0,0,0,0,0,0,0,0
ThingstoDoinDenverWhenYoureDead,6.7,0,0,0,0,0,0,1,0,0,0,0,0,0,0,0,0,0,0,0,0
TheAssassin,6.6,1,0,0,0,0,0,0,0,0,0,0,0,0,0,0,0,0,0,0,0
BuffaloSoldiers,6.5,0,0,0,0,0,0,1,0,0,0,0,0,0,0,0,0,0,0,0,0
TheReturn,7.4,0,0,0,0,0,0,0,0,0,0,0,0,0,0,0,0,0,1,0,0
OngBak2,6.0,0,1,0,0,0,0,0,0,0,0,0,0,0,0,0,0,0,0,0,0
Centurion,5.9,0,1,0,0,0,0,0,0,0,0,0,0,0,0,0,0,0,0,0,0
SilentTrigger,5.0,0,0,0,0,0,0,1,0,0,0,0,0,0,0,0,0,0,0,0,0
TheMidnightMeatTrain,6.0,0,0,0,0,0,0,0,0,0,0,0,0,0,1,0,0,0,0,0,0
WinnieMandela,5.2,0,0,0,0,0,0,1,0,0,0,0,0,0,0,0,0,0,0,0,0
TheSonofNoOne,4.8,0,0,0,0,0,0,1,0,0,0,0,0,0,0,0,0,0,0,0,0
AllTheQueensMen,6.1,1,0,0,0,0,0,0,0,0,0,0,0,0,0,0,0,0,0,0,0
TheGoodNight,5.7,0,0,0,1,0,0,0,0,0,0,0,0,0,0,0,0,0,0,0,0
BathoryCountessofBlood,5.6,0,0,0,0,0,0,1,0,0,0,0,0,0,0,0,0,0,0,0,0
Khumba,5.8,0,0,1,0,0,0,0,0,0,0,0,0,0,0,0,0,0,0,0,0
Automata,5.6,0,0,0,0,0,0,0,0,0,0,0,0,0,0,0,0,0,1,0,0
DungeonsDragonsWrathoftheDragonGod,4.8,1,0,0,0,0,0,0,0,0,0,0,0,0,0,0,0,0,0,0,0
ChiamatemiFrancescoIlPapadellagente,7.3,0,0,0,0,0,0,1,0,0,0,0,0,0,0,0,0,0,0,0,0
ShinjukuIncident,6.7,0,0,0,0,0,0,1,0,0,0,0,0,0,0,0,0,0,0,0,0
Pandaemonium,4.5,0,0,0,0,0,0,1,0,0,0,0,0,0,0,0,0,0,0,0,0
GroundhogDay,7.4,0,0,0,0,0,0,0,0,0,0,0,0,0,0,1,0,0,0,0,0
MagicMikeXXL,6.3,0,0,0,1,0,0,0,0,0,0,0,0,0,0,0,0,0,0,0,0
RomeoJuliet,6.7,0,0,0,0,0,0,1,0,0,0,0,0,0,0,0,0,0,0,0,0
SarahsKey,7.2,0,0,0,0,0,0,1,0,0,0,0,0,0,0,0,0,0,0,0,0
Freedom,5.8,0,0,0,0,0,0,1,0,0,0,0,0,0,0,0,0,0,0,0,0
Unforgiven,7.7,0,0,0,0,0,0,0,0,0,0,0,0,0,0,0,0,0,0,0,1
Manderlay,6.9,0,0,0,0,0,0,1,0,0,0,0,0,0,0,0,0,0,0,0,0
SlumdogMillionaire,7.6,0,0,0,0,0,0,1,0,0,0,0,0,0,0,0,0,0,0,0,0
FatalAttraction,6.6,0,0,0,0,0,0,1,0,0,0,0,0,0,0,0,0,0,0,0,0
PrettyWoman,7.0,0,0,0,0,0,0,0,0,0,0,0,0,0,0,1,0,0,0,0,0
CrocodileDundeeII,5.5,0,1,0,0,0,0,0,0,0,0,0,0,0,0,0,0,0,0,0,0
BrokenHorses,5.0,0,0,0,0,0,0,0,0,0,0,0,0,0,0,0,0,0,1,0,0
BornontheFourthofJuly,6.7,0,0,0,0,0,0,1,0,0,0,0,0,0,0,0,0,0,0,0,0
CoolRunnings,6.8,0,0,0,1,0,0,0,0,0,0,0,0,0,0,0,0,0,0,0,0
MyBloodyValentine,5.3,0,0,0,0,0,0,0,0,0,0,0,0,0,1,0,0,0,0,0,0
StomptheYard,6.1,0,0,0,0,0,0,1,0,0,0,0,0,0,0,0,0,0,0,0,0
TheSpyWhoLovedMe,6.6,0,1,0,0,0,0,0,0,0,0,0,0,0,0,0,0,0,0,0,0
UrbanLegend,5.6,0,0,0,0,0,0,0,0,0,0,0,1,0,0,0,0,0,0,0,0
GoodDeeds,6.2,0,0,0,1,0,0,0,0,0,0,0,0,0,0,0,0,0,0,0,0
WhiteFang,6.5,1,0,0,0,0,0,0,0,0,0,0,0,0,0,0,0,0,0,0,0
Superstar,5.1,0,0,0,1,0,0,0,0,0,0,0,0,0,0,0,0,0,0,0,0
TheIronLady,6.2,0,0,0,0,0,0,0,0,0,0,1,0,0,0,0,0,0,0,0,0
JonahAVeggieTalesMovie,6.4,1,0,0,0,0,0,0,0,0,0,0,0,0,0,0,0,0,0,0,0
PoeticJustice,6.9,0,0,0,0,0,0,1,0,0,0,0,0,0,0,0,0,0,0,0,0
AllAbouttheBenjamins,5.8,1,0,0,0,0,0,0,0,0,0,0,0,0,0,0,0,0,0,0,0
VampireinBrooklyn,4.5,0,0,0,1,0,0,0,0,0,0,0,0,0,0,0,0,0,0,0,0
ExorcistIITheHeretic,4.5,0,0,0,0,0,0,0,0,0,0,0,1,0,0,0,0,0,0,0,0
AnAmericanHaunting,5.3,0,0,0,0,0,0,0,0,0,0,0,1,0,0,0,0,0,0,0,0
MyBosssDaughter,4.4,0,0,0,1,0,0,0,0,0,0,0,0,0,0,0,0,0,0,0,0
APerfectGetaway,6.2,0,0,0,0,0,0,0,0,0,0,0,0,0,0,0,0,0,1,0,0
OurFamilyWedding,5.7,0,0,0,1,0,0,0,0,0,0,0,0,0,0,0,0,0,0,0,0
DeadManonCampus,5.6,0,0,0,1,0,0,0,0,0,0,0,0,0,0,0,0,0,0,0,0
TeawithMussolini,5.8,0,0,0,1,0,0,0,0,0,0,0,0,0,0,0,0,0,0,0,0
Thinner,5.5,0,0,0,0,0,0,0,0,0,0,0,1,0,0,0,0,0,0,0,0
NewYorkNewYork,6.1,0,0,0,0,0,0,1,0,0,0,0,0,0,0,0,0,0,0,0,0
Crooklyn,6.7,0,0,0,1,0,0,0,0,0,0,0,0,0,0,0,0,0,0,0,0
IThinkILoveMyWife,5.0,0,0,0,1,0,0,0,0,0,0,0,0,0,0,0,0,0,0,0,0
JasonX,4.5,0,0,0,0,0,0,0,0,0,0,0,1,0,0,0,0,0,0,0,0
Bobby,6.4,0,0,0,0,0,0,0,0,0,0,1,0,0,0,0,0,0,0,0,0
HeadOverHeels,5.3,0,0,0,1,0,0,0,0,0,0,0,0,0,0,0,0,0,0,0,0
FunSize,5.5,0,0,0,1,0,0,0,0,0,0,0,0,0,0,0,0,0,0,0,0
TheDivingBellandtheButterfly,7.4,0,0,0,0,0,0,1,0,0,0,0,0,0,0,0,0,0,0,0,0
LittleChildren,6.9,0,0,0,0,0,0,0,0,0,0,0,0,0,0,1,0,0,0,0,0
Gossip,5.5,0,0,0,0,0,0,1,0,0,0,0,0,0,0,0,0,0,0,0,0
AWalkontheMoon,6.2,0,0,0,0,0,0,1,0,0,0,0,0,0,0,0,0,0,0,0,0
CatchaFire,6.4,1,0,0,0,0,0,0,0,0,0,0,0,0,0,0,0,0,0,0,0
SoulSurvivors,4.4,0,0,0,0,0,0,0,0,0,0,0,1,0,0,0,0,0,0,0,0
JeffersoninParis,5.2,0,0,0,0,0,0,1,0,0,0,0,0,0,0,0,0,0,0,0,0
EasyVirtue,6.3,0,0,0,1,0,0,0,0,0,0,0,0,0,0,0,0,0,0,0,0
Caravans,5.8,1,0,0,0,0,0,0,0,0,0,0,0,0,0,0,0,0,0,0,0
MrTurner,6.3,0,0,0,0,0,0,0,0,0,0,1,0,0,0,0,0,0,0,0,0
WildGrass,5.8,0,0,0,0,0,0,1,0,0,0,0,0,0,0,0,0,0,0,0,0
Amen,7.1,0,0,0,0,0,0,1,0,0,0,0,0,0,0,0,0,0,0,0,0
ReignofAssassins,6.7,0,0,0,0,0,0,0,0,0,0,1,0,0,0,0,0,0,0,0,0
TheLuckyOnes,6.3,0,0,0,1,0,0,0,0,0,0,0,0,0,0,0,0,0,0,0,0
Margaret,6.1,0,0,0,0,0,0,1,0,0,0,0,0,0,0,0,0,0,0,0,0
StanHelsing,4.0,0,0,0,1,0,0,0,0,0,0,0,0,0,0,0,0,0,0,0,0
Flipped,7.4,0,0,0,0,0,0,0,0,0,0,0,0,0,0,1,0,0,0,0,0
BrokebackMountain,7.5,0,0,0,0,0,0,1,0,0,0,0,0,0,0,0,0,0,0,0,0
Clueless,6.9,0,0,0,1,0,0,0,0,0,0,0,0,0,0,0,0,0,0,0,0
FarfromHeaven,6.9,0,0,0,0,0,0,1,0,0,0,0,0,0,0,0,0,0,0,0,0
HotTubTimeMachine2,5.0,0,0,0,1,0,0,0,0,0,0,0,0,0,0,0,0,0,0,0,0
Quills,6.8,0,0,0,0,0,0,1,0,0,0,0,0,0,0,0,0,0,0,0,0
SevenPsychopaths,6.7,0,0,0,1,0,0,0,0,0,0,0,0,0,0,0,0,0,0,0,0
TheCavemansValentine,6.0,0,0,0,0,0,0,1,0,0,0,0,0,0,0,0,0,0,0,0,0
Downfall,7.7,0,0,0,0,0,0,1,0,0,0,0,0,0,0,0,0,0,0,0,0
TheSeaInside,7.2,0,0,0,0,0,0,1,0,0,0,0,0,0,0,0,0,0,0,0,0
UndertheSkin,6.0,0,0,0,0,0,0,0,0,0,0,0,0,0,0,0,0,0,1,0,0
GoodMorningVietnam,7.1,0,0,0,1,0,0,0,0,0,0,0,0,0,0,0,0,0,0,0,0
TheLastGodfather,4.7,1,0,0,0,0,0,0,0,0,0,0,0,0,0,0,0,0,0,0,0
JustinBieberNeverSayNever,4.8,0,0,0,0,0,1,0,0,0,0,0,0,0,0,0,0,0,0,0,0
BlackSwan,7.3,0,0,0,0,0,0,1,0,0,0,0,0,0,0,0,0,0,0,0,0
TheGodfatherPartII,8.3,0,0,0,0,0,0,1,0,0,0,0,0,0,0,0,0,0,0,0,0
SavetheLastDance,6.3,0,0,0,0,0,0,1,0,0,0,0,0,0,0,0,0,0,0,0,0
ANightmareonElmStreet4TheDreamMaster,5.8,0,0,0,0,0,0,0,0,0,0,0,1,0,0,0,0,0,0,0,0
MiraclesfromHeaven,6.7,0,0,0,0,0,0,1,0,0,0,0,0,0,0,0,0,0,0,0,0
DudeWheresMyCar,5.2,0,0,0,1,0,0,0,0,0,0,0,0,0,0,0,0,0,0,0,0
YoungGuns,6.6,0,0,0,0,1,0,0,0,0,0,0,0,0,0,0,0,0,0,0,0
StVincent,7.1,0,0,0,1,0,0,0,0,0,0,0,0,0,0,0,0,0,0,0,0
AboutLastNight,6.0,0,0,0,1,0,0,0,0,0,0,0,0,0,0,0,0,0,0,0,0
10ThingsIHateAboutYou,7.3,0,0,0,1,0,0,0,0,0,0,0,0,0,0,0,0,0,0,0,0
TheNewGuy,5.7,0,0,0,1,0,0,0,0,0,0,0,0,0,0,0,0,0,0,0,0
NationalLampoonsLoadedWeapon1,5.7,0,0,0,1,0,0,0,0,0,0,0,0,0,0,0,0,0,0,0,0
TheShallows,6.2,0,0,0,0,0,0,0,0,0,0,0,1,0,0,0,0,0,0,0,0
TheButterflyEffect,7.3,0,0,0,0,0,0,0,0,0,0,0,0,0,0,0,1,0,0,0,0
SnowDay,4.8,0,0,0,1,0,0,0,0,0,0,0,0,0,0,0,0,0,0,0,0
ThisChristmas,7.1,0,0,0,1,0,0,0,0,0,0,0,0,0,0,0,0,0,0,0,0
BabyGeniuses,3.3,0,0,0,0,0,0,0,0,0,0,0,0,0,0,0,1,0,0,0,0
TheBigHit,6.1,1,0,0,0,0,0,0,0,0,0,0,0,0,0,0,0,0,0,0,0
HarriettheSpy,5.7,0,0,0,1,0,0,0,0,0,0,0,0,0,0,0,0,0,0,0,0
ChildsPlay2,5.8,0,0,0,0,0,0,1,0,0,0,0,0,0,0,0,0,0,0,0,0
NoGoodDeed,5.6,0,0,0,0,1,0,0,0,0,0,0,0,0,0,0,0,0,0,0,0
TheMist,6.7,0,0,0,0,0,0,0,0,0,0,0,0,0,0,0,1,0,0,0,0
ExMachina,7.6,0,0,0,0,0,0,1,0,0,0,0,0,0,0,0,0,0,0,0,0
BeingJohnMalkovich,7.3,0,0,0,0,0,0,0,0,1,0,0,0,0,0,0,0,0,0,0,0
TwoCanPlayThatGame,6.6,0,0,0,1,0,0,0,0,0,0,0,0,0,0,0,0,0,0,0,0
EarthtoEcho,5.7,0,0,0,0,0,0,0,1,0,0,0,0,0,0,0,0,0,0,0,0
CrazyBeautiful,6.6,0,0,0,0,0,0,1,0,0,0,0,0,0,0,0,0,0,0,0,0
LettersfromIwoJima,7.2,1,0,0,0,0,0,0,0,0,0,0,0,0,0,0,0,0,0,0,0
TheAstronautFarmer,6.2,0,1,0,0,0,0,0,0,0,0,0,0,0,0,0,0,0,0,0,0
Woo,5.5,0,0,0,1,0,0,0,0,0,0,0,0,0,0,0,0,0,0,0,0
Room,8.1,0,0,0,0,0,0,1,0,0,0,0,0,0,0,0,0,0,0,0,0
DirtyWork,6.5,0,0,0,1,0,0,0,0,0,0,0,0,0,0,0,0,0,0,0,0
SerialMom,6.4,0,0,0,1,0,0,0,0,0,0,0,0,0,0,0,0,0,0,0,0
Dick,5.7,0,0,0,1,0,0,0,0,0,0,0,0,0,0,0,0,0,0,0,0
LightItUp,6.6,0,0,0,0,0,0,1,0,0,0,0,0,0,0,0,0,0,0,0,0
54,5.5,0,0,0,0,0,0,0,0,0,0,0,0,1,0,0,0,0,0,0,0
BubbleBoy,5.1,0,1,0,0,0,0,0,0,0,0,0,0,0,0,0,0,0,0,0,0
BirthdayGirl,6.1,0,0,0,1,0,0,0,0,0,0,0,0,0,0,0,0,0,0,0,0
21Over,5.7,0,0,0,1,0,0,0,0,0,0,0,0,0,0,0,0,0,0,0,0
Parisjetaime,6.8,0,0,0,0,0,0,1,0,0,0,0,0,0,0,0,0,0,0,0,0
ResurrectingtheChamp,5.9,0,0,0,0,0,0,1,0,0,0,0,0,0,0,0,0,0,0,0,0
Admission,5.4,0,0,0,1,0,0,0,0,0,0,0,0,0,0,0,0,0,0,0,0
TheWidowofSaintPierre,6.7,0,0,0,0,0,0,0,0,0,0,0,0,0,0,1,0,0,0,0,0
Chloe,5.9,0,0,0,0,0,0,1,0,0,0,0,0,0,0,0,0,0,0,0,0
Faithful,4.8,0,0,0,1,0,0,0,0,0,0,0,0,0,0,0,0,0,0,0,0
FindMeGuilty,6.5,0,0,0,0,0,0,1,0,0,0,0,0,0,0,0,0,0,0,0,0
ThePerksofBeingaWallflower,7.7,0,0,0,0,0,0,1,0,0,0,0,0,0,0,0,0,0,0,0,0
ExcessiveForce,4.5,1,0,0,0,0,0,0,0,0,0,0,0,0,0,0,0,0,0,0,0
Infamous,6.4,0,0,0,0,0,0,1,0,0,0,0,0,0,0,0,0,0,0,0,0
TheClaim,5.6,0,0,0,0,0,0,1,0,0,0,0,0,0,0,0,0,0,0,0,0
TheVaticanTapes,4.6,0,0,0,0,0,0,0,0,0,0,0,0,0,0,0,0,0,1,0,0
AttacktheBlock,6.3,1,0,0,0,0,0,0,0,0,0,0,0,0,0,0,0,0,0,0,0
IntheLandofBloodandHoney,5.8,0,0,0,0,0,0,1,0,0,0,0,0,0,0,0,0,0,0,0,0
TheCall,6.6,0,0,0,0,1,0,0,0,0,0,0,0,0,0,0,0,0,0,0,0
OperationChromite,5.8,0,0,0,0,0,0,0,0,0,0,1,0,0,0,0,0,0,0,0,0
TheCrocodileHunterCollisionCourse,5.3,0,0,0,0,0,0,0,1,0,0,0,0,0,0,0,0,0,0,0,0
ILoveYouPhillipMorris,6.4,0,0,0,1,0,0,0,0,0,0,0,0,0,0,0,0,0,0,0,0
QuestforFire,7.1,0,1,0,0,0,0,0,0,0,0,0,0,0,0,0,0,0,0,0,0
AntwoneFisher,6.7,0,0,0,0,0,0,1,0,0,0,0,0,0,0,0,0,0,0,0,0
TheEmperorsClub,6.9,0,0,0,0,0,0,1,0,0,0,0,0,0,0,0,0,0,0,0,0
TrueRomance,7.5,1,0,0,0,0,0,0,0,0,0,0,0,0,0,0,0,0,0,0,0
Womb,5.9,0,0,0,0,0,0,0,0,0,0,0,0,0,0,1,0,0,0,0,0
GlengarryGlenRoss,7.5,0,0,0,0,1,0,0,0,0,0,0,0,0,0,0,0,0,0,0,0
TheKillerInsideMe,6.0,0,0,0,0,1,0,0,0,0,0,0,0,0,0,0,0,0,0,0,0
CatPeople,6.0,0,0,0,0,0,0,1,0,0,0,0,0,0,0,0,0,0,0,0,0
SororityRow,5.4,0,0,0,0,0,0,0,0,0,0,0,1,0,0,0,0,0,0,0,0
ThePrisonerofZenda,8.4,0,1,0,0,0,0,0,0,0,0,0,0,0,0,0,0,0,0,0,0
LarsandtheRealGirl,7.1,0,0,0,1,0,0,0,0,0,0,0,0,0,0,0,0,0,0,0,0
TheBoyintheStripedPyjamas,7.7,0,0,0,0,0,0,0,0,0,0,0,0,0,0,0,0,0,0,1,0
DancerintheDark,7.6,0,0,0,0,0,0,1,0,0,0,0,0,0,0,0,0,0,0,0,0
OscarandLucinda,6.2,0,0,0,0,0,0,1,0,0,0,0,0,0,0,0,0,0,0,0,0
TheFuneral,7.3,0,0,0,0,1,0,0,0,0,0,0,0,0,0,0,0,0,0,0,0
SolitaryMan,5.8,0,0,0,1,0,0,0,0,0,0,0,0,0,0,0,0,0,0,0,0
Machete,6.3,1,0,0,0,0,0,0,0,0,0,0,0,0,0,0,0,0,0,0,0
CasinoJack,6.0,0,0,0,0,1,0,0,0,0,0,0,0,0,0,0,0,0,0,0,0
TheLandBeforeTime,7.0,0,0,1,0,0,0,0,0,0,0,0,0,0,0,0,0,0,0,0,0
TaeGukGiTheBrotherhoodofWar,7.4,1,0,0,0,0,0,0,0,0,0,0,0,0,0,0,0,0,0,0,0
ThePerfectGame,6.3,0,0,0,0,0,0,1,0,0,0,0,0,0,0,0,0,0,0,0,0
TheExorcist,7.5,0,0,0,0,0,0,1,0,0,0,0,0,0,0,0,0,0,0,0,0
Jaws,7.5,0,0,0,0,0,0,0,0,0,0,0,1,0,0,0,0,0,0,0,0
AmericanPie,6.4,0,0,0,1,0,0,0,0,0,0,0,0,0,0,0,0,0,0,0,0
ErnestCelestine,7.6,0,0,1,0,0,0,0,0,0,0,0,0,0,0,0,0,0,0,0,0
TheGoldenChild,5.6,1,0,0,0,0,0,0,0,0,0,0,0,0,0,0,0,0,0,0,0
ThinkLikeaMan,6.9,0,0,0,1,0,0,0,0,0,0,0,0,0,0,0,0,0,0,0,0
Barbershop,6.2,0,0,0,1,0,0,0,0,0,0,0,0,0,0,0,0,0,0,0,0
StarTrekIITheWrathofKhan,7.3,1,0,0,0,0,0,0,0,0,0,0,0,0,0,0,0,0,0,0,0
AceVenturaPetDetective,6.4,0,0,0,1,0,0,0,0,0,0,0,0,0,0,0,0,0,0,0,0
WarGames,7.0,0,0,0,0,0,0,0,0,0,0,0,0,0,0,0,0,0,1,0,0
Witness,7.0,0,0,0,0,1,0,0,0,0,0,0,0,0,0,0,0,0,0,0,0
ActofValor,6.3,1,0,0,0,0,0,0,0,0,0,0,0,0,0,0,0,0,0,0,0
StepUp,6.7,0,0,0,0,0,0,0,0,0,0,0,0,1,0,0,0,0,0,0,0
BeavisandButtHeadDoAmerica,6.5,0,0,1,0,0,0,0,0,0,0,0,0,0,0,0,0,0,0,0,0
JackieBrown,7.3,0,0,0,1,0,0,0,0,0,0,0,0,0,0,0,0,0,0,0,0
HaroldKumarEscapefromGuantanamoBay,6.2,0,0,0,1,0,0,0,0,0,0,0,0,0,0,0,0,0,0,0,0
Chronicle,6.6,0,0,0,0,0,0,0,0,0,0,0,0,0,0,0,1,0,0,0,0
Yentl,6.2,0,0,0,0,0,0,0,0,0,0,0,0,1,0,0,0,0,0,0,0
TimeBandits,6.6,0,0,0,0,0,0,0,1,0,0,0,0,0,0,0,0,0,0,0,0
Crossroads,4.7,1,0,0,0,0,0,0,0,0,0,0,0,0,0,0,0,0,0,0,0
ProjectX,6.5,0,0,0,1,0,0,0,0,0,0,0,0,0,0,0,0,0,0,0,0
Patton,7.3,0,0,0,0,0,0,1,0,0,0,0,0,0,0,0,0,0,0,0,0
OneHourPhoto,6.6,0,0,0,0,0,0,0,0,0,0,0,1,0,0,0,0,0,0,0,0
Quarantine,5.5,0,0,0,0,0,0,0,0,0,0,0,1,0,0,0,0,0,0,0,0
TheEye,5.5,0,0,0,0,0,0,1,0,0,0,0,0,0,0,0,0,0,0,0,0
JohnsonFamilyVacation,4.7,0,0,0,1,0,0,0,0,0,0,0,0,0,0,0,0,0,0,0,0
HowHigh,6.3,0,0,0,1,0,0,0,0,0,0,0,0,0,0,0,0,0,0,0,0
TheMuppetChristmasCarol,7.2,0,0,0,1,0,0,0,0,0,0,0,0,0,0,0,0,0,0,0,0
Frida,7.3,0,0,0,0,0,0,1,0,0,0,0,0,0,0,0,0,0,0,0,0
KatyPerryPartofMe,6.5,0,0,0,0,0,1,0,0,0,0,0,0,0,0,0,0,0,0,0,0
TheFaultinOurStars,7.6,0,0,0,0,0,0,0,0,0,0,0,0,0,0,1,0,0,0,0,0
Rounders,6.9,0,0,0,0,0,0,1,0,0,0,0,0,0,0,0,0,0,0,0,0
TopFive,6.3,0,0,0,0,0,0,1,0,0,0,0,0,0,0,0,0,0,0,0,0
Prophecy,5.4,0,0,0,0,0,0,0,0,0,0,0,1,0,0,0,0,0,0,0,0
StirofEchoes,6.5,0,0,0,0,0,0,0,0,0,0,0,1,0,0,0,0,0,0,0,0
Philomena,7.4,0,0,0,0,0,0,1,0,0,0,0,0,0,0,0,0,0,0,0,0
TheUpsideofAnger,6.4,0,0,0,1,0,0,0,0,0,0,0,0,0,0,0,0,0,0,0,0
TheBoysfromBrazil,6.6,0,0,0,0,0,0,0,0,0,0,0,1,0,0,0,0,0,0,0,0
Aquamarine,5.8,0,0,0,0,0,0,0,0,1,0,0,0,0,0,0,0,0,0,0,0
PaperTowns,6.1,0,0,0,0,0,0,1,0,0,0,0,0,0,0,0,0,0,0,0,0
MyBabysDaddy,4.3,0,0,0,1,0,0,0,0,0,0,0,0,0,0,0,0,0,0,0,0
Nebraska,7.4,0,0,0,0,0,0,1,0,0,0,0,0,0,0,0,0,0,0,0,0
TalesfromtheCryptDemonKnight,6.7,0,0,0,0,0,0,0,0,0,0,0,1,0,0,0,0,0,0,0,0
MaxKeeblesBigMove,5.4,0,0,0,1,0,0,0,0,0,0,0,0,0,0,0,0,0,0,0,0
YoungAdult,5.6,0,0,0,1,0,0,0,0,0,0,0,0,0,0,0,0,0,0,0,0
Crank,6.6,1,0,0,0,0,0,0,0,0,0,0,0,0,0,0,0,0,0,0,0
DefJamsHowtoBeaPlayer,5.3,0,0,0,1,0,0,0,0,0,0,0,0,0,0,0,0,0,0,0,0
LivingOutLoud,5.3,0,0,0,1,0,0,0,0,0,0,0,0,0,0,0,0,0,0,0,0
JustWright,6.1,0,0,0,1,0,0,0,0,0,0,0,0,0,0,0,0,0,0,0,0
RachelGettingMarried,6.1,0,0,0,0,0,0,1,0,0,0,0,0,0,0,0,0,0,0,0,0
ThePostmanAlwaysRingsTwice,6.4,0,0,0,0,0,0,0,0,0,0,0,0,0,0,1,0,0,0,0,0
GirlwithaPearlEarring,6.4,0,0,0,0,0,0,1,0,0,0,0,0,0,0,0,0,0,0,0,0
DasBoot,7.9,1,0,0,0,0,0,0,0,0,0,0,0,0,0,0,0,0,0,0,0
SororityBoys,4.6,0,0,0,1,0,0,0,0,0,0,0,0,0,0,0,0,0,0,0,0
AboutTime,7.8,0,0,0,1,0,0,0,0,0,0,0,0,0,0,0,0,0,0,0,0
HouseofFlyingDaggers,7.1,0,1,0,0,0,0,0,0,0,0,0,0,0,0,0,0,0,0,0,0
Arbitrage,6.1,0,0,0,0,0,0,1,0,0,0,0,0,0,0,0,0,0,0,0,0
ProjectAlmanac,6.4,0,0,0,0,0,0,0,0,0,0,0,0,0,0,0,1,0,0,0,0
CadillacRecords,6.9,0,0,0,0,0,0,1,0,0,0,0,0,0,0,0,0,0,0,0,0
Screwed,4.9,1,0,0,0,0,0,0,0,0,0,0,0,0,0,0,0,0,0,0,0
Fortress,5.7,1,0,0,0,0,0,0,0,0,0,0,0,0,0,0,0,0,0,0,0
ForYourConsideration,5.9,0,0,0,1,0,0,0,0,0,0,0,0,0,0,0,0,0,0,0,0
Celebrity,6.0,0,0,0,0,0,0,1,0,0,0,0,0,0,0,0,0,0,0,0,0
RunningwithScissors,5.8,0,0,0,0,0,0,1,0,0,0,0,0,0,0,0,0,0,0,0,0
FromJustintoKelly,3.0,0,0,0,1,0,0,0,0,0,0,0,0,0,0,0,0,0,0,0,0
Girl6,5.7,0,0,0,1,0,0,0,0,0,0,0,0,0,0,0,0,0,0,0,0
IntheCut,4.6,0,0,0,0,0,0,0,0,0,0,0,0,0,1,0,0,0,0,0,0
TwoLovers,6.6,0,0,0,0,0,0,1,0,0,0,0,0,0,0,0,0,0,0,0,0
LastOrders,6.0,0,0,0,1,0,0,0,0,0,0,0,0,0,0,0,0,0,0,0,0
TheHost,6.7,0,0,0,0,0,0,0,0,0,0,0,1,0,0,0,0,0,0,0,0
ThePursuitofDBCooper,6.8,0,1,0,0,0,0,0,0,0,0,0,0,0,0,0,0,0,0,0,0
Ravenous,6.9,0,0,0,1,0,0,0,0,0,0,0,0,0,0,0,0,0,0,0,0
CharlieBartlett,6.5,0,0,0,1,0,0,0,0,0,0,0,0,0,0,0,0,0,0,0,0
TheGreatBeauty,7.3,0,0,0,1,0,0,0,0,0,0,0,0,0,0,0,0,0,0,0,0
TheDangerousLivesofAltarBoys,6.4,0,0,0,1,0,0,0,0,0,0,0,0,0,0,0,0,0,0,0,0
Stoker,6.5,0,0,0,0,0,0,1,0,0,0,0,0,0,0,0,0,0,0,0,0
2046,6.9,0,0,0,0,0,0,0,0,1,0,0,0,0,0,0,0,0,0,0,0
MarriedLife,6.1,0,0,0,0,1,0,0,0,0,0,0,0,0,0,0,0,0,0,0,0
Duma,6.9,0,1,0,0,0,0,0,0,0,0,0,0,0,0,0,0,0,0,0,0
Ondine,6.5,0,0,0,0,0,0,1,0,0,0,0,0,0,0,0,0,0,0,0,0
Brother,6.8,0,0,0,0,1,0,0,0,0,0,0,0,0,0,0,0,0,0,0,0
WelcometoCollinwood,6.2,0,0,0,1,0,0,0,0,0,0,0,0,0,0,0,0,0,0,0,0
CriticalCare,6.1,0,0,0,1,0,0,0,0,0,0,0,0,0,0,0,0,0,0,0,0
TheLifeBeforeHerEyes,6.1,0,0,0,0,0,0,0,0,0,0,0,0,0,0,0,0,0,1,0,0
DarlingCompanion,5.3,0,0,0,0,0,0,1,0,0,0,0,0,0,0,0,0,0,0,0,0
Trade,6.8,0,0,0,0,0,0,1,0,0,0,0,0,0,0,0,0,0,0,0,0
Fateless,6.5,0,0,0,0,0,0,0,0,0,0,0,0,0,0,0,0,0,0,1,0
BreakfastofChampions,5.2,0,0,0,1,0,0,0,0,0,0,0,0,0,0,0,0,0,0,0,0
AWomanaGunandaNoodleShop,4.8,0,0,0,1,0,0,0,0,0,0,0,0,0,0,0,0,0,0,0,0
Cypher,6.7,0,0,0,0,0,0,0,0,0,0,0,0,0,0,0,0,0,1,0,0
CityofLifeandDeath,7.6,0,0,0,0,0,0,1,0,0,0,0,0,0,0,0,0,0,0,0,0
LegendofaRabbit,3.0,0,0,1,0,0,0,0,0,0,0,0,0,0,0,0,0,0,0,0,0
SpaceBattleshipYamato,6.3,0,0,0,0,0,0,0,0,0,0,0,0,0,0,0,1,0,0,0,0
5DaysofWar,5.8,0,0,0,0,0,0,0,0,0,0,0,0,0,0,0,0,0,0,1,0
Triangle,6.9,0,0,0,0,0,0,0,0,0,0,0,1,0,0,0,0,0,0,0,0
10DaysinaMadhouse,4.3,0,0,0,0,0,0,1,0,0,0,0,0,0,0,0,0,0,0,0,0
HeavenisforReal,6.0,0,0,0,0,0,0,1,0,0,0,0,0,0,0,0,0,0,0,0,0
Snatch,7.7,0,0,0,0,0,0,0,0,0,0,0,0,0,0,0,0,0,1,0,0
DancinItsOn,4.3,0,0,0,0,0,0,1,0,0,0,0,0,0,0,0,0,0,0,0,0
PetSematary,6.4,0,0,0,0,0,0,1,0,0,0,0,0,0,0,0,0,0,0,0,0
Madadayo,7.5,0,0,0,0,0,0,1,0,0,0,0,0,0,0,0,0,0,0,0,0
TheCryoftheOwl,5.5,0,0,0,0,0,0,1,0,0,0,0,0,0,0,0,0,0,0,0,0
ATaleofThreeCities,6.3,0,0,0,0,0,0,1,0,0,0,0,0,0,0,0,0,0,0,0,0
Gremlins,6.9,0,0,0,0,0,0,0,0,1,0,0,0,0,0,0,0,0,0,0,0
StarWars,8.1,0,1,0,0,0,0,0,0,0,0,0,0,0,0,0,0,0,0,0,0
DirtyGrandpa,5.7,0,0,0,1,0,0,0,0,0,0,0,0,0,0,0,0,0,0,0,0
DoctorZhivago,7.4,0,0,0,0,0,0,1,0,0,0,0,0,0,0,0,0,0,0,0,0
Trash,7.1,0,1,0,0,0,0,0,0,0,0,0,0,0,0,0,0,0,0,0,0
HighSchoolMusical3SeniorYear,6.2,0,0,0,1,0,0,0,0,0,0,0,0,0,0,0,0,0,0,0,0
TheFighter,7.2,0,0,0,0,0,0,1,0,0,0,0,0,0,0,0,0,0,0,0,0
JackassNumberTwo,6.4,1,0,0,0,0,0,0,0,0,0,0,0,0,0,0,0,0,0,0,0
MyCousinVinny,7.3,0,0,0,1,0,0,0,0,0,0,0,0,0,0,0,0,0,0,0,0
IfIStay,7.3,0,0,0,0,0,0,1,0,0,0,0,0,0,0,0,0,0,0,0,0
DriveHard,3.9,1,0,0,0,0,0,0,0,0,0,0,0,0,0,0,0,0,0,0,0
MajorLeague,6.6,0,0,0,1,0,0,0,0,0,0,0,0,0,0,0,0,0,0,0,0
StTrinians,5.6,0,0,0,1,0,0,0,0,0,0,0,0,0,0,0,0,0,0,0,0
PhoneBooth,6.7,0,0,0,0,0,0,0,0,0,0,0,0,0,0,0,0,0,1,0,0
AWalktoRemember,7.5,0,0,0,0,0,0,1,0,0,0,0,0,0,0,0,0,0,0,0,0
DeadManWalking,7.3,0,0,0,0,0,0,1,0,0,0,0,0,0,0,0,0,0,0,0,0
CruelIntentions,6.6,0,0,0,0,0,0,1,0,0,0,0,0,0,0,0,0,0,0,0,0
SawVI,6.0,0,0,0,0,0,0,0,0,0,0,0,1,0,0,0,0,0,0,0,0
HistoryoftheWorldPartI,6.5,0,0,0,1,0,0,0,0,0,0,0,0,0,0,0,0,0,0,0,0
TheSecretLifeofBees,7.4,0,1,0,0,0,0,0,0,0,0,0,0,0,0,0,0,0,0,0,0
CorkyRomano,4.1,1,0,0,0,0,0,0,0,0,0,0,0,0,0,0,0,0,0,0,0
RaisingCain,5.9,0,0,0,0,0,0,1,0,0,0,0,0,0,0,0,0,0,0,0,0
FIST,6.4,0,0,0,0,0,0,1,0,0,0,0,0,0,0,0,0,0,0,0,0
InvadersfromMars,5.5,0,0,0,0,0,0,0,0,0,0,0,0,0,0,0,1,0,0,0,0
Brooklyn,7.2,0,0,0,0,0,0,1,0,0,0,0,0,0,0,0,0,0,0,0,0
BarryLyndon,7.7,0,0,0,0,0,0,1,0,0,0,0,0,0,0,0,0,0,0,0,0
OutCold,5.8,0,0,0,1,0,0,0,0,0,0,0,0,0,0,0,0,0,0,0,0
TheLadiesMan,5.7,0,0,0,1,0,0,0,0,0,0,0,0,0,0,0,0,0,0,0,0
Quartet,6.3,0,0,0,0,0,0,1,0,0,0,0,0,0,0,0,0,0,0,0,0
Tomcats,4.9,0,0,0,1,0,0,0,0,0,0,0,0,0,0,0,0,0,0,0,0
Frailty,7.0,0,0,0,0,0,0,1,0,0,0,0,0,0,0,0,0,0,0,0,0
WomaninGold,7.3,0,0,0,0,0,0,1,0,0,0,0,0,0,0,0,0,0,0,0,0
Kinsey,6.6,0,0,0,0,0,0,1,0,0,0,0,0,0,0,0,0,0,0,0,0
ArmyofDarkness,7.3,0,0,0,0,0,0,0,0,1,0,0,0,0,0,0,0,0,0,0,0
Slackers,5.4,0,0,0,1,0,0,0,0,0,0,0,0,0,0,0,0,0,0,0,0
WhatsEatingGilbertGrape,7.5,0,0,0,0,0,0,0,0,0,0,0,0,0,0,1,0,0,0,0,0
TheVisualBibleTheGospelofJohn,8.2,0,0,0,0,0,0,1,0,0,0,0,0,0,0,0,0,0,0,0,0
VeraDrake,6.8,0,0,0,0,1,0,0,0,0,0,0,0,0,0,0,0,0,0,0,0
TheGuru,5.1,0,0,0,1,0,0,0,0,0,0,0,0,0,0,0,0,0,0,0,0
ThePerezFamily,6.6,0,0,0,1,0,0,0,0,0,0,0,0,0,0,0,0,0,0,0,0
InsideLlewynDavis,7.2,0,0,0,0,0,0,1,0,0,0,0,0,0,0,0,0,0,0,0,0
O,5.8,0,0,0,0,0,0,1,0,0,0,0,0,0,0,0,0,0,0,0,0
ReturntotheBlueLagoon,5.1,0,0,0,0,0,0,1,0,0,0,0,0,0,0,0,0,0,0,0,0
TheMollyMaguires,5.9,0,0,0,0,0,0,1,0,0,0,0,0,0,0,0,0,0,0,0,0
RomanceCigarettes,6.0,0,0,0,1,0,0,0,0,0,0,0,0,0,0,0,0,0,0,0,0
CopyingBeethoven,6.2,0,0,0,0,0,0,1,0,0,0,0,0,0,0,0,0,0,0,0,0
BrightonRock,5.6,0,0,0,0,0,0,1,0,0,0,0,0,0,0,0,0,0,0,0,0
SawV,5.9,0,0,0,0,0,0,0,0,0,0,0,1,0,0,0,0,0,0,0,0
MachineGunMcCain,7.3,0,0,0,0,0,0,1,0,0,0,0,0,0,0,0,0,0,0,0,0
LOL,5.9,0,0,0,0,0,0,1,0,0,0,0,0,0,0,0,0,0,0,0,0
Jindabyne,5.7,0,0,0,0,1,0,0,0,0,0,0,0,0,0,0,0,0,0,0,0
KabhiAlvidaNaaKehna,6.1,0,0,0,0,0,0,1,0,0,0,0,0,0,0,0,0,0,0,0,0
AnIdealHusband,6.3,0,0,0,0,0,0,1,0,0,0,0,0,0,0,0,0,0,0,0,0
TheLastDaysonMars,5.2,0,0,0,0,0,0,0,0,0,0,0,0,0,0,0,1,0,0,0,0
Darkness,5.6,0,0,0,0,0,0,0,0,0,0,0,1,0,0,0,0,0,0,0,0
2001ASpaceOdyssey,7.9,0,0,0,0,0,0,0,0,0,0,0,0,0,0,0,1,0,0,0,0
ETtheExtraTerrestrial,7.3,0,0,0,0,0,0,0,0,0,0,0,0,0,0,0,1,0,0,0,0
IntheLandofWomen,5.8,0,0,0,0,0,0,0,0,0,0,0,0,0,0,1,0,0,0,0,0
TheBlueButterfly,6.8,0,1,0,0,0,0,0,0,0,0,0,0,0,0,0,0,0,0,0,0
ThereGoesMyBaby,8.5,0,0,0,0,0,0,1,0,0,0,0,0,0,0,0,0,0,0,0,0
Housefull,5.2,0,0,0,0,0,0,1,0,0,0,0,0,0,0,0,0,0,0,0,0
SeptemberDawn,5.0,0,0,0,0,0,0,1,0,0,0,0,0,0,0,0,0,0,0,0,0
ForGreaterGloryTheTrueStoryofCristiada,6.4,0,0,0,0,0,0,0,0,0,0,1,0,0,0,0,0,0,0,0,0
TheBélierFamily,7.0,0,0,0,1,0,0,0,0,0,0,0,0,0,0,0,0,0,0,0,0
GoodWillHunting,7.9,0,0,0,0,0,0,1,0,0,0,0,0,0,0,0,0,0,0,0,0
Misconduct,5.3,0,0,0,0,0,0,1,0,0,0,0,0,0,0,0,0,0,0,0,0
SawIII,6.1,0,0,0,0,0,0,0,0,0,0,0,1,0,0,0,0,0,0,0,0
Stripes,6.5,1,0,0,0,0,0,0,0,0,0,0,0,0,0,0,0,0,0,0,0
BringItOn,5.8,0,0,0,1,0,0,0,0,0,0,0,0,0,0,0,0,0,0,0,0
ThePurgeElectionYear,6.1,1,0,0,0,0,0,0,0,0,0,0,0,0,0,0,0,0,0,0,0
ShesAllThat,5.7,0,0,0,1,0,0,0,0,0,0,0,0,0,0,0,0,0,0,0,0
SawIV,5.9,0,0,0,0,0,0,0,0,0,0,0,1,0,0,0,0,0,0,0,0
WhiteNoise,5.6,0,0,0,0,0,0,1,0,0,0,0,0,0,0,0,0,0,0,0,0
MadeasFamilyReunion,6.0,0,0,0,0,0,0,1,0,0,0,0,0,0,0,0,0,0,0,0,0
TheColorofMoney,6.7,0,0,0,0,0,0,1,0,0,0,0,0,0,0,0,0,0,0,0,0
TheLongestDay,7.2,1,0,0,0,0,0,0,0,0,0,0,0,0,0,0,0,0,0,0,0
TheMightyDucks,6.4,0,0,0,1,0,0,0,0,0,0,0,0,0,0,0,0,0,0,0,0
TheGrudge,5.8,0,0,0,0,0,0,0,0,0,0,0,1,0,0,0,0,0,0,0,0
HappyGilmore,6.5,0,0,0,1,0,0,0,0,0,0,0,0,0,0,0,0,0,0,0,0
JeepersCreepers,6.1,0,0,0,0,0,0,0,0,0,0,0,1,0,0,0,0,0,0,0,0
BillTedsExcellentAdventure,6.7,0,1,0,0,0,0,0,0,0,0,0,0,0,0,0,0,0,0,0,0
Oliver,7.0,0,0,0,0,0,0,1,0,0,0,0,0,0,0,0,0,0,0,0,0
TheBestExoticMarigoldHotel,6.9,0,0,0,0,0,0,1,0,0,0,0,0,0,0,0,0,0,0,0,0
RecessSchoolsOut,6.6,0,0,0,0,0,0,0,0,0,0,0,0,0,0,0,1,0,0,0,0
MadMaxBeyondThunderdome,5.9,1,0,0,0,0,0,0,0,0,0,0,0,0,0,0,0,0,0,0,0
Commando,6.4,1,0,0,0,0,0,0,0,0,0,0,0,0,0,0,0,0,0,0,0
TheBoy,5.8,0,0,0,0,0,0,0,0,0,0,0,1,0,0,0,0,0,0,0,0
Devil,5.8,0,0,0,0,0,0,0,0,0,0,0,1,0,0,0,0,0,0,0,0
FridayAfterNext,6.0,0,0,0,1,0,0,0,0,0,0,0,0,0,0,0,0,0,0,0,0
InsidiousChapter3,6.2,0,0,0,0,0,0,1,0,0,0,0,0,0,0,0,0,0,0,0,0
TheLastDragon,6.4,1,0,0,0,0,0,0,0,0,0,0,0,0,0,0,0,0,0,0,0
TheLawnmowerMan,5.4,0,0,0,0,0,0,0,0,0,0,0,1,0,0,0,0,0,0,0,0
NickandNorahsInfinitePlaylist,6.4,0,0,0,1,0,0,0,0,0,0,0,0,0,0,0,0,0,0,0,0
Dogma,6.8,0,0,0,0,0,0,0,0,1,0,0,0,0,0,0,0,0,0,0,0
TheBangerSisters,5.5,0,0,0,1,0,0,0,0,0,0,0,0,0,0,0,0,0,0,0,0
TwilightZoneTheMovie,6.2,0,0,0,0,0,0,1,0,0,0,0,0,0,0,0,0,0,0,0,0
RoadHouse,6.3,1,0,0,0,0,0,0,0,0,0,0,0,0,0,0,0,0,0,0,0
ALowDownDirtyShame,6.0,1,0,0,0,0,0,0,0,0,0,0,0,0,0,0,0,0,0,0,0
Swimfan,5.0,0,0,0,0,0,0,1,0,0,0,0,0,0,0,0,0,0,0,0,0
EmployeeoftheMonth,5.3,0,0,0,1,0,0,0,0,0,0,0,0,0,0,0,0,0,0,0,0
CantHardlyWait,6.1,0,0,0,1,0,0,0,0,0,0,0,0,0,0,0,0,0,0,0,0
TheOutsiders,6.9,0,0,0,0,1,0,0,0,0,0,0,0,0,0,0,0,0,0,0,0
PetesDragon,6.2,0,1,0,0,0,0,0,0,0,0,0,0,0,0,0,0,0,0,0,0
TheDeadZone,6.9,0,0,0,0,0,0,0,0,0,0,0,1,0,0,0,0,0,0,0,0
Sinister2,5.4,0,0,0,0,0,0,0,0,0,0,0,1,0,0,0,0,0,0,0,0
Sparkle,5.8,0,0,0,0,0,0,1,0,0,0,0,0,0,0,0,0,0,0,0,0
Valentine,5.0,0,0,0,0,0,0,0,0,0,0,0,1,0,0,0,0,0,0,0,0
TheFourthKind,5.8,0,0,0,0,0,0,0,0,0,0,0,0,0,1,0,0,0,0,0,0
APrairieHomeCompanion,6.4,0,0,0,0,0,0,1,0,0,0,0,0,0,0,0,0,0,0,0,0
SugarHill,5.2,0,0,0,0,0,0,1,0,0,0,0,0,0,0,0,0,0,0,0,0
InvasionUSA,5.3,1,0,0,0,0,0,0,0,0,0,0,0,0,0,0,0,0,0,0,0
RollBounce,6.1,0,0,0,1,0,0,0,0,0,0,0,0,0,0,0,0,0,0,0,0
Rushmore,7.5,0,0,0,1,0,0,0,0,0,0,0,0,0,0,0,0,0,0,0,0
Skyline,4.7,0,0,0,0,0,0,0,0,0,0,0,0,0,0,0,1,0,0,0,0
TheSecondBestExoticMarigoldHotel,6.3,0,0,0,0,0,0,1,0,0,0,0,0,0,0,0,0,0,0,0,0
KitKittredgeAnAmericanGirl,6.4,0,0,0,1,0,0,0,0,0,0,0,0,0,0,0,0,0,0,0,0
ThePerfectMan,5.5,0,0,0,1,0,0,0,0,0,0,0,0,0,0,0,0,0,0,0,0
MoBetterBlues,6.3,0,0,0,0,0,0,1,0,0,0,0,0,0,0,0,0,0,0,0,0
KungPowEntertheFist,6.1,1,0,0,0,0,0,0,0,0,0,0,0,0,0,0,0,0,0,0,0
Tremors,6.6,1,0,0,0,0,0,0,0,0,0,0,0,0,0,0,0,0,0,0,0
WrongTurn,6.0,0,0,0,0,0,0,0,0,0,0,0,1,0,0,0,0,0,0,0,0
TheLongRiders,6.6,0,0,0,0,0,0,0,0,0,0,0,0,0,0,0,0,0,0,0,1
TheCorruptor,6.0,1,0,0,0,0,0,0,0,0,0,0,0,0,0,0,0,0,0,0,0
Mud,7.0,0,0,0,0,0,0,1,0,0,0,0,0,0,0,0,0,0,0,0,0
Reno911Miami,5.6,1,0,0,0,0,0,0,0,0,0,0,0,0,0,0,0,0,0,0,0
OneDirectionThisIsUs,8.0,0,0,0,0,0,1,0,0,0,0,0,0,0,0,0,0,0,0,0,0
TheGoodsLiveHardSellHard,5.4,0,0,0,1,0,0,0,0,0,0,0,0,0,0,0,0,0,0,0,0
HeyArnoldTheMovie,5.6,0,0,1,0,0,0,0,0,0,0,0,0,0,0,0,0,0,0,0,0
MyWeekwithMarilyn,6.6,0,0,0,0,0,0,1,0,0,0,0,0,0,0,0,0,0,0,0,0
TheMatador,6.2,1,0,0,0,0,0,0,0,0,0,0,0,0,0,0,0,0,0,0,0
LoveJones,8.1,0,0,0,1,0,0,0,0,0,0,0,0,0,0,0,0,0,0,0,0
TheGift,6.7,0,0,0,0,0,0,0,0,0,0,0,0,0,0,0,0,0,1,0,0
EndoftheSpear,6.1,0,1,0,0,0,0,0,0,0,0,0,0,0,0,0,0,0,0,0,0
GetOverIt,5.5,0,0,0,1,0,0,0,0,0,0,0,0,0,0,0,0,0,0,0,0
OfficeSpace,7.4,0,0,0,1,0,0,0,0,0,0,0,0,0,0,0,0,0,0,0,0
DropDeadGorgeous,6.4,0,0,0,1,0,0,0,0,0,0,0,0,0,0,0,0,0,0,0,0
BigEyes,6.8,0,0,0,0,0,0,1,0,0,0,0,0,0,0,0,0,0,0,0,0
VeryBadThings,6.2,0,0,0,1,0,0,0,0,0,0,0,0,0,0,0,0,0,0,0,0
Sleepover,5.3,0,0,0,1,0,0,0,0,0,0,0,0,0,0,0,0,0,0,0,0
BodyDouble,6.4,0,0,0,0,1,0,0,0,0,0,0,0,0,0,0,0,0,0,0,0
MacGruber,5.1,1,0,0,0,0,0,0,0,0,0,0,0,0,0,0,0,0,0,0,0
DirtyPrettyThings,6.8,0,0,0,0,1,0,0,0,0,0,0,0,0,0,0,0,0,0,0,0
Movie43,4.4,0,0,0,1,0,0,0,0,0,0,0,0,0,0,0,0,0,0,0,0
OverHerDeadBody,5.3,0,0,0,1,0,0,0,0,0,0,0,0,0,0,0,0,0,0,0,0
SeekingaFriendfortheEndoftheWorld,6.3,0,0,0,1,0,0,0,0,0,0,0,0,0,0,0,0,0,0,0,0
CedarRapids,5.9,0,0,0,1,0,0,0,0,0,0,0,0,0,0,0,0,0,0,0,0
AmericanHistoryX,8.2,0,0,0,0,0,0,1,0,0,0,0,0,0,0,0,0,0,0,0,0
TheCollection,5.9,0,0,0,0,0,0,0,0,0,0,0,1,0,0,0,0,0,0,0,0
TeachersPet,5.5,0,0,1,0,0,0,0,0,0,0,0,0,0,0,0,0,0,0,0,0
TheRedViolin,7.3,0,0,0,0,0,0,1,0,0,0,0,0,0,0,0,0,0,0,0,0
TheStraightStory,7.7,0,0,0,0,0,0,1,0,0,0,0,0,0,0,0,0,0,0,0,0
DeucesWild,5.5,1,0,0,0,0,0,0,0,0,0,0,0,0,0,0,0,0,0,0,0
BadWords,6.4,0,0,0,1,0,0,0,0,0,0,0,0,0,0,0,0,0,0,0,0
RunFatboyRun,6.2,0,0,0,1,0,0,0,0,0,0,0,0,0,0,0,0,0,0,0,0
Heartbeeps,3.8,0,0,0,1,0,0,0,0,0,0,0,0,0,0,0,0,0,0,0,0
BlackorWhite,6.5,0,0,0,0,0,0,1,0,0,0,0,0,0,0,0,0,0,0,0,0
OntheLine,4.1,0,0,0,1,0,0,0,0,0,0,0,0,0,0,0,0,0,0,0,0
RescueDawn,6.9,0,1,0,0,0,0,0,0,0,0,0,0,0,0,0,0,0,0,0,0
DannyCollins,6.6,0,0,0,1,0,0,0,0,0,0,0,0,0,0,0,0,0,0,0,0
JeffWhoLivesatHome,6.1,0,0,0,0,0,0,1,0,0,0,0,0,0,0,0,0,0,0,0,0
IAmLove,6.9,0,0,0,0,0,0,1,0,0,0,0,0,0,0,0,0,0,0,0,0
AtlasShruggedPartII,5.4,0,0,0,0,0,0,1,0,0,0,0,0,0,0,0,0,0,0,0,0
RomeoIsBleeding,5.7,1,0,0,0,0,0,0,0,0,0,0,0,0,0,0,0,0,0,0,0
TheLimey,6.6,1,0,0,0,0,0,0,0,0,0,0,0,0,0,0,0,0,0,0,0
Crash,7.2,0,0,0,0,0,0,1,0,0,0,0,0,0,0,0,0,0,0,0,0
TheHouseofMirth,6.4,0,0,0,0,0,0,1,0,0,0,0,0,0,0,0,0,0,0,0,0
Malone,6.8,1,0,0,0,0,0,0,0,0,0,0,0,0,0,0,0,0,0,0,0
PeacefulWarrior,7.3,0,0,0,0,0,0,1,0,0,0,0,0,0,0,0,0,0,0,0,0
BuckyLarsonBorntoBeaStar,4.4,0,0,0,1,0,0,0,0,0,0,0,0,0,0,0,0,0,0,0,0
Bamboozled,6.3,0,0,0,1,0,0,0,0,0,0,0,0,0,0,0,0,0,0,0,0
TheForest,4.8,0,0,0,0,0,0,0,0,0,0,0,1,0,0,0,0,0,0,0,0
Sphinx,6.0,0,1,0,0,0,0,0,0,0,0,0,0,0,0,0,0,0,0,0,0
WhileWereYoung,5.8,0,0,0,1,0,0,0,0,0,0,0,0,0,0,0,0,0,0,0,0
ABetterLife,7.0,0,0,0,0,0,0,1,0,0,0,0,0,0,0,0,0,0,0,0,0
Spider,6.4,0,0,0,0,0,0,1,0,0,0,0,0,0,0,0,0,0,0,0,0
GunShy,5.4,1,0,0,0,0,0,0,0,0,0,0,0,0,0,0,0,0,0,0,0
NicholasNickleby,6.8,0,1,0,0,0,0,0,0,0,0,0,0,0,0,0,0,0,0,0,0
TheIceman,6.4,0,0,0,0,0,0,0,0,0,0,0,0,0,0,0,0,0,1,0,0
Krrish,5.5,1,0,0,0,0,0,0,0,0,0,0,0,0,0,0,0,0,0,0,0
CecilBDemented,6.2,0,0,0,0,0,0,0,0,0,0,0,0,0,0,0,0,0,1,0,0
KillerJoe,6.5,0,0,0,0,1,0,0,0,0,0,0,0,0,0,0,0,0,0,0,0
TheJoneses,6.1,0,0,0,1,0,0,0,0,0,0,0,0,0,0,0,0,0,0,0,0
OwningMahowny,6.8,0,0,0,0,1,0,0,0,0,0,0,0,0,0,0,0,0,0,0,0
TheBrothersSolomon,4.9,0,0,0,1,0,0,0,0,0,0,0,0,0,0,0,0,0,0,0,0
MyBlueberryNights,6.0,0,0,0,0,0,0,1,0,0,0,0,0,0,0,0,0,0,0,0,0
Illuminata,6.3,0,0,0,0,0,0,1,0,0,0,0,0,0,0,0,0,0,0,0,0
SweptAway,4.8,0,0,0,1,0,0,0,0,0,0,0,0,0,0,0,0,0,0,0,0
WarInc,5.6,1,0,0,0,0,0,0,0,0,0,0,0,0,0,0,0,0,0,0,0
ShaolinSoccer,6.6,1,0,0,0,0,0,0,0,0,0,0,0,0,0,0,0,0,0,0,0
TheBrownBunny,5.5,0,0,0,0,0,0,1,0,0,0,0,0,0,0,0,0,0,0,0,0
TheSwindle,6.4,0,0,0,1,0,0,0,0,0,0,0,0,0,0,0,0,0,0,0,0
Rosewater,6.5,0,0,0,0,0,0,1,0,0,0,0,0,0,0,0,0,0,0,0,0
TheChambermaidontheTitanic,5.3,0,0,0,0,0,0,1,0,0,0,0,0,0,0,0,0,0,0,0,0
Coriolanus,5.9,0,0,0,0,0,0,1,0,0,0,0,0,0,0,0,0,0,0,0,0
ImaginaryHeroes,6.3,0,0,0,1,0,0,0,0,0,0,0,0,0,0,0,0,0,0,0,0
HighHeelsandLowLifes,6.4,1,0,0,0,0,0,0,0,0,0,0,0,0,0,0,0,0,0,0,0
WorldsGreatestDad,6.5,0,0,0,1,0,0,0,0,0,0,0,0,0,0,0,0,0,0,0,0
Severance,6.4,0,0,0,0,0,0,0,0,0,0,0,1,0,0,0,0,0,0,0,0
Edmond,6.0,0,0,0,0,0,0,1,0,0,0,0,0,0,0,0,0,0,0,0,0
WelcometotheRileys,6.4,0,0,0,0,0,0,1,0,0,0,0,0,0,0,0,0,0,0,0,0
PoliceAcademyMissiontoMoscow,4.1,0,0,0,1,0,0,0,0,0,0,0,0,0,0,0,0,0,0,0,0
BloodDoneSignMyName,6.0,0,0,0,0,0,0,1,0,0,0,0,0,0,0,0,0,0,0,0,0
CincodeMayoLaBatalla,5.8,0,0,0,0,0,0,0,0,0,0,0,0,0,0,0,0,0,0,1,0
ElsaFred,6.2,0,0,0,1,0,0,0,0,0,0,0,0,0,0,0,0,0,0,0,0
AnAlanSmitheeFilmBurnHollywoodBurn,3.0,0,0,0,1,0,0,0,0,0,0,0,0,0,0,0,0,0,0,0,0
TheOpenRoad,4.8,0,0,0,1,0,0,0,0,0,0,0,0,0,0,0,0,0,0,0,0
TheGoodGuy,5.4,0,0,0,1,0,0,0,0,0,0,0,0,0,0,0,0,0,0,0,0
Motherhood,4.7,0,0,0,1,0,0,0,0,0,0,0,0,0,0,0,0,0,0,0,0
FreeStyle,5.8,0,0,0,0,0,0,1,0,0,0,0,0,0,0,0,0,0,0,0,0
Strangerland,5.1,0,0,0,0,0,0,1,0,0,0,0,0,0,0,0,0,0,0,0,0
JankyPromoters,7.0,0,0,0,1,0,0,0,0,0,0,0,0,0,0,0,0,0,0,0,0
BlondeAmbition,3.9,0,0,0,1,0,0,0,0,0,0,0,0,0,0,0,0,0,0,0,0
TheOxfordMurders,5.7,0,0,0,0,1,0,0,0,0,0,0,0,0,0,0,0,0,0,0,0
TheReef,5.4,0,0,0,0,0,0,1,0,0,0,0,0,0,0,0,0,0,0,0,0
Eulogy,6.4,0,0,0,1,0,0,0,0,0,0,0,0,0,0,0,0,0,0,0,0
WhiteNoise2TheLight,5.6,0,0,0,0,0,0,0,0,0,0,0,0,0,0,0,0,0,1,0,0
BeattheWorld,4.3,0,0,0,0,0,0,0,0,0,0,0,0,1,0,0,0,0,0,0,0
FiftyDeadMenWalking,6.1,1,0,0,0,0,0,0,0,0,0,0,0,0,0,0,0,0,0,0,0
JungleShuffle,6.5,0,0,0,0,0,0,0,1,0,0,0,0,0,0,0,0,0,0,0,0
AdamResurrected,6.4,0,0,0,0,0,0,1,0,0,0,0,0,0,0,0,0,0,0,0,0
OfHorsesandMen,6.9,0,0,0,0,0,0,1,0,0,0,0,0,0,0,0,0,0,0,0,0
ItsaWonderfulAfterlife,4.3,0,0,0,1,0,0,0,0,0,0,0,0,0,0,0,0,0,0,0,0
TheDevilsTomb,4.0,1,0,0,0,0,0,0,0,0,0,0,0,0,0,0,0,0,0,0,0
Partition,6.4,0,0,0,0,0,0,1,0,0,0,0,0,0,0,0,0,0,0,0,0
GoodIntentions,5.0,0,0,0,1,0,0,0,0,0,0,0,0,0,0,0,0,0,0,0,0
TheGoodTheBadTheWeird,7.1,1,0,0,0,0,0,0,0,0,0,0,0,0,0,0,0,0,0,0,0
Nurse3D,4.9,0,0,0,0,0,0,0,0,0,0,0,1,0,0,0,0,0,0,0,0
Gunless,6.7,0,0,0,0,0,0,1,0,0,0,0,0,0,0,0,0,0,0,0,0
Adventureland,6.4,0,0,0,1,0,0,0,0,0,0,0,0,0,0,0,0,0,0,0,0
TheLostCity,6.0,0,0,0,0,0,0,1,0,0,0,0,0,0,0,0,0,0,0,0,0
NextFriday,6.4,0,0,0,1,0,0,0,0,0,0,0,0,0,0,0,0,0,0,0,0
AmericanHeist,4.3,1,0,0,0,0,0,0,0,0,0,0,0,0,0,0,0,0,0,0,0
YouOnlyLiveTwice,6.5,1,0,0,0,0,0,0,0,0,0,0,0,0,0,0,0,0,0,0,0
Plastic,6.1,0,0,0,0,0,0,1,0,0,0,0,0,0,0,0,0,0,0,0,0
Amour,7.5,0,0,0,0,0,0,1,0,0,0,0,0,0,0,0,0,0,0,0,0
PoltergeistIII,4.5,0,0,0,0,0,0,0,0,0,0,0,1,0,0,0,0,0,0,0,0
ReKill,4.9,0,0,0,0,0,0,0,0,0,0,0,1,0,0,0,0,0,0,0,0
ItsaMadMadMadMadWorld,7.0,1,0,0,0,0,0,0,0,0,0,0,0,0,0,0,0,0,0,0,0
Volver,7.3,0,0,0,1,0,0,0,0,0,0,0,0,0,0,0,0,0,0,0,0
HeavyMetal,6.2,0,0,1,0,0,0,0,0,0,0,0,0,0,0,0,0,0,0,0,0
GentlemenBroncos,6.2,1,0,0,0,0,0,0,0,0,0,0,0,0,0,0,0,0,0,0,0
RichardIII,6.9,0,0,0,0,0,0,1,0,0,0,0,0,0,0,0,0,0,0,0,0
IntotheGrizzlyMaze,5.1,1,0,0,0,0,0,0,0,0,0,0,0,0,0,0,0,0,0,0,0
Kites,6.0,0,0,0,0,0,0,1,0,0,0,0,0,0,0,0,0,0,0,0,0
Melancholia,7.0,0,0,0,0,0,0,1,0,0,0,0,0,0,0,0,0,0,0,0,0
RedDog,7.1,0,0,0,0,0,0,1,0,0,0,0,0,0,0,0,0,0,0,0,0
JabTakHaiJaan,7.3,0,0,0,0,0,0,1,0,0,0,0,0,0,0,0,0,0,0,0,0
Alien,7.9,0,0,0,0,0,0,0,0,0,0,0,1,0,0,0,0,0,0,0,0
TheTexasChainSawMassacre,7.2,0,0,0,0,0,0,0,0,0,0,0,1,0,0,0,0,0,0,0,0
TheRunaways,6.3,0,0,0,0,0,0,1,0,0,0,0,0,0,0,0,0,0,0,0,0
FiddlerontheRoof,7.4,0,0,0,0,0,0,1,0,0,0,0,0,0,0,0,0,0,0,0,0
Thunderball,6.5,0,1,0,0,0,0,0,0,0,0,0,0,0,0,0,0,0,0,0,0
Detention,5.7,0,0,0,0,0,0,0,0,0,0,0,1,0,0,0,0,0,0,0,0
LooseCannons,7.0,0,0,0,1,0,0,0,0,0,0,0,0,0,0,0,0,0,0,0,0
SetItOff,6.9,0,0,0,0,0,0,1,0,0,0,0,0,0,0,0,0,0,0,0,0
TheBestMan,6.8,0,0,0,0,0,0,1,0,0,0,0,0,0,0,0,0,0,0,0,0
ChildsPlay,6.3,0,0,0,0,0,0,0,0,0,0,0,1,0,0,0,0,0,0,0,0
Sicko,7.3,0,0,0,0,0,1,0,0,0,0,0,0,0,0,0,0,0,0,0,0
ThePurgeAnarchy,6.6,0,0,0,0,0,0,0,0,0,0,0,1,0,0,0,0,0,0,0,0
DowntoYou,4.9,0,0,0,1,0,0,0,0,0,0,0,0,0,0,0,0,0,0,0,0
HaroldKumarGotoWhiteCastle,6.6,0,0,0,1,0,0,0,0,0,0,0,0,0,0,0,0,0,0,0,0
TheContender,6.7,0,0,0,0,0,0,1,0,0,0,0,0,0,0,0,0,0,0,0,0
BoilerRoom,6.5,0,0,0,0,1,0,0,0,0,0,0,0,0,0,0,0,0,0,0,0
TradingPlaces,7.1,0,0,0,1,0,0,0,0,0,0,0,0,0,0,0,0,0,0,0,0
BlackChristmas,4.8,0,0,0,0,0,0,0,0,0,0,0,1,0,0,0,0,0,0,0,0
BreakinAlltheRules,5.8,0,0,0,1,0,0,0,0,0,0,0,0,0,0,0,0,0,0,0,0
HenryV,7.4,0,0,0,0,0,0,0,0,0,0,0,0,0,0,0,0,0,0,1,0
TheSavages,6.8,0,0,0,0,0,0,1,0,0,0,0,0,0,0,0,0,0,0,0,0
ChasingPapi,6.3,0,0,0,1,0,0,0,0,0,0,0,0,0,0,0,0,0,0,0,0
TheWayoftheGun,6.4,1,0,0,0,0,0,0,0,0,0,0,0,0,0,0,0,0,0,0,0
IgbyGoesDown,6.5,0,0,0,1,0,0,0,0,0,0,0,0,0,0,0,0,0,0,0,0
PCU,6.0,0,0,0,1,0,0,0,0,0,0,0,0,0,0,0,0,0,0,0,0
TheUltimateGift,6.8,0,0,0,0,0,0,0,0,0,0,0,0,0,0,1,0,0,0,0,0
TheIcePirates,5.7,1,0,0,0,0,0,0,0,0,0,0,0,0,0,0,0,0,0,0,0
Gracie,6.0,0,0,0,0,0,0,1,0,0,0,0,0,0,0,0,0,0,0,0,0
TrusttheMan,5.5,0,0,0,1,0,0,0,0,0,0,0,0,0,0,0,0,0,0,0,0
Hamlet2,6.1,0,0,0,1,0,0,0,0,0,0,0,0,0,0,0,0,0,0,0,0
VelvetGoldmine,6.9,0,0,0,0,0,0,1,0,0,0,0,0,0,0,0,0,0,0,0,0
TheWailing,7.2,0,0,0,0,0,0,0,0,0,0,0,1,0,0,0,0,0,0,0,0
GleeTheConcertMovie,6.8,0,0,0,0,0,1,0,0,0,0,0,0,0,0,0,0,0,0,0,0
TheLegendofSuriyothai,5.1,0,0,0,0,0,0,1,0,0,0,0,0,0,0,0,0,0,0,0,0
TwoEvilEyes,6.0,0,0,0,0,0,0,0,0,0,0,0,1,0,0,0,0,0,0,0,0
Barbecue,5.8,0,0,0,1,0,0,0,0,0,0,0,0,0,0,0,0,0,0,0,0
AllorNothing,7.0,0,0,0,1,0,0,0,0,0,0,0,0,0,0,0,0,0,0,0,0
PrincessKaiulani,4.8,0,0,0,0,0,0,1,0,0,0,0,0,0,0,0,0,0,0,0,0
OpalDream,6.1,0,0,0,0,0,0,1,0,0,0,0,0,0,0,0,0,0,0,0,0
FlameCitron,6.8,0,0,0,0,1,0,0,0,0,0,0,0,0,0,0,0,0,0,0,0
Undiscovered,4.5,0,0,0,1,0,0,0,0,0,0,0,0,0,0,0,0,0,0,0,0
RedRidingIntheYearofOurLord1974,7.0,0,0,0,0,0,0,0,0,0,0,0,0,0,0,0,0,0,1,0,0
TheGirlontheTrain,5.6,0,0,0,0,0,0,1,0,0,0,0,0,0,0,0,0,0,0,0,0
VeronikaDecidestoDie,5.8,0,0,0,0,0,0,1,0,0,0,0,0,0,0,0,0,0,0,0,0
CrocodileDundee,6.3,0,1,0,0,0,0,0,0,0,0,0,0,0,0,0,0,0,0,0,0
UltramarinesAWarhammer40000Movie,5.2,0,0,1,0,0,0,0,0,0,0,0,0,0,0,0,0,0,0,0,0
TheIInside,5.9,0,0,0,0,0,0,0,0,0,0,0,0,0,0,0,0,0,1,0,0
BeneathHill60,7.3,0,0,0,0,0,0,1,0,0,0,0,0,0,0,0,0,0,0,0,0
Polisse,7.9,0,0,0,0,0,0,1,0,0,0,0,0,0,0,0,0,0,0,0,0
Awake,6.3,0,0,0,0,0,0,0,0,0,0,0,0,0,0,0,0,0,1,0,0
StarWarsCloneWarsVolume1,8.0,1,0,0,0,0,0,0,0,0,0,0,0,0,0,0,0,0,0,0,0
SkinTrade,5.6,0,0,0,0,0,0,0,0,0,0,0,0,0,0,0,0,0,1,0,0
TheLostBoys,6.8,0,0,0,0,0,0,0,0,0,0,0,1,0,0,0,0,0,0,0,0
CrazyHeart,6.8,0,0,0,0,0,0,1,0,0,0,0,0,0,0,0,0,0,0,0,0
TheRose,6.8,0,0,0,0,0,0,1,0,0,0,0,0,0,0,0,0,0,0,0,0
BaggageClaim,5.6,0,0,0,1,0,0,0,0,0,0,0,0,0,0,0,0,0,0,0,0
Barbarella,5.7,0,0,0,0,0,0,0,0,0,0,0,0,0,0,0,1,0,0,0,0
Shipwrecked,6.1,0,1,0,0,0,0,0,0,0,0,0,0,0,0,0,0,0,0,0,0
Election,6.7,0,0,0,1,0,0,0,0,0,0,0,0,0,0,0,0,0,0,0,0
TheNamesake,6.8,0,0,0,0,0,0,1,0,0,0,0,0,0,0,0,0,0,0,0,0
TheDUFF,6.8,0,0,0,0,0,0,0,0,0,0,0,0,0,0,1,0,0,0,0,0
Glitter,3.4,0,0,0,0,0,0,1,0,0,0,0,0,0,0,0,0,0,0,0,0
TheHauntinginConnecticut2GhostsofGeorgia,5.6,0,0,0,0,0,0,0,0,0,0,0,1,0,0,0,0,0,0,0,0
Silmido,6.6,1,0,0,0,0,0,0,0,0,0,0,0,0,0,0,0,0,0,0,0
BrightStar,6.8,0,0,0,0,0,0,1,0,0,0,0,0,0,0,0,0,0,0,0,0
MyNameIsKhan,7.7,0,0,0,0,0,0,1,0,0,0,0,0,0,0,0,0,0,0,0,0
AllIsLost,6.6,1,0,0,0,0,0,0,0,0,0,0,0,0,0,0,0,0,0,0,0
Limbo,7.0,0,1,0,0,0,0,0,0,0,0,0,0,0,0,0,0,0,0,0,0
NamasteyLondon,6.6,0,0,0,0,0,0,1,0,0,0,0,0,0,0,0,0,0,0,0,0
TheWindThatShakestheBarley,7.1,0,0,0,0,0,0,1,0,0,0,0,0,0,0,0,0,0,0,0,0
YehJawaaniHaiDeewani,7.2,0,0,0,0,0,0,0,0,0,0,0,0,0,0,1,0,0,0,0,0
QuoVadis,7.0,0,0,0,0,0,0,1,0,0,0,0,0,0,0,0,0,0,0,0,0
RepoTheGeneticOpera,6.7,0,0,0,0,0,0,0,0,0,0,0,1,0,0,0,0,0,0,0,0
ValleyoftheWolvesIraq,4.3,0,1,0,0,0,0,0,0,0,0,0,0,0,0,0,0,0,0,0,0
PulpFiction,8.3,0,0,0,0,0,0,0,0,0,0,0,0,0,0,0,0,0,1,0,0
TheMuppetMovie,7.0,0,1,0,0,0,0,0,0,0,0,0,0,0,0,0,0,0,0,0,0
Nightcrawler,7.6,0,0,0,0,1,0,0,0,0,0,0,0,0,0,0,0,0,0,0,0
ClubDread,5.1,0,0,0,1,0,0,0,0,0,0,0,0,0,0,0,0,0,0,0,0
TheSoundofMusic,7.4,0,0,0,0,0,0,1,0,0,0,0,0,0,0,0,0,0,0,0,0
Splash,6.1,0,0,0,1,0,0,0,0,0,0,0,0,0,0,0,0,0,0,0,0
LittleMissSunshine,7.5,0,0,0,1,0,0,0,0,0,0,0,0,0,0,0,0,0,0,0,0
StandbyMe,7.8,0,0,0,0,1,0,0,0,0,0,0,0,0,0,0,0,0,0,0,0
28DaysLater,7.1,0,0,0,0,0,0,0,0,0,0,0,1,0,0,0,0,0,0,0,0
YouGotServed,4.8,0,0,0,0,0,0,1,0,0,0,0,0,0,0,0,0,0,0,0,0
EscapefromAlcatraz,7.2,0,0,0,0,1,0,0,0,0,0,0,0,0,0,0,0,0,0,0,0
BrownSugar,7.0,0,0,0,1,0,0,0,0,0,0,0,0,0,0,0,0,0,0,0,0
AThinLineBetweenLoveandHate,5.7,0,0,0,1,0,0,0,0,0,0,0,0,0,0,0,0,0,0,0,0
5050,7.0,0,0,0,1,0,0,0,0,0,0,0,0,0,0,0,0,0,0,0,0
Shutter,5.3,0,0,0,0,0,0,0,0,0,0,0,1,0,0,0,0,0,0,0,0
ThatAwkwardMoment,6.1,0,0,0,1,0,0,0,0,0,0,0,0,0,0,0,0,0,0,0,0
ModernProblems,5.6,0,0,0,1,0,0,0,0,0,0,0,0,0,0,0,0,0,0,0,0
Kicks,7.5,0,1,0,0,0,0,0,0,0,0,0,0,0,0,0,0,0,0,0,0
MuchAdoAboutNothing,7.2,0,0,0,0,0,0,1,0,0,0,0,0,0,0,0,0,0,0,0,0
OnHerMajestysSecretService,6.5,0,1,0,0,0,0,0,0,0,0,0,0,0,0,0,0,0,0,0,0
NewNightmare,6.4,0,0,0,0,0,0,0,0,0,0,0,1,0,0,0,0,0,0,0,0
DriveMeCrazy,5.8,0,0,0,0,0,0,1,0,0,0,0,0,0,0,0,0,0,0,0,0
AkeelahandtheBee,6.7,0,0,0,0,0,0,1,0,0,0,0,0,0,0,0,0,0,0,0,0
HalfBaked,6.4,0,0,0,1,0,0,0,0,0,0,0,0,0,0,0,0,0,0,0,0
NewinTown,5.2,0,0,0,1,0,0,0,0,0,0,0,0,0,0,0,0,0,0,0,0
AmericanPsycho,7.3,0,0,0,0,0,0,0,0,0,0,0,0,0,0,0,0,0,1,0,0
TheGoodGirl,6.1,0,0,0,0,0,0,1,0,0,0,0,0,0,0,0,0,0,0,0,0
BonCopBadCop,6.5,1,0,0,0,0,0,0,0,0,0,0,0,0,0,0,0,0,0,0,0
TheBoondockSaintsIIAllSaintsDay,5.9,1,0,0,0,0,0,0,0,0,0,0,0,0,0,0,0,0,0,0,0
TheCityofYourFinalDestination,5.7,0,0,0,0,0,0,1,0,0,0,0,0,0,0,0,0,0,0,0,0
EnoughSaid,6.6,0,0,0,1,0,0,0,0,0,0,0,0,0,0,0,0,0,0,0,0
EasyA,6.7,0,0,0,1,0,0,0,0,0,0,0,0,0,0,0,0,0,0,0,0
TheInkwell,3.9,0,0,0,1,0,0,0,0,0,0,0,0,0,0,0,0,0,0,0,0
ShadowoftheVampire,6.6,0,0,0,0,0,0,1,0,0,0,0,0,0,0,0,0,0,0,0,0
Prom,5.7,0,0,0,1,0,0,0,0,0,0,0,0,0,0,0,0,0,0,0,0
ThePallbearer,4.6,0,0,0,1,0,0,0,0,0,0,0,0,0,0,0,0,0,0,0,0
HeldUp,4.9,0,0,0,1,0,0,0,0,0,0,0,0,0,0,0,0,0,0,0,0
WomanonTop,5.5,0,0,0,1,0,0,0,0,0,0,0,0,0,0,0,0,0,0,0,0
HowardsEnd,6.9,0,0,0,0,0,0,1,0,0,0,0,0,0,0,0,0,0,0,0,0
Anomalisa,7.0,0,0,1,0,0,0,0,0,0,0,0,0,0,0,0,0,0,0,0,0
AnotherYear,7.0,0,0,0,1,0,0,0,0,0,0,0,0,0,0,0,0,0,0,0,0
8Women,6.9,0,0,0,1,0,0,0,0,0,0,0,0,0,0,0,0,0,0,0,0
ShowdowninLittleTokyo,5.7,1,0,0,0,0,0,0,0,0,0,0,0,0,0,0,0,0,0,0,0
ClayPigeons,6.3,0,0,0,1,0,0,0,0,0,0,0,0,0,0,0,0,0,0,0,0
ItsKindofaFunnyStory,6.9,0,0,0,1,0,0,0,0,0,0,0,0,0,0,0,0,0,0,0,0
MadeinDagenham,6.6,0,0,0,1,0,0,0,0,0,0,0,0,0,0,0,0,0,0,0,0
WhenDidYouLastSeeYourFather,6.9,0,0,0,0,0,0,1,0,0,0,0,0,0,0,0,0,0,0,0,0
Prefontaine,6.7,0,0,0,0,0,0,1,0,0,0,0,0,0,0,0,0,0,0,0,0
TheWickedLady,4.3,0,0,0,0,0,0,1,0,0,0,0,0,0,0,0,0,0,0,0,0
TheSecretofKells,7.3,0,0,1,0,0,0,0,0,0,0,0,0,0,0,0,0,0,0,0,0
BeginAgain,7.3,0,0,0,1,0,0,0,0,0,0,0,0,0,0,0,0,0,0,0,0
DownintheValley,5.9,0,0,0,0,0,0,1,0,0,0,0,0,0,0,0,0,0,0,0,0
BrooklynRules,5.8,0,0,0,0,0,0,1,0,0,0,0,0,0,0,0,0,0,0,0,0
Restless,4.9,0,0,0,0,0,0,0,0,0,0,0,0,0,0,0,0,1,0,0,0
TheSingingDetective,5.9,0,0,0,1,0,0,0,0,0,0,0,0,0,0,0,0,0,0,0,0
TheLandGirls,7.0,0,0,0,0,0,0,1,0,0,0,0,0,0,0,0,0,0,0,0,0
Fido,6.6,0,0,0,0,0,0,0,0,0,0,0,0,0,0,1,0,0,0,0,0
TheWendellBakerStory,5.2,0,0,0,1,0,0,0,0,0,0,0,0,0,0,0,0,0,0,0,0
WildTarget,6.4,1,0,0,0,0,0,0,0,0,0,0,0,0,0,0,0,0,0,0,0
Pathology,5.6,0,0,0,0,1,0,0,0,0,0,0,0,0,0,0,0,0,0,0,0
WutheringHeights,6.9,0,0,0,0,0,0,1,0,0,0,0,0,0,0,0,0,0,0,0,0
10thWolf,6.3,1,0,0,0,0,0,0,0,0,0,0,0,0,0,0,0,0,0,0,0
DearWendy,5.6,0,0,0,1,0,0,0,0,0,0,0,0,0,0,0,0,0,0,0,0
Aloft,5.1,0,0,0,0,0,0,1,0,0,0,0,0,0,0,0,0,0,0,0,0
Akira,7.8,0,0,0,0,0,0,0,0,0,0,0,0,0,0,0,1,0,0,0,0
TheDeathandLifeofBobbyZ,5.8,0,0,0,0,0,0,1,0,0,0,0,0,0,0,0,0,0,0,0,0
TheRocketTheLegendofRocketRichard,6.1,0,0,0,0,0,0,1,0,0,0,0,0,0,0,0,0,0,0,0,0
Swelter,4.6,1,0,0,0,0,0,0,0,0,0,0,0,0,0,0,0,0,0,0,0
MyLuckyStar,4.3,0,0,0,1,0,0,0,0,0,0,0,0,0,0,0,0,0,0,0,0
ImagineMeYou,7.0,0,0,0,0,0,0,1,0,0,0,0,0,0,0,0,0,0,0,0,0
MrChurch,7.0,0,0,0,0,0,0,1,0,0,0,0,0,0,0,0,0,0,0,0,0
SwimmingPool,6.4,0,0,0,0,0,0,0,0,0,0,0,0,0,0,0,0,0,1,0,0
GreenStreetHooligansUnderground,5.4,1,0,0,0,0,0,0,0,0,0,0,0,0,0,0,0,0,0,0,0
TheBloodofHeroes,5.9,1,0,0,0,0,0,0,0,0,0,0,0,0,0,0,0,0,0,0,0
CodeofHonor,4.1,1,0,0,0,0,0,0,0,0,0,0,0,0,0,0,0,0,0,0,0
DrivingMissDaisy,7.0,0,0,0,1,0,0,0,0,0,0,0,0,0,0,0,0,0,0,0,0
SoulFood,6.6,0,0,0,1,0,0,0,0,0,0,0,0,0,0,0,0,0,0,0,0
RumbleintheBronx,6.5,0,0,0,0,1,0,0,0,0,0,0,0,0,0,0,0,0,0,0,0
FarfromMen,6.6,0,0,0,0,0,0,1,0,0,0,0,0,0,0,0,0,0,0,0,0
ThankYouforSmoking,7.1,0,0,0,1,0,0,0,0,0,0,0,0,0,0,0,0,0,0,0,0
HostelPartII,5.6,0,0,0,0,0,0,0,0,0,0,0,1,0,0,0,0,0,0,0,0
AnEducation,6.8,0,0,0,0,0,0,1,0,0,0,0,0,0,0,0,0,0,0,0,0
Shopgirl,5.7,0,0,0,1,0,0,0,0,0,0,0,0,0,0,0,0,0,0,0,0
TheHotelNewHampshire,5.8,0,0,0,1,0,0,0,0,0,0,0,0,0,0,0,0,0,0,0,0
Narc,6.8,1,0,0,0,0,0,0,0,0,0,0,0,0,0,0,0,0,0,0,0
MenwithBrooms,4.5,0,0,0,1,0,0,0,0,0,0,0,0,0,0,0,0,0,0,0,0
WitlessProtection,4.0,1,0,0,0,0,0,0,0,0,0,0,0,0,0,0,0,0,0,0,0
TheWorkandtheGlory,6.1,0,0,0,0,0,0,1,0,0,0,0,0,0,0,0,0,0,0,0,0
Extract,5.7,0,0,0,1,0,0,0,0,0,0,0,0,0,0,0,0,0,0,0,0
MaskedandAnonymous,5.2,0,0,0,0,0,0,1,0,0,0,0,0,0,0,0,0,0,0,0,0
BettyFisherandOtherStories,7.0,0,0,0,0,0,0,1,0,0,0,0,0,0,0,0,0,0,0,0,0
Code46,6.2,0,0,0,0,0,0,1,0,0,0,0,0,0,0,0,0,0,0,0,0
OutsideBet,5.8,0,0,0,1,0,0,0,0,0,0,0,0,0,0,0,0,0,0,0,0
AlbertNobbs,6.2,0,0,0,0,0,0,1,0,0,0,0,0,0,0,0,0,0,0,0,0
BlackNovember,6.4,0,0,0,0,0,0,1,0,0,0,0,0,0,0,0,0,0,0,0,0
TaRaRumPum,6.0,0,0,0,0,0,0,0,1,0,0,0,0,0,0,0,0,0,0,0,0
Persepolis,7.7,0,0,1,0,0,0,0,0,0,0,0,0,0,0,0,0,0,0,0,0
TheHole,5.6,0,0,0,0,0,0,0,0,0,0,0,0,0,0,0,0,0,1,0,0
TheWave,7.5,0,0,0,0,0,0,1,0,0,0,0,0,0,0,0,0,0,0,0,0
TheNeonDemon,6.4,0,0,0,0,0,0,0,0,0,0,0,0,0,0,0,0,0,1,0,0
HarryBrown,6.7,0,0,0,0,0,0,0,0,0,0,0,0,0,0,0,0,0,1,0,0
TheOmegaCode,4.4,0,0,0,0,0,0,0,0,0,0,0,1,0,0,0,0,0,0,0,0
Juno,7.0,0,0,0,1,0,0,0,0,0,0,0,0,0,0,0,0,0,0,0,0
PoundofFlesh,5.5,1,0,0,0,0,0,0,0,0,0,0,0,0,0,0,0,0,0,0,0
DiamondsAreForever,6.3,0,1,0,0,0,0,0,0,0,0,0,0,0,0,0,0,0,0,0,0
TheGodfather,8.4,0,0,0,0,0,0,1,0,0,0,0,0,0,0,0,0,0,0,0,0
Flashdance,6.1,0,0,0,0,0,0,1,0,0,0,0,0,0,0,0,0,0,0,0,0
500DaysofSummer,7.2,0,0,0,1,0,0,0,0,0,0,0,0,0,0,0,0,0,0,0,0
ThePiano,7.1,0,0,0,0,0,0,1,0,0,0,0,0,0,0,0,0,0,0,0,0
MagicMike,6.1,0,0,0,0,0,0,1,0,0,0,0,0,0,0,0,0,0,0,0,0
DarknessFalls,4.9,0,0,0,0,0,0,0,0,0,0,0,0,0,0,0,0,0,1,0,0
LiveandLetDie,6.4,0,1,0,0,0,0,0,0,0,0,0,0,0,0,0,0,0,0,0,0
MyDogSkip,6.5,0,0,0,1,0,0,0,0,0,0,0,0,0,0,0,0,0,0,0,0
DefinitelyMaybe,6.7,0,0,0,1,0,0,0,0,0,0,0,0,0,0,0,0,0,0,0,0
JumpingtheBroom,6.0,0,0,0,1,0,0,0,0,0,0,0,0,0,0,0,0,0,0,0,0
GoodNightandGoodLuck,6.8,0,0,0,0,0,0,1,0,0,0,0,0,0,0,0,0,0,0,0,0
Capote,6.8,0,0,0,0,1,0,0,0,0,0,0,0,0,0,0,0,0,0,0,0
Desperado,6.8,0,0,0,0,0,0,0,0,0,0,0,0,0,0,0,0,0,1,0,0
LogansRun,6.6,0,1,0,0,0,0,0,0,0,0,0,0,0,0,0,0,0,0,0,0
TheManwiththeGoldenGun,6.3,0,1,0,0,0,0,0,0,0,0,0,0,0,0,0,0,0,0,0,0
ActionJackson,4.9,1,0,0,0,0,0,0,0,0,0,0,0,0,0,0,0,0,0,0,0
TheDescent,6.8,0,1,0,0,0,0,0,0,0,0,0,0,0,0,0,0,0,0,0,0
MichaelJordantotheMax,7.5,0,0,0,0,0,1,0,0,0,0,0,0,0,0,0,0,0,0,0,0
DevilsDue,4.4,0,0,0,0,0,0,0,0,0,0,0,1,0,0,0,0,0,0,0,0
FlirtingwithDisaster,6.3,0,0,0,1,0,0,0,0,0,0,0,0,0,0,0,0,0,0,0,0
TheDevilsRejects,6.6,0,0,0,0,0,0,1,0,0,0,0,0,0,0,0,0,0,0,0,0
Dope,7.2,0,0,0,0,1,0,0,0,0,0,0,0,0,0,0,0,0,0,0,0
InTooDeep,6.2,0,0,0,0,0,0,1,0,0,0,0,0,0,0,0,0,0,0,0,0
Houseof1000Corpses,6.0,0,0,0,0,0,0,0,0,0,0,0,1,0,0,0,0,0,0,0,0
AlienZone,4.0,0,0,0,0,0,0,0,0,0,0,0,1,0,0,0,0,0,0,0,0
ASeriousMan,6.6,0,0,0,1,0,0,0,0,0,0,0,0,0,0,0,0,0,0,0,0
GetLow,6.5,0,0,0,1,0,0,0,0,0,0,0,0,0,0,0,0,0,0,0,0
Warlock,5.8,0,1,0,0,0,0,0,0,0,0,0,0,0,0,0,0,0,0,0,0
BeyondtheLights,7.0,0,0,0,0,0,0,0,0,0,0,0,0,0,0,1,0,0,0,0,0
ASingleMan,7.3,0,0,0,0,0,0,1,0,0,0,0,0,0,0,0,0,0,0,0,0
TheLastTemptationofChrist,7.0,0,0,0,0,0,0,1,0,0,0,0,0,0,0,0,0,0,0,0,0
OutsideProvidence,5.6,0,0,0,0,0,0,0,0,0,0,0,0,0,0,1,0,0,0,0,0
BridePrejudice,6.5,0,0,0,0,0,0,1,0,0,0,0,0,0,0,0,0,0,0,0,0
RabbitProofFence,6.8,0,1,0,0,0,0,0,0,0,0,0,0,0,0,0,0,0,0,0,0
WhosYourCaddy,3.8,0,0,0,1,0,0,0,0,0,0,0,0,0,0,0,0,0,0,0,0
SplitSecond,5.7,0,0,0,0,0,0,0,0,0,0,0,0,0,0,0,0,0,1,0,0
TheOtherSideofHeaven,6.7,1,0,0,0,0,0,0,0,0,0,0,0,0,0,0,0,0,0,0,0
VeerZaara,7.4,0,0,0,0,0,0,1,0,0,0,0,0,0,0,0,0,0,0,0,0
Redbelt,6.4,0,0,0,0,0,0,1,0,0,0,0,0,0,0,0,0,0,0,0,0
Cyrus,6.1,0,0,0,1,0,0,0,0,0,0,0,0,0,0,0,0,0,0,0,0
ADogOfFlanders,6.4,0,0,0,0,0,0,1,0,0,0,0,0,0,0,0,0,0,0,0,0
AutoFocus,6.1,0,0,0,0,0,0,1,0,0,0,0,0,0,0,0,0,0,0,0,0
FactoryGirl,6.2,0,0,0,0,0,0,1,0,0,0,0,0,0,0,0,0,0,0,0,0
WeNeedtoTalkAboutKevin,7.4,0,0,0,0,0,0,1,0,0,0,0,0,0,0,0,0,0,0,0,0
TheChristmasCandle,5.8,0,0,0,0,0,0,1,0,0,0,0,0,0,0,0,0,0,0,0,0
TheMightyMacs,5.0,1,0,0,0,0,0,0,0,0,0,0,0,0,0,0,0,0,0,0,0
LosinIt,4.5,0,0,0,1,0,0,0,0,0,0,0,0,0,0,0,0,0,0,0,0
MotherandChild,6.7,0,0,0,0,0,0,1,0,0,0,0,0,0,0,0,0,0,0,0,0
MarchorDie,6.2,1,0,0,0,0,0,0,0,0,0,0,0,0,0,0,0,0,0,0,0
TheVisitors,7.1,0,0,0,0,0,0,0,0,1,0,0,0,0,0,0,0,0,0,0,0
Somewhere,6.0,0,0,0,1,0,0,0,0,0,0,0,0,0,0,0,0,0,0,0,0
IHopeTheyServeBeerinHell,5.7,0,0,0,1,0,0,0,0,0,0,0,0,0,0,0,0,0,0,0,0
ChairmanoftheBoard,2.7,0,0,0,1,0,0,0,0,0,0,0,0,0,0,0,0,0,0,0,0
Hesher,6.7,0,0,0,0,0,0,1,0,0,0,0,0,0,0,0,0,0,0,0,0
DomHemingway,5.8,0,0,0,1,0,0,0,0,0,0,0,0,0,0,0,0,0,0,0,0
Gerry,6.2,0,0,0,0,0,0,0,0,0,0,0,0,0,1,0,0,0,0,0,0
TheHeartofMe,7.7,0,0,0,0,0,0,1,0,0,0,0,0,0,0,0,0,0,0,0,0
Freeheld,7.1,0,0,0,0,0,0,0,0,0,0,0,0,0,0,1,0,0,0,0,0
TheExtraMan,5.9,0,0,0,1,0,0,0,0,0,0,0,0,0,0,0,0,0,0,0,0
HardtoBeaGod,6.7,0,0,0,0,0,0,1,0,0,0,0,0,0,0,0,0,0,0,0,0
Cah,6.0,0,0,0,0,1,0,0,0,0,0,0,0,0,0,0,0,0,0,0,0
WahWah,6.3,0,0,0,0,0,0,1,0,0,0,0,0,0,0,0,0,0,0,0,0
TheBoondockSaints,7.2,1,0,0,0,0,0,0,0,0,0,0,0,0,0,0,0,0,0,0,0
ZStorm,5.8,0,0,0,0,1,0,0,0,0,0,0,0,0,0,0,0,0,0,0,0
Twixt,5.0,0,0,0,0,0,0,0,0,0,0,0,1,0,0,0,0,0,0,0,0
TheSnowQueen,5.1,0,0,1,0,0,0,0,0,0,0,0,0,0,0,0,0,0,0,0,0
AlphaandOmegaTheLegendoftheSawToothCave,6.5,0,0,0,0,0,0,0,1,0,0,0,0,0,0,0,0,0,0,0,0
PaleRider,7.0,0,0,0,0,0,0,0,0,0,0,0,0,0,0,1,0,0,0,0,0
StargateTheArkofTruth,6.9,0,1,0,0,0,0,0,0,0,0,0,0,0,0,0,0,0,0,0,0
DazedandConfused,7.4,0,0,0,1,0,0,0,0,0,0,0,0,0,0,0,0,0,0,0,0
HighSchoolMusical2,6.1,0,0,0,1,0,0,0,0,0,0,0,0,0,0,0,0,0,0,0,0
TwoLoversandaBear,6.8,0,0,0,0,0,0,1,0,0,0,0,0,0,0,0,0,0,0,0,0
CriminalActivities,5.8,0,0,0,0,0,0,0,0,0,0,0,0,0,0,0,0,0,1,0,0
AimeeJaguar,6.3,0,0,0,0,0,0,1,0,0,0,0,0,0,0,0,0,0,0,0,0
TheChumscrubber,6.7,0,0,0,1,0,0,0,0,0,0,0,0,0,0,0,0,0,0,0,0
Shade,6.1,1,0,0,0,0,0,0,0,0,0,0,0,0,0,0,0,0,0,0,0
HouseattheEndoftheStreet,5.6,0,0,0,0,0,0,0,0,0,0,0,1,0,0,0,0,0,0,0,0
Incendies,7.9,0,0,0,0,0,0,1,0,0,0,0,0,0,0,0,0,0,0,0,0
RememberMeMyLove,5.8,0,0,0,0,0,0,1,0,0,0,0,0,0,0,0,0,0,0,0,0
PerriersBounty,5.1,1,0,0,0,0,0,0,0,0,0,0,0,0,0,0,0,0,0,0,0
EliteSquad,7.8,0,0,0,0,0,0,1,0,0,0,0,0,0,0,0,0,0,0,0,0
Annabelle,5.6,0,0,0,0,0,0,0,0,0,0,0,1,0,0,0,0,0,0,0,0
BranNueDae,5.2,0,0,0,1,0,0,0,0,0,0,0,0,0,0,0,0,0,0,0,0
BoyzntheHood,7.4,0,0,0,0,1,0,0,0,0,0,0,0,0,0,0,0,0,0,0,0
LaBamba,6.8,0,0,0,0,0,0,1,0,0,0,0,0,0,0,0,0,0,0,0,0
TheFourSeasons,6.3,0,0,0,1,0,0,0,0,0,0,0,0,0,0,0,0,0,0,0,0
DressedtoKill,6.8,0,0,0,0,0,0,0,0,0,0,0,1,0,0,0,0,0,0,0,0
TheAdventuresofHuckFinn,6.2,1,0,0,0,0,0,0,0,0,0,0,0,0,0,0,0,0,0,0,0
Go,7.0,0,0,0,0,1,0,0,0,0,0,0,0,0,0,0,0,0,0,0,0
FriendswithMoney,5.1,0,0,0,1,0,0,0,0,0,0,0,0,0,0,0,0,0,0,0,0
TheAndromedaStrain,7.0,0,0,0,0,0,0,0,0,0,0,0,0,0,0,0,1,0,0,0,0
Bats,4.1,0,0,0,0,0,0,0,0,0,0,0,1,0,0,0,0,0,0,0,0
NowhereinAfrica,7.0,0,0,0,0,0,0,1,0,0,0,0,0,0,0,0,0,0,0,0,0
Shame,7.0,0,0,0,0,0,0,1,0,0,0,0,0,0,0,0,0,0,0,0,0
LayerCake,7.0,0,0,0,0,0,0,1,0,0,0,0,0,0,0,0,0,0,0,0,0
TheWorkandtheGloryIIAmericanZion,8.0,0,0,0,0,0,0,1,0,0,0,0,0,0,0,0,0,0,0,0,0
TheEast,6.5,0,0,0,0,0,0,1,0,0,0,0,0,0,0,0,0,0,0,0,0
AHomeattheEndoftheWorld,6.8,0,0,0,0,0,0,0,0,0,0,0,0,0,0,1,0,0,0,0,0
Aberdeen,7.0,0,0,0,0,0,0,1,0,0,0,0,0,0,0,0,0,0,0,0,0
TheMessenger,7.1,0,0,0,0,0,0,1,0,0,0,0,0,0,0,0,0,0,0,0,0
Tracker,6.0,1,0,0,0,0,0,0,0,0,0,0,0,0,0,0,0,0,0,0,0
Control,7.5,0,0,0,0,0,0,1,0,0,0,0,0,0,0,0,0,0,0,0,0
TheTerminator,7.3,1,0,0,0,0,0,0,0,0,0,0,0,0,0,0,0,0,0,0,0
GoodbyeLenin,7.4,0,0,0,1,0,0,0,0,0,0,0,0,0,0,0,0,0,0,0,0
TheDamnedUnited,7.2,0,0,0,0,0,0,1,0,0,0,0,0,0,0,0,0,0,0,0,0
TheReturnoftheLivingDead,7.3,0,0,0,1,0,0,0,0,0,0,0,0,0,0,0,0,0,0,0,0
Mallrats,6.8,0,0,0,0,0,0,0,0,0,0,0,0,0,0,1,0,0,0,0,0
Grease,7.2,0,0,0,0,0,0,0,0,0,0,0,0,0,0,1,0,0,0,0,0
Platoon,7.5,0,0,0,0,0,0,1,0,0,0,0,0,0,0,0,0,0,0,0,0
Fahrenheit911,6.8,0,0,0,0,0,1,0,0,0,0,0,0,0,0,0,0,0,0,0,0
ButchCassidyandtheSundanceKid,7.4,0,0,0,0,0,0,0,0,0,0,1,0,0,0,0,0,0,0,0,0
MaryPoppins,7.4,0,0,0,1,0,0,0,0,0,0,0,0,0,0,0,0,0,0,0,0
OrdinaryPeople,7.4,0,0,0,0,0,0,1,0,0,0,0,0,0,0,0,0,0,0,0,0
WestSideStory,7.0,0,0,0,0,1,0,0,0,0,0,0,0,0,0,0,0,0,0,0,0
Caddyshack,6.6,0,0,0,1,0,0,0,0,0,0,0,0,0,0,0,0,0,0,0,0
TheBrothers,6.5,0,0,0,1,0,0,0,0,0,0,0,0,0,0,0,0,0,0,0,0
TheWood,7.1,0,0,0,1,0,0,0,0,0,0,0,0,0,0,0,0,0,0,0,0
TheUsualSuspects,8.1,0,0,0,0,0,0,1,0,0,0,0,0,0,0,0,0,0,0,0,0
ANightmareonElmStreet5TheDreamChild,5.5,0,0,0,0,0,0,0,0,0,0,0,1,0,0,0,0,0,0,0,0
NationalLampoonsVanWilder,5.9,0,0,0,1,0,0,0,0,0,0,0,0,0,0,0,0,0,0,0,0
TheWrestler,7.3,0,0,0,0,0,0,1,0,0,0,0,0,0,0,0,0,0,0,0,0
DuelintheSun,6.2,0,0,0,0,0,0,0,0,0,0,0,0,0,0,0,0,0,0,0,1
BestinShow,6.7,0,0,0,1,0,0,0,0,0,0,0,0,0,0,0,0,0,0,0,0
EscapefromNewYork,6.9,0,0,0,0,0,0,0,0,0,0,0,0,0,0,0,1,0,0,0,0
SchoolDaze,6.2,0,0,0,1,0,0,0,0,0,0,0,0,0,0,0,0,0,0,0,0
DaddyDayCamp,4.4,0,0,0,1,0,0,0,0,0,0,0,0,0,0,0,0,0,0,0,0
MrNiceGuy,6.3,0,0,0,0,1,0,0,0,0,0,0,0,0,0,0,0,0,0,0,0
AMightyWind,6.6,0,0,0,1,0,0,0,0,0,0,0,0,0,0,0,0,0,0,0,0
MysticPizza,5.9,0,0,0,1,0,0,0,0,0,0,0,0,0,0,0,0,0,0,0,0
SlidingDoors,6.5,0,0,0,1,0,0,0,0,0,0,0,0,0,0,0,0,0,0,0,0
TalesfromtheHood,5.4,0,0,0,0,1,0,0,0,0,0,0,0,0,0,0,0,0,0,0,0
TheLastKingofScotland,7.4,0,0,0,0,0,0,1,0,0,0,0,0,0,0,0,0,0,0,0,0
Halloween5TheRevengeofMichaelMyers,5.2,0,0,0,0,0,0,0,0,0,0,0,1,0,0,0,0,0,0,0,0
Bernie,6.5,0,0,0,1,0,0,0,0,0,0,0,0,0,0,0,0,0,0,0,0
DolphinsandWhalesTribesoftheOcean,8.0,0,0,0,0,0,1,0,0,0,0,0,0,0,0,0,0,0,0,0,0
Pollock,6.6,0,0,0,0,0,0,1,0,0,0,0,0,0,0,0,0,0,0,0,0
200Cigarettes,6.1,0,0,0,1,0,0,0,0,0,0,0,0,0,0,0,0,0,0,0,0
TheWords,6.4,0,0,0,0,0,0,1,0,0,0,0,0,0,0,0,0,0,0,0,0
CasaDeMiPadre,5.5,0,0,0,1,0,0,0,0,0,0,0,0,0,0,0,0,0,0,0,0
CityIsland,6.9,0,0,0,0,0,0,1,0,0,0,0,0,0,0,0,0,0,0,0,0
TheGuard,6.8,1,0,0,0,0,0,0,0,0,0,0,0,0,0,0,0,0,0,0,0
College,4.8,0,0,0,1,0,0,0,0,0,0,0,0,0,0,0,0,0,0,0,0
TheVirginSuicides,7.1,0,0,0,0,0,0,1,0,0,0,0,0,0,0,0,0,0,0,0,0
LittleVoice,6.6,0,0,0,1,0,0,0,0,0,0,0,0,0,0,0,0,0,0,0,0
MissMarch,5.4,0,0,0,1,0,0,0,0,0,0,0,0,0,0,0,0,0,0,0,0
WishIWasHere,6.4,0,0,0,0,0,0,1,0,0,0,0,0,0,0,0,0,0,0,0,0
SimplyIrresistible,5.5,0,0,0,1,0,0,0,0,0,0,0,0,0,0,0,0,0,0,0,0
HedwigandtheAngryInch,7.4,0,0,0,1,0,0,0,0,0,0,0,0,0,0,0,0,0,0,0,0
OnlytheStrong,6.9,1,0,0,0,0,0,0,0,0,0,0,0,0,0,0,0,0,0,0,0
GoddessofLove,6.2,0,0,0,0,0,0,0,0,0,0,0,0,0,1,0,0,0,0,0,0
ShatteredGlass,6.6,0,0,0,0,0,0,1,0,0,0,0,0,0,0,0,0,0,0,0,0
Novocaine,6.0,0,0,0,1,0,0,0,0,0,0,0,0,0,0,0,0,0,0,0,0
TheBusinessofStrangers,5.7,0,0,0,0,0,0,1,0,0,0,0,0,0,0,0,0,0,0,0,0
TheWildBunch,7.6,0,1,0,0,0,0,0,0,0,0,0,0,0,0,0,0,0,0,0,0
TheWackness,6.2,0,0,0,0,0,0,1,0,0,0,0,0,0,0,0,0,0,0,0,0
TheFirstGreatTrainRobbery,6.6,0,0,0,0,0,0,0,0,0,0,0,0,0,0,0,0,0,1,0,0
MorvernCallar,7.2,0,0,0,0,0,0,1,0,0,0,0,0,0,0,0,0,0,0,0,0
Beastmaster2ThroughthePortalofTime,4.6,1,0,0,0,0,0,0,0,0,0,0,0,0,0,0,0,0,0,0,0
The5thQuarter,4.7,0,0,0,0,0,0,1,0,0,0,0,0,0,0,0,0,0,0,0,0
TheFlowerofEvil,5.7,0,0,0,0,0,0,1,0,0,0,0,0,0,0,0,0,0,0,0,0
TheGreatest,6.2,0,0,0,0,0,0,1,0,0,0,0,0,0,0,0,0,0,0,0,0
SnowFlowerandtheSecretFan,5.3,0,0,0,0,0,0,1,0,0,0,0,0,0,0,0,0,0,0,0,0
ComeEarlyMorning,5.9,0,0,0,0,0,0,1,0,0,0,0,0,0,0,0,0,0,0,0,0
LuckyBreak,6.5,1,0,0,0,0,0,0,0,0,0,0,0,0,0,0,0,0,0,0,0
Julia,6.3,0,0,0,0,0,0,1,0,0,0,0,0,0,0,0,0,0,0,0,0
SurferDude,4.7,0,0,0,1,0,0,0,0,0,0,0,0,0,0,0,0,0,0,0,0
LakeofFire,8.0,0,0,0,0,0,1,0,0,0,0,0,0,0,0,0,0,0,0,0,0
1114,6.8,0,0,0,0,1,0,0,0,0,0,0,0,0,0,0,0,0,0,0,0
MenofWar,5.4,1,0,0,0,0,0,0,0,0,0,0,0,0,0,0,0,0,0,0,0
DonMcKay,5.4,0,0,0,0,1,0,0,0,0,0,0,0,0,0,0,0,0,0,0,0
Deadfall,5.6,0,0,0,0,1,0,0,0,0,0,0,0,0,0,0,0,0,0,0,0
AShineofRainbows,6.3,0,0,0,0,0,0,1,0,0,0,0,0,0,0,0,0,0,0,0,0
TheHitList,5.2,1,0,0,0,0,0,0,0,0,0,0,0,0,0,0,0,0,0,0,0
Emma,7.6,0,0,0,0,0,0,0,0,0,0,0,0,0,0,1,0,0,0,0,0
Videodrome,7.1,0,0,0,0,0,0,0,0,0,0,0,1,0,0,0,0,0,0,0,0
TheSpanishApartment,7.0,0,0,0,0,0,0,1,0,0,0,0,0,0,0,0,0,0,0,0,0
SongOne,5.5,0,0,0,0,0,0,1,0,0,0,0,0,0,0,0,0,0,0,0,0
WinterinWartime,6.8,0,0,0,0,0,0,1,0,0,0,0,0,0,0,0,0,0,0,0,0
FreakyDeaky,4.9,0,0,0,1,0,0,0,0,0,0,0,0,0,0,0,0,0,0,0,0
TheTrain,7.2,1,0,0,0,0,0,0,0,0,0,0,0,0,0,0,0,0,0,0,0
TradeOfInnocents,5.5,0,0,0,0,0,0,1,0,0,0,0,0,0,0,0,0,0,0,0,0
TheProtector,6.8,1,0,0,0,0,0,0,0,0,0,0,0,0,0,0,0,0,0,0,0
StiffUpperLips,10.0,0,0,0,1,0,0,0,0,0,0,0,0,0,0,0,0,0,0,0,0
BendItLikeBeckham,6.2,0,0,0,1,0,0,0,0,0,0,0,0,0,0,0,0,0,0,0,0
SunshineState,6.0,0,0,0,0,0,0,1,0,0,0,0,0,0,0,0,0,0,0,0,0
Crossover,4.2,1,0,0,0,0,0,0,0,0,0,0,0,0,0,0,0,0,0,0,0
Khiladi786,4.7,1,0,0,0,0,0,0,0,0,0,0,0,0,0,0,0,0,0,0,0
REC²,6.4,0,0,0,0,0,0,0,0,0,0,0,0,0,0,0,0,0,1,0,0
StandingOvation,3.9,0,0,0,1,0,0,0,0,0,0,0,0,0,0,0,0,0,0,0,0
TheSting,7.9,0,0,0,1,0,0,0,0,0,0,0,0,0,0,0,0,0,0,0,0
ChariotsofFire,6.8,0,0,0,0,0,0,1,0,0,0,0,0,0,0,0,0,0,0,0,0
DiaryofaMadBlackWoman,6.4,0,0,0,1,0,0,0,0,0,0,0,0,0,0,0,0,0,0,0,0
Shine,7.3,0,0,0,0,0,0,1,0,0,0,0,0,0,0,0,0,0,0,0,0
DonJon,5.9,0,0,0,0,0,0,0,0,0,0,0,0,0,0,1,0,0,0,0,0
HighPlainsDrifter,7.4,0,0,0,0,0,0,0,0,0,0,0,0,0,0,0,0,0,0,0,1
GhostWorld,7.1,0,0,0,1,0,0,0,0,0,0,0,0,0,0,0,0,0,0,0,0
Iris,6.2,0,0,0,0,0,0,1,0,0,0,0,0,0,0,0,0,0,0,0,0
Galaxina,3.3,0,0,0,1,0,0,0,0,0,0,0,0,0,0,0,0,0,0,0,0
TheChorus,7.5,0,0,0,0,0,0,1,0,0,0,0,0,0,0,0,0,0,0,0,0
MamboItaliano,5.6,0,0,0,1,0,0,0,0,0,0,0,0,0,0,0,0,0,0,0,0
Wonderland,6.2,0,0,0,0,1,0,0,0,0,0,0,0,0,0,0,0,0,0,0,0
DotheRightThing,7.6,0,0,0,0,0,0,1,0,0,0,0,0,0,0,0,0,0,0,0,0
HarvardMan,4.8,0,0,0,0,0,0,1,0,0,0,0,0,0,0,0,0,0,0,0,0
LeHavre,6.8,0,0,0,0,0,0,1,0,0,0,0,0,0,0,0,0,0,0,0,0
Irreversible,7.1,0,0,0,0,0,0,1,0,0,0,0,0,0,0,0,0,0,0,0,0
R100,5.4,0,0,0,1,0,0,0,0,0,0,0,0,0,0,0,0,0,0,0,0
RangDeBasanti,7.2,0,0,0,0,0,0,1,0,0,0,0,0,0,0,0,0,0,0,0,0
Animals,6.2,0,0,0,0,0,0,1,0,0,0,0,0,0,0,0,0,0,0,0,0
SalvationBoulevard,5.6,0,0,0,1,0,0,0,0,0,0,0,0,0,0,0,0,0,0,0,0
TheTen,4.9,0,0,0,1,0,0,0,0,0,0,0,0,0,0,0,0,0,0,0,0
ARoomforRomeoBrass,7.3,0,0,0,0,0,0,1,0,0,0,0,0,0,0,0,0,0,0,0,0
Headhunters,7.1,0,0,0,0,0,0,0,0,0,0,0,0,0,0,0,0,0,1,0,0
Grabbers,6.0,0,0,0,0,0,0,0,0,0,0,0,0,0,0,0,1,0,0,0,0
SaintRalph,7.3,0,0,0,1,0,0,0,0,0,0,0,0,0,0,0,0,0,0,0,0
MissJulie,5.9,0,0,0,0,0,0,1,0,0,0,0,0,0,0,0,0,0,0,0,0
SomewhereinTime,7.2,0,0,0,0,0,0,0,0,0,0,0,0,0,0,0,1,0,0,0,0
DumMaaroDum,5.4,0,0,0,0,0,0,1,0,0,0,0,0,0,0,0,0,0,0,0,0
InsidiousChapter2,6.5,0,0,0,0,0,0,0,0,0,0,0,1,0,0,0,0,0,0,0,0
SawII,6.3,0,0,0,0,0,0,0,0,0,0,0,1,0,0,0,0,0,0,0,0
10CloverfieldLane,6.8,0,0,0,0,0,0,0,0,0,0,0,0,0,0,0,0,0,1,0,0
JackassTheMovie,6.1,0,0,0,0,0,1,0,0,0,0,0,0,0,0,0,0,0,0,0,0
LightsOut,6.3,0,0,0,0,0,0,0,0,0,0,0,1,0,0,0,0,0,0,0,0
ParanormalActivity3,5.9,0,0,0,0,0,0,0,0,0,0,0,1,0,0,0,0,0,0,0,0
Ouija,4.9,0,0,0,0,0,0,0,0,0,0,0,1,0,0,0,0,0,0,0,0
ANightmareonElmStreet3DreamWarriors,6.5,0,0,0,0,0,0,0,0,0,0,0,1,0,0,0,0,0,0,0,0
InstructionsNotIncluded,7.5,0,0,0,1,0,0,0,0,0,0,0,0,0,0,0,0,0,0,0,0
ParanormalActivity4,5.2,0,0,0,0,0,0,0,0,0,0,0,1,0,0,0,0,0,0,0,0
TheRobe,6.4,0,0,0,0,0,0,1,0,0,0,0,0,0,0,0,0,0,0,0,0
TheReturnofthePinkPanther,6.7,0,0,0,1,0,0,0,0,0,0,0,0,0,0,0,0,0,0,0,0
FreddysDeadTheFinalNightmare,5.1,0,0,0,0,0,0,0,0,0,0,0,1,0,0,0,0,0,0,0,0
Monster,7.0,0,0,0,0,1,0,0,0,0,0,0,0,0,0,0,0,0,0,0,0
20000LeaguesUndertheSea,6.8,0,1,0,0,0,0,0,0,0,0,0,0,0,0,0,0,0,0,0,0
ParanormalActivityTheMarkedOnes,5.2,0,0,0,0,0,0,0,0,0,0,0,1,0,0,0,0,0,0,0,0
TheElephantMan,7.9,0,0,0,0,0,0,1,0,0,0,0,0,0,0,0,0,0,0,0,0
DallasBuyersClub,7.9,0,0,0,0,0,0,1,0,0,0,0,0,0,0,0,0,0,0,0,0
TheLazarusEffect,5.1,0,0,0,0,0,0,0,0,0,0,0,0,0,0,0,0,0,1,0,0
Memento,8.1,0,0,0,0,0,0,0,0,0,0,0,0,0,1,0,0,0,0,0,0
Oculus,6.3,0,0,0,0,0,0,0,0,0,0,0,1,0,0,0,0,0,0,0,0
ClerksII,6.9,0,0,0,1,0,0,0,0,0,0,0,0,0,0,0,0,0,0,0,0
BillyElliot,7.4,0,0,0,0,0,0,1,0,0,0,0,0,0,0,0,0,0,0,0,0
TheWayWayBack,7.1,0,0,0,1,0,0,0,0,0,0,0,0,0,0,0,0,0,0,0,0
HouseParty2,4.7,0,0,0,1,0,0,0,0,0,0,0,0,0,0,0,0,0,0,0,0
TheManfromSnowyRiver,6.8,0,0,0,0,0,0,0,1,0,0,0,0,0,0,0,0,0,0,0,0
Dougs1stMovie,5.4,0,0,1,0,0,0,0,0,0,0,0,0,0,0,0,0,0,0,0,0
TheApostle,6.1,0,0,0,0,0,0,1,0,0,0,0,0,0,0,0,0,0,0,0,0
MommieDearest,6.5,0,0,0,0,0,0,1,0,0,0,0,0,0,0,0,0,0,0,0,0
OurIdiotBrother,5.9,0,0,0,1,0,0,0,0,0,0,0,0,0,0,0,0,0,0,0,0
Race,7.1,1,0,0,0,0,0,0,0,0,0,0,0,0,0,0,0,0,0,0,0
ThePlayersClub,6.4,0,0,0,0,0,0,1,0,0,0,0,0,0,0,0,0,0,0,0,0
AsAboveSoBelow,6.1,0,0,0,0,0,0,0,0,0,0,0,1,0,0,0,0,0,0,0,0
Addicted,5.4,0,0,0,0,0,0,1,0,0,0,0,0,0,0,0,0,0,0,0,0
EvesBayou,6.1,0,0,0,0,0,0,1,0,0,0,0,0,0,0,0,0,0,0,0,0
StillAlice,7.5,0,0,0,0,0,0,1,0,0,0,0,0,0,0,0,0,0,0,0,0
TheEgyptian,6.0,0,0,0,0,0,0,0,0,0,0,1,0,0,0,0,0,0,0,0,0
Nighthawks,6.4,1,0,0,0,0,0,0,0,0,0,0,0,0,0,0,0,0,0,0,0
Fridaythe13thPartVIIIJasonTakesManhattan,4.8,0,0,0,0,0,0,0,0,0,0,0,1,0,0,0,0,0,0,0,0
MyBigFatGreekWedding,6.2,0,0,0,1,0,0,0,0,0,0,0,0,0,0,0,0,0,0,0,0
SpringBreakers,5.0,0,0,0,0,0,0,1,0,0,0,0,0,0,0,0,0,0,0,0,0
HalloweenTheCurseofMichaelMyers,5.0,0,0,0,0,0,0,0,0,0,0,0,1,0,0,0,0,0,0,0,0
YTuMamáTambién,7.3,0,0,0,0,0,0,1,0,0,0,0,0,0,0,0,0,0,0,0,0
ShaunoftheDead,7.5,0,0,0,0,0,0,0,0,0,0,0,1,0,0,0,0,0,0,0,0
TheHauntingofMollyHartley,4.3,0,0,0,0,0,0,1,0,0,0,0,0,0,0,0,0,0,0,0,0
LoneStar,6.9,0,0,0,0,0,0,1,0,0,0,0,0,0,0,0,0,0,0,0,0
Halloween4TheReturnofMichaelMyers,5.9,0,0,0,0,0,0,0,0,0,0,0,1,0,0,0,0,0,0,0,0
AprilFoolsDay,5.8,0,0,0,0,0,0,0,0,0,0,0,1,0,0,0,0,0,0,0,0
Diner,6.9,0,0,0,1,0,0,0,0,0,0,0,0,0,0,0,0,0,0,0,0
LoneWolfMcQuade,5.5,1,0,0,0,0,0,0,0,0,0,0,0,0,0,0,0,0,0,0,0
Apollo18,5.0,0,0,0,0,0,0,0,0,0,0,0,1,0,0,0,0,0,0,0,0
SunshineCleaning,6.5,0,0,0,1,0,0,0,0,0,0,0,0,0,0,0,0,0,0,0,0
NoEscape,6.7,1,0,0,0,0,0,0,0,0,0,0,0,0,0,0,0,0,0,0,0
TheBeastmaster,6.0,1,0,0,0,0,0,0,0,0,0,0,0,0,0,0,0,0,0,0,0
SolomonandSheba,5.4,0,0,0,0,0,0,1,0,0,0,0,0,0,0,0,0,0,0,0,0
FiftyShadesofBlack,4.3,0,0,0,0,0,0,0,0,0,0,0,0,0,0,1,0,0,0,0,0
NotEasilyBroken,6.3,0,0,0,0,0,0,1,0,0,0,0,0,0,0,0,0,0,0,0,0
AFarewelltoArms,6.2,0,0,0,0,0,0,1,0,0,0,0,0,0,0,0,0,0,0,0,0
ThePerfectMatch,5.2,0,0,0,1,0,0,0,0,0,0,0,0,0,0,0,0,0,0,0,0
DigimonTheMovie,6.2,0,0,0,0,0,0,0,0,1,0,0,0,0,0,0,0,0,0,0,0
Saved,6.3,0,0,0,1,0,0,0,0,0,0,0,0,0,0,0,0,0,0,0,0
TheBarbarianInvasions,6.7,0,0,0,1,0,0,0,0,0,0,0,0,0,0,0,0,0,0,0,0
RobinandMarian,6.6,1,0,0,0,0,0,0,0,0,0,0,0,0,0,0,0,0,0,0,0
TheForsaken,4.9,1,0,0,0,0,0,0,0,0,0,0,0,0,0,0,0,0,0,0,0
Force10fromNavarone,6.4,1,0,0,0,0,0,0,0,0,0,0,0,0,0,0,0,0,0,0,0
UHF,6.7,0,0,0,1,0,0,0,0,0,0,0,0,0,0,0,0,0,0,0,0
GrandmasBoy,6.6,0,0,0,1,0,0,0,0,0,0,0,0,0,0,0,0,0,0,0,0
SlumsofBeverlyHills,6.5,0,0,0,1,0,0,0,0,0,0,0,0,0,0,0,0,0,0,0,0
OnceUponaTimeintheWest,8.1,0,0,0,0,0,0,0,0,0,0,0,0,0,0,0,0,0,0,0,1
Made,6.3,1,0,0,0,0,0,0,0,0,0,0,0,0,0,0,0,0,0,0,0
Moon,7.6,0,0,0,0,0,0,0,0,0,0,0,0,0,0,0,1,0,0,0,0
KeepingUpwiththeSteins,5.2,0,0,0,1,0,0,0,0,0,0,0,0,0,0,0,0,0,0,0,0
SeaRex3DJourneytoaPrehistoricWorld,5.9,0,0,0,0,0,1,0,0,0,0,0,0,0,0,0,0,0,0,0,0
TheSweetHereafter,6.8,0,0,0,0,0,0,1,0,0,0,0,0,0,0,0,0,0,0,0,0
OfGodsandMen,6.5,0,0,0,0,0,0,1,0,0,0,0,0,0,0,0,0,0,0,0,0
BottleShock,6.6,0,0,0,1,0,0,0,0,0,0,0,0,0,0,0,0,0,0,0,0
JekyllandHydeTogetherAgain,4.6,0,0,0,1,0,0,0,0,0,0,0,0,0,0,0,0,0,0,0,0
HeavenlyCreatures,7.0,0,0,0,0,0,0,1,0,0,0,0,0,0,0,0,0,0,0,0,0
90MinutesinHeaven,5.4,0,0,0,0,0,0,1,0,0,0,0,0,0,0,0,0,0,0,0,0
EverythingMustGo,6.0,0,0,0,1,0,0,0,0,0,0,0,0,0,0,0,0,0,0,0,0
ZeroEffect,6.0,0,0,0,1,0,0,0,0,0,0,0,0,0,0,0,0,0,0,0,0
TheMachinist,7.3,0,0,0,0,0,0,0,0,0,0,0,0,0,0,0,0,0,1,0,0
LightSleeper,5.7,0,0,0,0,0,0,1,0,0,0,0,0,0,0,0,0,0,0,0,0
KilltheMessenger,6.6,0,0,0,0,0,0,0,0,0,0,0,0,0,0,0,0,0,1,0,0
RabbitHole,6.9,0,0,0,0,0,0,1,0,0,0,0,0,0,0,0,0,0,0,0,0
PartyMonster,5.9,0,0,0,1,0,0,0,0,0,0,0,0,0,0,0,0,0,0,0,0
GreenRoom,6.7,0,0,0,0,0,0,0,0,0,0,0,1,0,0,0,0,0,0,0,0
TheOhinOhio,5.8,0,0,0,1,0,0,0,0,0,0,0,0,0,0,0,0,0,0,0,0
AtlasShruggedPartIIIWhoisJohnGalt,3.9,0,0,0,0,0,0,1,0,0,0,0,0,0,0,0,0,0,0,0,0
BottleRocket,6.8,0,0,0,1,0,0,0,0,0,0,0,0,0,0,0,0,0,0,0,0
AlbinoAlligator,5.6,0,0,0,0,1,0,0,0,0,0,0,0,0,0,0,0,0,0,0,0
GandhiMyFather,6.0,0,0,0,0,0,0,1,0,0,0,0,0,0,0,0,0,0,0,0,0
StandardOperatingProcedure,6.6,0,0,0,0,0,1,0,0,0,0,0,0,0,0,0,0,0,0,0,0
OutoftheBlue,6.5,0,0,0,0,0,0,1,0,0,0,0,0,0,0,0,0,0,0,0,0
TuckerandDalevsEvil,7.3,0,0,0,1,0,0,0,0,0,0,0,0,0,0,0,0,0,0,0,0
LovelyStill,6.2,0,0,0,0,0,0,1,0,0,0,0,0,0,0,0,0,0,0,0,0
Tycoon,6.6,1,0,0,0,0,0,0,0,0,0,0,0,0,0,0,0,0,0,0,0
DesertBlue,5.5,0,0,0,1,0,0,0,0,0,0,0,0,0,0,0,0,0,0,0,0
Decoys,4.7,0,0,0,0,0,0,0,0,0,0,0,1,0,0,0,0,0,0,0,0
TheVisit,6.0,0,0,0,0,0,0,0,0,0,0,0,1,0,0,0,0,0,0,0,0
Redacted,6.2,0,0,0,0,0,0,1,0,0,0,0,0,0,0,0,0,0,0,0,0
Fascination,3.8,0,0,0,0,0,0,0,0,0,0,0,0,0,0,1,0,0,0,0,0
Area51,4.2,0,0,0,0,0,0,0,0,0,0,0,1,0,0,0,0,0,0,0,0
SleepTight,7.0,0,0,0,0,0,0,0,0,0,0,0,0,0,0,0,0,0,1,0,0
TheCottage,6.3,0,0,0,0,0,0,0,0,0,0,0,1,0,0,0,0,0,0,0,0
DeadLikeMeLifeAfterDeath,5.8,0,0,0,0,0,0,1,0,0,0,0,0,0,0,0,0,0,0,0,0
FarceofthePenguins,3.2,0,0,0,1,0,0,0,0,0,0,0,0,0,0,0,0,0,0,0,0
FlyingBy,7.0,0,0,0,0,0,0,1,0,0,0,0,0,0,0,0,0,0,0,0,0
Rudderless,7.4,0,0,0,0,0,0,0,0,0,0,0,0,1,0,0,0,0,0,0,0
HenryMe,3.0,0,0,0,0,0,0,0,1,0,0,0,0,0,0,0,0,0,0,0,0
ChristmasEve,6.1,0,0,0,0,0,0,0,0,0,0,0,0,0,0,1,0,0,0,0,0
WeHaveYourHusband,5.0,0,0,0,0,0,0,0,0,0,0,0,0,0,0,0,0,1,0,0,0
DyingoftheLight,4.5,0,0,0,0,0,0,0,0,0,0,0,0,0,0,0,0,0,1,0,0
BornOfWar,4.1,1,0,0,0,0,0,0,0,0,0,0,0,0,0,0,0,0,0,0,0
CapricornOne,6.4,0,0,0,0,0,0,1,0,0,0,0,0,0,0,0,0,0,0,0,0
ShouldveBeenRomeo,0.0,0,0,0,1,0,0,0,0,0,0,0,0,0,0,0,0,0,0,0,0
RunningForever,0.0,0,0,0,0,0,0,0,1,0,0,0,0,0,0,0,0,0,0,0,0
YogaHosers,4.7,0,0,0,1,0,0,0,0,0,0,0,0,0,0,0,0,0,0,0,0
NavySealsvsZombies,3.5,0,0,0,0,0,0,0,0,0,0,0,1,0,0,0,0,0,0,0,0
IServedtheKingofEngland,7.0,0,0,0,1,0,0,0,0,0,0,0,0,0,0,0,0,0,0,0,0
SoulKitchen,7.1,0,0,0,0,0,0,1,0,0,0,0,0,0,0,0,0,0,0,0,0
SlingBlade,7.4,0,0,0,0,0,0,1,0,0,0,0,0,0,0,0,0,0,0,0,0
TheAwakening,6.3,0,0,0,0,0,0,0,0,0,0,0,1,0,0,0,0,0,0,0,0
Hostel,5.7,0,0,0,0,0,0,0,0,0,0,0,1,0,0,0,0,0,0,0,0
ACockandBullStory,6.2,0,0,0,1,0,0,0,0,0,0,0,0,0,0,0,0,0,0,0,0
TakeShelter,7.1,0,0,0,0,0,0,0,0,0,0,0,0,0,0,0,0,0,1,0,0
LadyinWhite,6.3,0,0,0,0,0,0,0,0,0,0,0,1,0,0,0,0,0,0,0,0
DrivingLessons,6.3,0,0,0,0,0,0,1,0,0,0,0,0,0,0,0,0,0,0,0,0
LetsKillWardsWife,5.5,0,0,0,1,0,0,0,0,0,0,0,0,0,0,0,0,0,0,0,0
TheTexasChainsawMassacre2,5.9,0,0,0,0,0,0,0,0,0,0,0,1,0,0,0,0,0,0,0,0
PatGarrettBillytheKid,7.2,0,0,0,0,0,0,0,0,0,0,0,0,0,0,0,0,0,0,0,1
OnlyGodForgives,5.6,0,0,0,0,0,0,1,0,0,0,0,0,0,0,0,0,0,0,0,0
CampingSauvage,4.8,0,0,0,0,0,0,1,0,0,0,0,0,0,0,0,0,0,0,0,0
WithoutMen,4.6,0,0,0,1,0,0,0,0,0,0,0,0,0,0,0,0,0,0,0,0
DearFrankie,7.0,0,0,0,0,0,0,1,0,0,0,0,0,0,0,0,0,0,0,0,0
AllHat,1.0,1,0,0,0,0,0,0,0,0,0,0,0,0,0,0,0,0,0,0,0
TheNamesofLove,7.3,0,0,0,0,0,0,1,0,0,0,0,0,0,0,0,0,0,0,0,0
TreadingWater,5.6,0,0,0,0,0,0,1,0,0,0,0,0,0,0,0,0,0,0,0,0
SavageGrace,5.7,0,0,0,0,0,0,1,0,0,0,0,0,0,0,0,0,0,0,0,0
OutoftheBlue,5.9,0,0,0,0,0,0,1,0,0,0,0,0,0,0,0,0,0,0,0,0
PoliceAcademy,6.5,0,0,0,1,0,0,0,0,0,0,0,0,0,0,0,0,0,0,0,0
TheBlueLagoon,5.8,0,0,0,0,0,0,0,0,0,0,0,0,0,0,1,0,0,0,0,0
FourWeddingsandaFuneral,6.6,0,0,0,1,0,0,0,0,0,0,0,0,0,0,0,0,0,0,0,0
FastTimesatRidgemontHigh,7.0,0,0,0,1,0,0,0,0,0,0,0,0,0,0,0,0,0,0,0,0
MobyDick,6.9,0,1,0,0,0,0,0,0,0,0,0,0,0,0,0,0,0,0,0,0
25thHour,7.2,0,0,0,0,1,0,0,0,0,0,0,0,0,0,0,0,0,0,0,0
Bound,6.9,0,0,0,0,1,0,0,0,0,0,0,0,0,0,0,0,0,0,0,0
RequiemforaDream,7.9,0,0,0,0,1,0,0,0,0,0,0,0,0,0,0,0,0,0,0,0
StateFair,6.2,0,0,0,0,0,0,0,0,0,0,0,0,1,0,0,0,0,0,0,0
Tango,6.8,0,0,0,0,0,0,1,0,0,0,0,0,0,0,0,0,0,0,0,0
Salvador,7.0,0,0,0,0,0,0,1,0,0,0,0,0,0,0,0,0,0,0,0,0
MomsNightOut,5.5,0,0,0,1,0,0,0,0,0,0,0,0,0,0,0,0,0,0,0,0
DonnieDarko,7.7,0,0,0,0,0,0,0,0,1,0,0,0,0,0,0,0,0,0,0,0
SavingPrivatePerez,6.1,1,0,0,0,0,0,0,0,0,0,0,0,0,0,0,0,0,0,0,0
Character,7.7,0,0,0,0,0,0,1,0,0,0,0,0,0,0,0,0,0,0,0,0
Spun,6.6,0,0,0,1,0,0,0,0,0,0,0,0,0,0,0,0,0,0,0,0
LifeDuringWartime,6.3,0,0,0,1,0,0,0,0,0,0,0,0,0,0,0,0,0,0,0,0
SympathyforLadyVengeance,7.4,0,0,0,0,0,0,1,0,0,0,0,0,0,0,0,0,0,0,0,0
MozartsSister,6.2,0,0,0,0,0,0,1,0,0,0,0,0,0,0,0,0,0,0,0,0
MeanMachine,6.0,0,0,0,1,0,0,0,0,0,0,0,0,0,0,0,0,0,0,0,0
Exiled,7.0,1,0,0,0,0,0,0,0,0,0,0,0,0,0,0,0,0,0,0,0
Blackthorn,6.6,0,1,0,0,0,0,0,0,0,0,0,0,0,0,0,0,0,0,0,0
Lilya4ever,7.7,0,0,0,0,1,0,0,0,0,0,0,0,0,0,0,0,0,0,0,0
AfterLife,5.4,0,0,0,0,0,0,1,0,0,0,0,0,0,0,0,0,0,0,0,0
Fugly,5.3,0,0,0,1,0,0,0,0,0,0,0,0,0,0,0,0,0,0,0,0
OneFlewOvertheCuckoosNest,8.2,0,0,0,0,0,0,1,0,0,0,0,0,0,0,0,0,0,0,0,0
RLStinesMonstervilleTheCabinetofSouls,6.9,0,0,0,1,0,0,0,0,0,0,0,0,0,0,0,0,0,0,0,0
SilentMovie,6.7,0,0,0,1,0,0,0,0,0,0,0,0,0,0,0,0,0,0,0,0
Airlift,7.3,0,0,0,0,0,0,0,0,0,0,0,0,0,0,0,0,0,1,0,0
AnneofGreenGables,8.2,0,0,0,0,0,0,1,0,0,0,0,0,0,0,0,0,0,0,0,0
FalconRising,5.5,0,1,0,0,0,0,0,0,0,0,0,0,0,0,0,0,0,0,0,0
TheSweeney,5.7,1,0,0,0,0,0,0,0,0,0,0,0,0,0,0,0,0,0,0,0
SexyBeast,7.0,0,0,0,0,1,0,0,0,0,0,0,0,0,0,0,0,0,0,0,0
EasyMoney,6.5,0,0,0,0,0,0,1,0,0,0,0,0,0,0,0,0,0,0,0,0
WhaleRider,7.1,0,0,0,0,0,0,1,0,0,0,0,0,0,0,0,0,0,0,0,0
Paa,6.6,0,0,0,0,0,0,1,0,0,0,0,0,0,0,0,0,0,0,0,0
Cargo,5.9,0,0,0,0,0,0,0,0,0,0,0,0,0,0,0,0,0,1,0,0
HighSchoolMusical,6.1,0,0,0,1,0,0,0,0,0,0,0,0,0,0,0,0,0,0,0,0
LoveandDeathonLongIsland,6.9,0,0,0,0,0,0,1,0,0,0,0,0,0,0,0,0,0,0,0,0
NightWatch,6.3,0,0,0,0,0,0,0,0,1,0,0,0,0,0,0,0,0,0,0,0
TheCryingGame,6.9,0,0,0,0,0,0,0,0,0,0,0,0,0,0,1,0,0,0,0,0
Porkys,6.1,0,0,0,1,0,0,0,0,0,0,0,0,0,0,0,0,0,0,0,0
SurvivaloftheDead,4.6,0,0,0,0,0,0,0,0,0,0,0,1,0,0,0,0,0,0,0,0
NightoftheLivingDead,7.5,0,0,0,0,0,0,0,0,0,0,0,1,0,0,0,0,0,0,0,0
LostinTranslation,7.3,0,0,0,0,0,0,1,0,0,0,0,0,0,0,0,0,0,0,0,0
AnnieHall,7.8,0,0,0,1,0,0,0,0,0,0,0,0,0,0,0,0,0,0,0,0
TheGreatestShowonEarth,6.6,1,0,0,0,0,0,0,0,0,0,0,0,0,0,0,0,0,0,0,0
MonstersBall,6.5,0,0,0,0,0,0,1,0,0,0,0,0,0,0,0,0,0,0,0,0
Maggie,5.2,0,0,0,0,0,0,0,0,0,0,0,1,0,0,0,0,0,0,0,0
LeavingLasVegas,7.1,0,0,0,0,0,0,1,0,0,0,0,0,0,0,0,0,0,0,0,0
HanselandGretelGetBaked,4.8,0,0,0,0,0,0,0,0,0,0,0,1,0,0,0,0,0,0,0,0
TheFrontPage,6.9,0,0,0,0,0,0,0,0,0,0,0,0,0,0,1,0,0,0,0,0
TheBoyNextDoor,4.1,0,0,0,0,0,0,0,0,0,0,0,0,0,0,0,0,0,1,0,0
Trapeze,6.4,0,0,0,0,0,0,1,0,0,0,0,0,0,0,0,0,0,0,0,0
TheKidsAreAllRight,6.5,0,0,0,1,0,0,0,0,0,0,0,0,0,0,0,0,0,0,0,0
TheyLive,7.1,1,0,0,0,0,0,0,0,0,0,0,0,0,0,0,0,0,0,0,0
TheGreatEscape,7.8,0,1,0,0,0,0,0,0,0,0,0,0,0,0,0,0,0,0,0,0
WhattheDoWeKnow,5.8,0,0,0,0,0,1,0,0,0,0,0,0,0,0,0,0,0,0,0,0
TheLastExorcismPartII,4.4,0,0,0,0,0,0,0,0,0,0,0,1,0,0,0,0,0,0,0,0
Boyhood,7.5,0,0,0,0,0,0,1,0,0,0,0,0,0,0,0,0,0,0,0,0
Scoop,6.4,0,0,0,1,0,0,0,0,0,0,0,0,0,0,0,0,0,0,0,0
TheWash,5.3,1,0,0,0,0,0,0,0,0,0,0,0,0,0,0,0,0,0,0,0
3Strikes,5.9,1,0,0,0,0,0,0,0,0,0,0,0,0,0,0,0,0,0,0,0
TheCooler,6.7,0,0,0,0,0,0,1,0,0,0,0,0,0,0,0,0,0,0,0,0
TheMisfits,6.8,0,0,0,0,0,0,1,0,0,0,0,0,0,0,0,0,0,0,0,0
TheNightListener,5.5,0,0,0,0,0,0,1,0,0,0,0,0,0,0,0,0,0,0,0,0
TheJerkyBoys,4.8,0,0,0,1,0,0,0,0,0,0,0,0,0,0,0,0,0,0,0,0
TheOrphanage,7.1,0,0,0,0,0,0,0,0,0,0,0,1,0,0,0,0,0,0,0,0
AHauntedHouse2,5.4,0,0,0,1,0,0,0,0,0,0,0,0,0,0,0,0,0,0,0,0
TheRulesofAttraction,6.3,0,0,0,1,0,0,0,0,0,0,0,0,0,0,0,0,0,0,0,0
Topaz,6.1,1,0,0,0,0,0,0,0,0,0,0,0,0,0,0,0,0,0,0,0
LetsGotoPrison,5.5,0,0,0,1,0,0,0,0,0,0,0,0,0,0,0,0,0,0,0,0
FourRooms,6.5,0,0,0,0,1,0,0,0,0,0,0,0,0,0,0,0,0,0,0,0
Secretary,6.7,0,0,0,1,0,0,0,0,0,0,0,0,0,0,0,0,0,0,0,0
TheRealCancun,3.3,0,0,0,0,0,1,0,0,0,0,0,0,0,0,0,0,0,0,0,0
TalkRadio,6.7,0,0,0,0,0,0,1,0,0,0,0,0,0,0,0,0,0,0,0,0
WaitingforGuffman,7.3,0,0,0,0,0,0,0,0,0,0,0,0,1,0,0,0,0,0,0,0
LoveStinks,5.4,0,0,0,1,0,0,0,0,0,0,0,0,0,0,0,0,0,0,0,0
YouKillMe,6.2,0,0,0,1,0,0,0,0,0,0,0,0,0,0,0,0,0,0,0,0
Thumbsucker,6.1,0,0,0,1,0,0,0,0,0,0,0,0,0,0,0,0,0,0,0,0
RedState,5.9,0,0,0,0,0,0,0,0,0,0,0,1,0,0,0,0,0,0,0,0
Mirrormask,6.6,0,0,0,0,0,0,0,0,1,0,0,0,0,0,0,0,0,0,0,0
Samsara,8.0,0,0,0,0,0,0,1,0,0,0,0,0,0,0,0,0,0,0,0,0
TheBarbarians,5.1,0,0,0,0,0,0,0,0,1,0,0,0,0,0,0,0,0,0,0,0
TheArtofGettingBy,6.5,0,0,0,0,0,0,1,0,0,0,0,0,0,0,0,0,0,0,0,0
Zipper,5.5,0,0,0,0,0,0,0,0,0,0,0,0,0,0,0,0,0,1,0,0
PoolhallJunkies,6.5,0,0,0,1,0,0,0,0,0,0,0,0,0,0,0,0,0,0,0,0
TheLossofSexualInnocence,5.2,0,0,0,0,0,0,1,0,0,0,0,0,0,0,0,0,0,0,0,0
HolyMotors,6.9,0,0,0,0,0,0,1,0,0,0,0,0,0,0,0,0,0,0,0,0
Joe,6.5,0,0,0,0,0,0,1,0,0,0,0,0,0,0,0,0,0,0,0,0
ShootingFish,7.0,0,0,0,0,1,0,0,0,0,0,0,0,0,0,0,0,0,0,0,0
Prison,6.7,0,0,0,0,1,0,0,0,0,0,0,0,0,0,0,0,0,0,0,0
PsychoBeachParty,6.0,0,0,0,1,0,0,0,0,0,0,0,0,0,0,0,0,0,0,0,0
TheBigTease,5.8,0,0,0,1,0,0,0,0,0,0,0,0,0,0,0,0,0,0,0,0
GutenTagRamón,8.1,0,0,0,0,0,0,1,0,0,0,0,0,0,0,0,0,0,0,0,0
Trust,6.6,0,0,0,0,1,0,0,0,0,0,0,0,0,0,0,0,0,0,0,0
AnEverlastingPiece,6.0,0,0,0,1,0,0,0,0,0,0,0,0,0,0,0,0,0,0,0,0
AmongGiants,4.5,0,0,0,1,0,0,0,0,0,0,0,0,0,0,0,0,0,0,0,0
Adore,6.1,0,0,0,0,0,0,1,0,0,0,0,0,0,0,0,0,0,0,0,0
TheVelocityofGary,4.2,0,0,0,0,0,0,1,0,0,0,0,0,0,0,0,0,0,0,0,0
MondaysintheSun,7.1,0,0,0,0,0,0,1,0,0,0,0,0,0,0,0,0,0,0,0,0
StakeLand,6.2,0,0,0,0,0,0,1,0,0,0,0,0,0,0,0,0,0,0,0,0
TheLastTimeICommittedSuicide,6.7,0,0,0,0,0,0,1,0,0,0,0,0,0,0,0,0,0,0,0,0
FuturoBeach,6.4,0,0,0,0,0,0,1,0,0,0,0,0,0,0,0,0,0,0,0,0
AnotherHappyDay,6.2,0,0,0,1,0,0,0,0,0,0,0,0,0,0,0,0,0,0,0,0
ALonelyPlacetoDie,6.2,0,1,0,0,0,0,0,0,0,0,0,0,0,0,0,0,0,0,0,0
Nothing,5.8,0,0,0,1,0,0,0,0,0,0,0,0,0,0,0,0,0,0,0,0
TheGeographerDrankHisGlobeAway,7.3,0,0,0,0,0,0,1,0,0,0,0,0,0,0,0,0,0,0,0,0
1776,7.1,0,0,0,0,0,0,1,0,0,0,0,0,0,0,0,0,0,0,0,0
Inescapable,5.2,0,0,0,0,0,0,0,0,0,0,0,0,0,0,0,0,0,1,0,0
HellsAngels,6.1,1,0,0,0,0,0,0,0,0,0,0,0,0,0,0,0,0,0,0,0
PurpleViolets,5.7,0,0,0,1,0,0,0,0,0,0,0,0,0,0,0,0,0,0,0,0
TheVeil,4.5,0,0,0,0,0,0,0,0,0,0,0,1,0,0,0,0,0,0,0,0
TheLovedOnes,6.6,0,0,0,0,0,0,0,0,0,0,0,1,0,0,0,0,0,0,0,0
TheHelpers,4.1,0,0,0,0,0,0,0,0,0,0,0,1,0,0,0,0,0,0,0,0
HowtoFallinLove,5.2,0,0,0,1,0,0,0,0,0,0,0,0,0,0,0,0,0,0,0,0
ThePerfectWave,4.4,0,0,0,0,0,0,0,0,0,0,0,0,0,0,1,0,0,0,0,0
AManforAllSeasons,7.5,0,0,0,0,0,0,1,0,0,0,0,0,0,0,0,0,0,0,0,0
Network,7.7,0,0,0,0,0,0,1,0,0,0,0,0,0,0,0,0,0,0,0,0
GonewiththeWind,7.7,0,0,0,0,0,0,1,0,0,0,0,0,0,0,0,0,0,0,0,0
DesertDancer,6.5,0,0,0,0,0,0,1,0,0,0,0,0,0,0,0,0,0,0,0,0
MajorDundee,6.2,0,0,0,0,0,0,0,0,0,0,0,0,0,0,0,0,0,0,1,0
AnnieGetYourGun,7.3,1,0,0,0,0,0,0,0,0,0,0,0,0,0,0,0,0,0,0,0
FourLions,7.0,0,0,0,1,0,0,0,0,0,0,0,0,0,0,0,0,0,0,0,0
TheHouseofSand,6.7,0,0,0,0,0,0,1,0,0,0,0,0,0,0,0,0,0,0,0,0
Defendor,6.5,0,0,0,0,0,0,1,0,0,0,0,0,0,0,0,0,0,0,0,0
ThePirate,6.6,0,0,0,0,0,0,0,0,0,0,0,0,1,0,0,0,0,0,0,0
TheGoodHeart,6.0,0,0,0,0,0,0,1,0,0,0,0,0,0,0,0,0,0,0,0,0
TheHistoryBoys,6.6,0,0,0,1,0,0,0,0,0,0,0,0,0,0,0,0,0,0,0,0
MidnightCowboy,7.4,0,0,0,0,0,0,1,0,0,0,0,0,0,0,0,0,0,0,0,0
TheFullMonty,6.8,0,0,0,1,0,0,0,0,0,0,0,0,0,0,0,0,0,0,0,0
Airplane,7.1,0,0,0,1,0,0,0,0,0,0,0,0,0,0,0,0,0,0,0,0
ChainofCommand,5.3,0,0,0,0,0,0,0,0,0,0,0,0,0,0,0,0,0,1,0,0
Friday,7.0,0,0,0,1,0,0,0,0,0,0,0,0,0,0,0,0,0,0,0,0
MenaceIISociety,7.2,0,0,0,0,0,0,1,0,0,0,0,0,0,0,0,0,0,0,0,0
Creepshow2,5.9,0,0,0,0,0,0,0,0,0,0,0,1,0,0,0,0,0,0,0,0
TheBalladofCableHogue,6.9,1,0,0,0,0,0,0,0,0,0,0,0,0,0,0,0,0,0,0,0
InColdBlood,7.4,0,0,0,0,1,0,0,0,0,0,0,0,0,0,0,0,0,0,0,0
TheNunsStory,7.4,0,0,0,0,0,0,1,0,0,0,0,0,0,0,0,0,0,0,0,0
Harper,6.2,1,0,0,0,0,0,0,0,0,0,0,0,0,0,0,0,0,0,0,0
Frenzy,7.1,0,0,0,0,1,0,0,0,0,0,0,0,0,0,0,0,0,0,0,0
TheWitch,6.3,0,0,0,0,0,0,0,0,0,0,0,0,0,1,0,0,0,0,0,0
IGottheHookUp,5.4,1,0,0,0,0,0,0,0,0,0,0,0,0,0,0,0,0,0,0,0
ShestheOne,5.7,0,0,0,1,0,0,0,0,0,0,0,0,0,0,0,0,0,0,0,0
GodsandMonsters,6.8,0,0,0,0,0,0,1,0,0,0,0,0,0,0,0,0,0,0,0,0
TheSecretinTheirEyes,7.8,0,0,0,0,1,0,0,0,0,0,0,0,0,0,0,0,0,0,0,0
Train,4.8,0,0,0,0,0,0,0,0,0,0,0,1,0,0,0,0,0,0,0,0
EvilDeadII,7.6,0,0,0,0,0,0,0,0,0,0,0,1,0,0,0,0,0,0,0,0
PootieTang,5.4,1,0,0,0,0,0,0,0,0,0,0,0,0,0,0,0,0,0,0,0
Sharknado,3.8,0,0,0,0,0,0,0,0,0,0,0,0,0,0,0,0,1,0,0,0
TheOtherConquest,5.4,0,0,0,0,0,0,1,0,0,0,0,0,0,0,0,0,0,0,0,0
TrollHunter,6.7,0,0,0,0,0,0,0,0,1,0,0,0,0,0,0,0,0,0,0,0
IraAbby,5.8,0,0,0,1,0,0,0,0,0,0,0,0,0,0,0,0,0,0,0,0
WinterPassing,6.7,0,0,0,1,0,0,0,0,0,0,0,0,0,0,0,0,0,0,0,0
DEBS,5.6,1,0,0,0,0,0,0,0,0,0,0,0,0,0,0,0,0,0,0,0
TheMaskedSaint,2.9,0,0,0,0,1,0,0,0,0,0,0,0,0,0,0,0,0,0,0,0
TheBetrayed,5.2,0,0,0,0,1,0,0,0,0,0,0,0,0,0,0,0,0,0,0,0
Taxman,2.0,1,0,0,0,0,0,0,0,0,0,0,0,0,0,0,0,0,0,0,0
TheSecret,0.0,0,0,0,0,0,0,1,0,0,0,0,0,0,0,0,0,0,0,0,0
213,4.6,0,0,0,0,0,0,0,0,0,0,0,1,0,0,0,0,0,0,0,0
BatmanTheDarkKnightReturnsPart2,7.9,1,0,0,0,0,0,0,0,0,0,0,0,0,0,0,0,0,0,0,0
TimetoChoose,0.0,0,0,0,0,0,1,0,0,0,0,0,0,0,0,0,0,0,0,0,0
IntheNameoftheKingIII,3.3,1,0,0,0,0,0,0,0,0,0,0,0,0,0,0,0,0,0,0,0
WickedBlood,5.3,1,0,0,0,0,0,0,0,0,0,0,0,0,0,0,0,0,0,0,0
Stranded,5.0,0,0,0,0,0,0,1,0,0,0,0,0,0,0,0,0,0,0,0,0
LordsofLondon,3.6,0,0,0,0,1,0,0,0,0,0,0,0,0,0,0,0,0,0,0,0
HighAnxiety,6.5,0,0,0,1,0,0,0,0,0,0,0,0,0,0,0,0,0,0,0,0
MarchofthePenguins,6.9,0,0,0,0,0,1,0,0,0,0,0,0,0,0,0,0,0,0,0,0
MarginCall,6.7,0,0,0,0,0,0,0,0,0,0,0,0,0,0,0,0,0,1,0,0
August,6.2,0,0,0,0,0,0,1,0,0,0,0,0,0,0,0,0,0,0,0,0
Choke,6.0,0,0,0,1,0,0,0,0,0,0,0,0,0,0,0,0,0,0,0,0
Whiplash,8.3,0,0,0,0,0,0,1,0,0,0,0,0,0,0,0,0,0,0,0,0
CityofGod,8.1,0,0,0,0,0,0,1,0,0,0,0,0,0,0,0,0,0,0,0,0
HumanTraffic,6.8,0,0,0,1,0,0,0,0,0,0,0,0,0,0,0,0,0,0,0,0
ToWriteLoveonHerArms,6.8,0,0,0,0,0,0,1,0,0,0,0,0,0,0,0,0,0,0,0,0
TheDeadGirl,6.4,0,0,0,0,0,0,0,0,0,0,0,0,0,1,0,0,0,0,0,0
TheHunt,7.9,0,0,0,0,0,0,1,0,0,0,0,0,0,0,0,0,0,0,0,0
AChristmasStory,7.4,0,0,0,1,0,0,0,0,0,0,0,0,0,0,0,0,0,0,0,0
Bella,6.7,0,0,0,0,0,0,1,0,0,0,0,0,0,0,0,0,0,0,0,0
Classof1984,6.2,1,0,0,0,0,0,0,0,0,0,0,0,0,0,0,0,0,0,0,0
TheOppositeSex,4.1,0,0,0,1,0,0,0,0,0,0,0,0,0,0,0,0,0,0,0,0
DreamingofJosephLees,8.0,0,0,0,0,0,0,0,0,0,0,0,0,0,0,1,0,0,0,0,0
TheClass,6.8,0,0,0,0,0,0,1,0,0,0,0,0,0,0,0,0,0,0,0,0
RosemarysBaby,7.5,0,0,0,0,0,0,0,0,0,0,0,1,0,0,0,0,0,0,0,0
TheManWhoShotLibertyValance,7.4,0,0,0,0,0,0,0,0,0,0,0,0,0,0,0,0,0,0,0,1
Adam,6.9,0,0,0,0,0,0,1,0,0,0,0,0,0,0,0,0,0,0,0,0
MariaFullofGrace,6.9,0,0,0,0,0,0,1,0,0,0,0,0,0,0,0,0,0,0,0,0
Beginners,6.8,0,0,0,0,0,0,1,0,0,0,0,0,0,0,0,0,0,0,0,0
Feast,6.1,1,0,0,0,0,0,0,0,0,0,0,0,0,0,0,0,0,0,0,0
AnimalHouse,7.0,0,0,0,1,0,0,0,0,0,0,0,0,0,0,0,0,0,0,0,0
Goldfinger,7.2,0,1,0,0,0,0,0,0,0,0,0,0,0,0,0,0,0,0,0,0
Antiviral,5.7,0,0,0,0,0,0,0,0,0,0,0,0,0,0,0,1,0,0,0,0
ItsaWonderfulLife,8.0,0,0,0,0,0,0,1,0,0,0,0,0,0,0,0,0,0,0,0,0
Trainspotting,7.8,0,0,0,0,0,0,1,0,0,0,0,0,0,0,0,0,0,0,0,0
TheOriginalKingsofComedy,6.3,0,0,0,1,0,0,0,0,0,0,0,0,0,0,0,0,0,0,0,0
ParanormalActivity2,5.7,0,0,0,0,0,0,0,0,0,0,0,1,0,0,0,0,0,0,0,0
WakingNed,7.4,0,0,0,1,0,0,0,0,0,0,0,0,0,0,0,0,0,0,0,0
BowlingforColumbine,7.3,0,0,0,0,0,1,0,0,0,0,0,0,0,0,0,0,0,0,0,0
ComingHome,6.9,0,0,0,0,0,0,1,0,0,0,0,0,0,0,0,0,0,0,0,0
ANightmareonElmStreetPart2FreddysRevenge,5.7,0,0,0,0,0,0,0,0,0,0,0,1,0,0,0,0,0,0,0,0
ARoomwithaView,6.9,0,0,0,0,0,0,1,0,0,0,0,0,0,0,0,0,0,0,0,0
ThePurge,6.0,0,0,0,0,0,0,0,0,0,0,0,0,0,0,0,1,0,0,0,0
Sinister,6.7,0,0,0,0,0,0,0,0,0,0,0,1,0,0,0,0,0,0,0,0
MartinLawrenceLiveRunteldat,5.0,0,0,0,1,0,0,0,0,0,0,0,0,0,0,0,0,0,0,0,0
CatonaHotTinRoof,7.6,0,0,0,0,0,0,1,0,0,0,0,0,0,0,0,0,0,0,0,0
BeneaththePlanetoftheApes,6.2,0,1,0,0,0,0,0,0,0,0,0,0,0,0,0,0,0,0,0,0
AirBud,5.3,0,0,0,1,0,0,0,0,0,0,0,0,0,0,0,0,0,0,0,0
PokémonSpelloftheUnknown,5.9,0,1,0,0,0,0,0,0,0,0,0,0,0,0,0,0,0,0,0,0
Fridaythe13thPartVIJasonLives,5.7,0,0,0,0,0,0,0,0,0,0,0,1,0,0,0,0,0,0,0,0
TheBridgeontheRiverKwai,7.7,0,0,0,0,0,0,1,0,0,0,0,0,0,0,0,0,0,0,0,0
SpacedInvaders,4.7,0,0,0,1,0,0,0,0,0,0,0,0,0,0,0,0,0,0,0,0
FamilyPlot,6.7,0,0,0,1,0,0,0,0,0,0,0,0,0,0,0,0,0,0,0,0
TheApartment,8.1,0,0,0,1,0,0,0,0,0,0,0,0,0,0,0,0,0,0,0,0
JasonGoestoHellTheFinalFriday,4.2,0,0,0,0,0,0,0,0,1,0,0,0,0,0,0,0,0,0,0,0
TornCurtain,6.4,0,0,0,0,0,0,0,0,0,0,0,0,0,1,0,0,0,0,0,0
DaveChappellesBlockParty,6.4,0,0,0,1,0,0,0,0,0,0,0,0,0,0,0,0,0,0,0,0
SlowWest,6.6,0,0,0,0,0,0,0,0,0,0,0,0,0,0,1,0,0,0,0,0
KrushGroove,7.0,0,0,0,0,0,0,1,0,0,0,0,0,0,0,0,0,0,0,0,0
NextDayAir,5.3,1,0,0,0,0,0,0,0,0,0,0,0,0,0,0,0,0,0,0,0
ElmerGantry,7.3,0,0,0,0,0,0,1,0,0,0,0,0,0,0,0,0,0,0,0,0
JudgmentatNuremberg,7.6,0,0,0,0,0,0,1,0,0,0,0,0,0,0,0,0,0,0,0,0
Trippin,4.5,0,0,0,1,0,0,0,0,0,0,0,0,0,0,0,0,0,0,0,0
RedRiver,7.3,0,0,0,0,0,0,0,0,0,0,0,0,0,0,0,0,0,0,0,1
PhatGirlz,3.7,0,0,0,1,0,0,0,0,0,0,0,0,0,0,0,0,0,0,0,0
BeforeMidnight,7.4,0,0,0,0,0,0,0,0,0,0,0,0,0,0,1,0,0,0,0,0
TeenWolfToo,3.8,0,0,0,1,0,0,0,0,0,0,0,0,0,0,0,0,0,0,0,0
PhantasmII,6.3,1,0,0,0,0,0,0,0,0,0,0,0,0,0,0,0,0,0,0,0
WomanThouArtLoosed,5.0,0,0,0,0,0,0,1,0,0,0,0,0,0,0,0,0,0,0,0,0
RealWomenHaveCurves,5.8,0,0,0,1,0,0,0,0,0,0,0,0,0,0,0,0,0,0,0,0
Water,6.8,0,0,0,0,0,0,1,0,0,0,0,0,0,0,0,0,0,0,0,0
EastIsEast,6.5,0,0,0,1,0,0,0,0,0,0,0,0,0,0,0,0,0,0,0,0
Whipped,3.1,0,0,0,1,0,0,0,0,0,0,0,0,0,0,0,0,0,0,0,0
KamaSutraATaleofLove,5.7,0,0,0,0,0,0,1,0,0,0,0,0,0,0,0,0,0,0,0,0
PleaseGive,6.0,0,0,0,1,0,0,0,0,0,0,0,0,0,0,0,0,0,0,0,0
WillyWonkatheChocolateFactory,7.4,0,0,0,0,0,0,0,1,0,0,0,0,0,0,0,0,0,0,0,0
WarlockTheArmageddon,5.2,0,0,0,0,0,0,0,0,1,0,0,0,0,0,0,0,0,0,0,0
8HeadsinaDuffelBag,5.4,0,0,0,1,0,0,0,0,0,0,0,0,0,0,0,0,0,0,0,0
DaysofHeaven,7.6,0,0,0,0,0,0,1,0,0,0,0,0,0,0,0,0,0,0,0,0
ThirteenConversationsAboutOneThing,6.4,0,0,0,0,0,0,1,0,0,0,0,0,0,0,0,0,0,0,0,0
Jawbreaker,5.9,0,0,0,1,0,0,0,0,0,0,0,0,0,0,0,0,0,0,0,0
Basquiat,6.6,0,0,0,0,0,0,1,0,0,0,0,0,0,0,0,0,0,0,0,0
FrancesHa,7.2,0,0,0,1,0,0,0,0,0,0,0,0,0,0,0,0,0,0,0,0
Tsotsi,6.9,0,0,0,0,1,0,0,0,0,0,0,0,0,0,0,0,0,0,0,0
Happiness,7.4,0,0,0,1,0,0,0,0,0,0,0,0,0,0,0,0,0,0,0,0
DysFunktionalFamily,6.1,0,0,0,1,0,0,0,0,0,0,0,0,0,0,0,0,0,0,0,0
Tusk,5.1,0,0,0,1,0,0,0,0,0,0,0,0,0,0,0,0,0,0,0,0
Oldboy,8.0,0,0,0,0,0,0,1,0,0,0,0,0,0,0,0,0,0,0,0,0
LetterstoGod,6.5,1,0,0,0,0,0,0,0,0,0,0,0,0,0,0,0,0,0,0,0
HobowithaShotgun,5.7,1,0,0,0,0,0,0,0,0,0,0,0,0,0,0,0,0,0,0,0
Compadres,5.2,1,0,0,0,0,0,0,0,0,0,0,0,0,0,0,0,0,0,0,0
Freeway,6.5,0,0,0,1,0,0,0,0,0,0,0,0,0,0,0,0,0,0,0,0
LovesAbidingJoy,5.8,0,0,0,0,0,0,0,0,0,0,0,0,0,0,0,0,1,0,0,0
FishTank,6.9,0,0,0,0,0,0,1,0,0,0,0,0,0,0,0,0,0,0,0,0
DamselsinDistress,5.6,0,0,0,1,0,0,0,0,0,0,0,0,0,0,0,0,0,0,0,0
Creature,4.0,0,0,0,0,0,0,0,0,0,0,0,1,0,0,0,0,0,0,0,0
Bachelorette,5.3,0,0,0,1,0,0,0,0,0,0,0,0,0,0,0,0,0,0,0,0
BraveNewGirl,3.7,0,0,0,0,0,0,1,0,0,0,0,0,0,0,0,0,0,0,0,0
TimandEricsBillionDollarMovie,5.2,0,0,0,1,0,0,0,0,0,0,0,0,0,0,0,0,0,0,0,0
SummerStorm,6.7,0,0,0,1,0,0,0,0,0,0,0,0,0,0,0,0,0,0,0,0
FortMcCoy,6.3,0,0,0,0,0,0,0,0,0,0,0,0,0,0,0,0,0,0,1,0
ChainLetter,3.9,0,0,0,0,0,0,0,0,0,0,0,1,0,0,0,0,0,0,0,0
JustLooking,5.8,0,0,0,0,0,0,1,0,0,0,0,0,0,0,0,0,0,0,0,0
TheDivide,5.7,0,0,0,0,0,0,0,0,0,0,0,0,0,0,0,1,0,0,0,0
TheEclipse,6.1,0,0,0,0,0,0,1,0,0,0,0,0,0,0,0,0,0,0,0,0
Demonic,4.9,0,0,0,0,0,0,0,0,0,0,0,0,0,0,0,0,0,1,0,0
MyBigFatIndependentMovie,3.0,0,0,0,1,0,0,0,0,0,0,0,0,0,0,0,0,0,0,0,0
TheDeported,0.0,0,0,0,1,0,0,0,0,0,0,0,0,0,0,0,0,0,0,0,0
TannerHall,5.4,0,0,0,0,0,0,1,0,0,0,0,0,0,0,0,0,0,0,0,0
OpenRoad,5.2,1,0,0,0,0,0,0,0,0,0,0,0,0,0,0,0,0,0,0,0
TheyCameTogether,5.3,0,0,0,1,0,0,0,0,0,0,0,0,0,0,0,0,0,0,0,0
30NightsofParanormalActivityWiththeDevilInsidetheGirlWiththeDragonTattoo,2.9,0,0,0,1,0,0,0,0,0,0,0,0,0,0,0,0,0,0,0,0
NeverBackDown2TheBeatdown,5.8,0,0,0,0,0,0,1,0,0,0,0,0,0,0,0,0,0,0,0,0
PointBlank,7.1,1,0,0,0,0,0,0,0,0,0,0,0,0,0,0,0,0,0,0,0
FourSingleFathers,0.0,0,0,0,0,0,0,1,0,0,0,0,0,0,0,0,0,0,0,0,0
EntertheDangerousMind,4.8,0,0,0,0,0,0,0,0,0,0,0,0,0,0,0,0,0,1,0,0
SomethingWicked,4.6,0,0,0,0,0,0,0,0,0,0,0,0,0,1,0,0,0,0,0,0
AWOL72,2.8,0,0,0,0,0,0,0,0,0,0,0,0,0,0,0,0,0,1,0,0
Iguana,6.0,0,0,0,0,0,0,0,0,0,0,0,0,0,0,0,0,0,0,0,0
ChicagoOvercoat,6.1,1,0,0,0,0,0,0,0,0,0,0,0,0,0,0,0,0,0,0,0
BarryMunday,6.3,0,0,0,1,0,0,0,0,0,0,0,0,0,0,0,0,0,0,0,0
CentralStation,7.6,0,0,0,0,0,0,1,0,0,0,0,0,0,0,0,0,0,0,0,0
PocketfulofMiracles,7.3,0,0,0,1,0,0,0,0,0,0,0,0,0,0,0,0,0,0,0,0
CloseRange,4.9,0,0,0,0,1,0,0,0,0,0,0,0,0,0,0,0,0,0,0,0
BoyntonBeachClub,6.8,0,0,0,1,0,0,0,0,0,0,0,0,0,0,0,0,0,0,0,0
Amnesiac,4.1,0,0,0,0,0,0,0,0,0,0,0,0,0,0,0,0,0,1,0,0
Freakonomics,6.6,0,0,0,0,0,1,0,0,0,0,0,0,0,0,0,0,0,0,0,0
HighTension,6.6,0,0,0,0,0,0,0,0,0,0,0,1,0,0,0,0,0,0,0,0
GrifftheInvisible,6.1,0,0,0,0,0,0,0,0,0,0,0,0,0,0,1,0,0,0,0,0
Unnatural,4.3,0,0,0,0,0,0,0,0,0,0,0,0,0,0,0,0,0,1,0,0
HustleFlow,6.9,0,0,0,0,0,0,1,0,0,0,0,0,0,0,0,0,0,0,0,0
SomeLikeItHot,8.0,0,0,0,1,0,0,0,0,0,0,0,0,0,0,0,0,0,0,0,0
Fridaythe13thPartVIITheNewBlood,5.3,0,0,0,0,0,0,0,0,0,0,0,1,0,0,0,0,0,0,0,0
TheWizardofOz,7.4,0,1,0,0,0,0,0,0,0,0,0,0,0,0,0,0,0,0,0,0
YoungFrankenstein,7.7,0,0,0,1,0,0,0,0,0,0,0,0,0,0,0,0,0,0,0,0
DiaryoftheDead,5.4,0,0,0,0,0,0,0,0,0,0,0,1,0,0,0,0,0,0,0,0
LageRahoMunnaBhai,7.6,0,0,0,1,0,0,0,0,0,0,0,0,0,0,0,0,0,0,0,0
UleesGold,6.5,0,0,0,0,0,0,1,0,0,0,0,0,0,0,0,0,0,0,0,0
TheBlackStallion,7.0,0,1,0,0,0,0,0,0,0,0,0,0,0,0,0,0,0,0,0,0
Sardaarji,9.5,0,0,0,0,0,0,0,0,0,0,0,0,0,0,0,0,0,0,0,0
JourneytoSaturn,4.9,1,0,0,0,0,0,0,0,0,0,0,0,0,0,0,0,0,0,0,0
DonovansReef,6.0,0,1,0,0,0,0,0,0,0,0,0,0,0,0,0,0,0,0,0,0
TheDress,7.0,0,0,0,1,0,0,0,0,0,0,0,0,0,0,0,0,0,0,0,0
AGuyNamedJoe,6.0,0,0,0,0,0,0,1,0,0,0,0,0,0,0,0,0,0,0,0,0
BlazingSaddles,7.2,0,0,0,0,0,0,0,0,0,0,0,0,0,0,0,0,0,0,0,1
Fridaythe13thTheFinalChapter,5.9,0,0,0,0,0,0,0,0,0,0,0,1,0,0,0,0,0,0,0,0
Ida,7.1,0,0,0,0,0,0,1,0,0,0,0,0,0,0,0,0,0,0,0,0
Maurice,7.1,0,0,0,0,0,0,1,0,0,0,0,0,0,0,0,0,0,0,0,0
BeerLeague,5.3,0,0,0,1,0,0,0,0,0,0,0,0,0,0,0,0,0,0,0,0
RidingGiants,7.6,0,0,0,0,0,1,0,0,0,0,0,0,0,0,0,0,0,0,0,0
Timecrimes,7.0,0,0,0,0,0,0,0,0,0,0,0,0,0,0,0,1,0,0,0,0
SilverMedalist,7.4,1,0,0,0,0,0,0,0,0,0,0,0,0,0,0,0,0,0,0,0
TimberFalls,5.2,0,0,0,0,0,0,0,0,0,0,0,1,0,0,0,0,0,0,0,0
SinginintheRain,7.8,0,0,0,1,0,0,0,0,0,0,0,0,0,0,0,0,0,0,0,0
FatSickNearlyDead,7.1,0,0,0,0,0,1,0,0,0,0,0,0,0,0,0,0,0,0,0,0
AHauntedHouse,5.4,0,0,0,1,0,0,0,0,0,0,0,0,0,0,0,0,0,0,0,0
2016ObamasAmerica,4.6,0,0,0,0,0,1,0,0,0,0,0,0,0,0,0,0,0,0,0,0
ThatThingYouDo,6.8,0,0,0,1,0,0,0,0,0,0,0,0,0,0,0,0,0,0,0,0
HalloweenIIISeasonoftheWitch,5.0,0,0,0,0,0,0,0,0,0,0,0,1,0,0,0,0,0,0,0,0
EscapefromthePlanetoftheApes,6.3,1,0,0,0,0,0,0,0,0,0,0,0,0,0,0,0,0,0,0,0
Hud,7.5,1,0,0,0,0,0,0,0,0,0,0,0,0,0,0,0,0,0,0,0
KevinHartLetMeExplain,7.1,0,0,0,1,0,0,0,0,0,0,0,0,0,0,0,0,0,0,0,0
MyOwnPrivateIdaho,7.1,0,0,0,0,0,0,1,0,0,0,0,0,0,0,0,0,0,0,0,0
GardenState,7.1,0,0,0,1,0,0,0,0,0,0,0,0,0,0,0,0,0,0,0,0
BeforeSunrise,7.7,0,0,0,0,0,0,1,0,0,0,0,0,0,0,0,0,0,0,0,0
EvilWords,6.9,0,0,0,0,0,0,0,0,0,0,0,1,0,0,0,0,0,0,0,0
JesusSon,6.7,0,0,0,1,0,0,0,0,0,0,0,0,0,0,0,0,0,0,0,0
SavingFace,6.8,0,0,0,1,0,0,0,0,0,0,0,0,0,0,0,0,0,0,0,0
BrickLane,5.2,0,0,0,0,0,0,1,0,0,0,0,0,0,0,0,0,0,0,0,0
RobotFrank,6.8,0,0,0,0,0,0,0,0,0,0,0,0,0,0,0,1,0,0,0,0
MyLifeWithoutMe,7.2,0,0,0,0,0,0,1,0,0,0,0,0,0,0,0,0,0,0,0,0
TheSpectacularNow,6.8,0,0,0,1,0,0,0,0,0,0,0,0,0,0,0,0,0,0,0,0
Religulous,7.2,0,0,0,1,0,0,0,0,0,0,0,0,0,0,0,0,0,0,0,0
Fuel,7.0,0,0,0,0,0,1,0,0,0,0,0,0,0,0,0,0,0,0,0,0
ValleyoftheHeartsDelight,7.0,0,0,0,0,0,0,1,0,0,0,0,0,0,0,0,0,0,0,0,0
EyeoftheDolphin,7.1,0,0,0,0,0,0,1,0,0,0,0,0,0,0,0,0,0,0,0,0
8TheMormonProposition,5.5,0,0,0,0,0,1,0,0,0,0,0,0,0,0,0,0,0,0,0,0
TheOtherEndoftheLine,6.1,0,0,0,1,0,0,0,0,0,0,0,0,0,0,0,0,0,0,0,0
Anatomy,6.1,0,0,0,0,0,0,0,0,0,0,0,1,0,0,0,0,0,0,0,0
SleepDealer,6.0,0,0,0,0,0,0,1,0,0,0,0,0,0,0,0,0,0,0,0,0
Super,6.6,0,0,0,1,0,0,0,0,0,0,0,0,0,0,0,0,0,0,0,0
ChristmasMail,5.0,0,0,0,1,0,0,0,0,0,0,0,0,0,0,0,0,0,0,0,0
Stung,4.9,0,0,0,1,0,0,0,0,0,0,0,0,0,0,0,0,0,0,0,0
Antibirth,4.8,0,0,0,0,0,0,0,0,0,0,0,1,0,0,0,0,0,0,0,0
GetontheBus,7.0,0,0,0,0,0,0,1,0,0,0,0,0,0,0,0,0,0,0,0,0
Thr3e,4.8,0,0,0,0,0,0,1,0,0,0,0,0,0,0,0,0,0,0,0,0
Idiocracy,6.3,0,1,0,0,0,0,0,0,0,0,0,0,0,0,0,0,0,0,0,0
TheRiseoftheKrays,4.5,0,0,0,0,1,0,0,0,0,0,0,0,0,0,0,0,0,0,0,0
ThisIsEngland,7.4,0,0,0,0,0,0,1,0,0,0,0,0,0,0,0,0,0,0,0,0
UFO,3.1,1,0,0,0,0,0,0,0,0,0,0,0,0,0,0,0,0,0,0,0
BathingBeauty,7.0,0,0,0,1,0,0,0,0,0,0,0,0,0,0,0,0,0,0,0,0
GoforIt,4.6,0,0,0,0,0,0,1,0,0,0,0,0,0,0,0,0,0,0,0,0
DancerTexasPop81,10.0,0,0,0,1,0,0,0,0,0,0,0,0,0,0,0,0,0,0,0,0
ShowBoat,6.9,0,0,0,0,0,0,0,0,0,0,0,0,1,0,0,0,0,0,0,0
RedemptionRoad,4.7,0,0,0,0,0,0,1,0,0,0,0,0,0,0,0,0,0,0,0,0
TheCalling,5.6,0,0,0,0,0,0,0,0,0,0,0,0,0,0,0,0,0,1,0,0
TheBraveLittleToaster,6.7,0,0,0,0,0,0,0,0,1,0,0,0,0,0,0,0,0,0,0,0
Fantasia,7.2,0,0,1,0,0,0,0,0,0,0,0,0,0,0,0,0,0,0,0,0
8Days,0.0,0,0,0,0,0,0,0,0,0,0,0,0,0,0,0,0,0,1,0,0
Fridaythe13thPartIII,5.7,0,0,0,0,0,0,0,0,0,0,0,1,0,0,0,0,0,0,0,0
Fridaythe13thANewBeginning,5.1,0,0,0,0,0,0,0,0,0,0,0,1,0,0,0,0,0,0,0,0
TheLastSinEater,6.2,0,0,0,0,0,0,1,0,0,0,0,0,0,0,0,0,0,0,0,0
DoYouBelieve,6.6,0,0,0,0,0,0,0,0,1,0,0,0,0,0,0,0,0,0,0,0
ImpactPoint,5.7,0,0,0,0,0,0,0,0,0,0,0,0,0,0,0,0,0,1,0,0
TheValleyofDecision,5.8,0,0,0,0,0,0,1,0,0,0,0,0,0,0,0,0,0,0,0,0
Eden,5.6,0,0,0,0,0,0,0,0,0,0,0,0,0,0,0,0,0,1,0,0
ChickenTikkaMasala,3.5,0,0,0,1,0,0,0,0,0,0,0,0,0,0,0,0,0,0,0,0
TheresAlwaysWoodstock,5.4,0,0,0,0,0,0,0,0,0,0,0,0,0,0,1,0,0,0,0,0
JackBrooksMonsterSlayer,5.7,1,0,0,0,0,0,0,0,0,0,0,0,0,0,0,0,0,0,0,0
TheBestYearsofOurLives,7.6,0,0,0,0,0,0,1,0,0,0,0,0,0,0,0,0,0,0,0,0
Bully,6.7,0,0,0,0,1,0,0,0,0,0,0,0,0,0,0,0,0,0,0,0
Elling,7.0,0,0,0,1,0,0,0,0,0,0,0,0,0,0,0,0,0,0,0,0
MiAmerica,0.0,0,0,0,0,0,0,1,0,0,0,0,0,0,0,0,0,0,0,0,0
REC,7.1,0,0,0,0,0,0,0,0,0,0,0,1,0,0,0,0,0,0,0,0
LiesinPlainSight,4.5,0,0,0,0,0,0,1,0,0,0,0,0,0,0,0,0,0,0,0,0
Sharkskin,0.0,0,0,0,0,0,0,0,0,0,0,0,0,0,0,0,0,0,0,0,0
Containment,5.1,0,0,0,0,0,0,0,0,0,0,0,0,0,0,0,0,0,1,0,0
TheTimber,4.1,0,1,0,0,0,0,0,0,0,0,0,0,0,0,0,0,0,0,0,0
FromRussiawithLove,6.9,1,0,0,0,0,0,0,0,0,0,0,0,0,0,0,0,0,0,0,0
TheToxicAvengerPartII,5.3,0,0,0,1,0,0,0,0,0,0,0,0,0,0,0,0,0,0,0,0
Sleeper,7.0,0,0,0,1,0,0,0,0,0,0,0,0,0,0,0,0,0,0,0,0
ItFollows,6.6,0,0,0,0,0,0,0,0,0,0,0,1,0,0,0,0,0,0,0,0
EverythingYouAlwaysWantedtoKnowAboutSexButWereAfraidtoAsk,6.6,0,0,0,1,0,0,0,0,0,0,0,0,0,0,0,0,0,0,0,0
ToKillaMockingbird,8.0,0,0,0,0,1,0,0,0,0,0,0,0,0,0,0,0,0,0,0,0
MadMax2TheRoadWarrior,7.3,0,1,0,0,0,0,0,0,0,0,0,0,0,0,0,0,0,0,0,0
TheLegendofDrunkenMaster,7.2,1,0,0,0,0,0,0,0,0,0,0,0,0,0,0,0,0,0,0,0
BoysDontCry,7.2,0,0,0,0,1,0,0,0,0,0,0,0,0,0,0,0,0,0,0,0
SilentHouse,5.2,0,0,0,0,0,0,0,0,0,0,0,1,0,0,0,0,0,0,0,0
TheLivesofOthers,7.9,0,0,0,0,0,0,1,0,0,0,0,0,0,0,0,0,0,0,0,0
Courageous,6.8,0,0,0,0,0,0,1,0,0,0,0,0,0,0,0,0,0,0,0,0
TheHustler,7.6,0,0,0,0,0,0,1,0,0,0,0,0,0,0,0,0,0,0,0,0
BoomTown,6.5,0,1,0,0,0,0,0,0,0,0,0,0,0,0,0,0,0,0,0,0
TheTripletsofBelleville,7.3,0,1,0,0,0,0,0,0,0,0,0,0,0,0,0,0,0,0,0,0
SmokeSignals,6.6,0,0,0,0,0,0,1,0,0,0,0,0,0,0,0,0,0,0,0,0
AmericanSplendor,7.1,0,0,0,1,0,0,0,0,0,0,0,0,0,0,0,0,0,0,0,0
BeforeSunset,7.6,0,0,0,0,0,0,1,0,0,0,0,0,0,0,0,0,0,0,0,0
Amoresperros,7.6,0,0,0,0,0,0,1,0,0,0,0,0,0,0,0,0,0,0,0,0
Thirteen,6.7,0,0,0,0,1,0,0,0,0,0,0,0,0,0,0,0,0,0,0,0
GentlemansAgreement,6.8,0,0,0,0,0,0,1,0,0,0,0,0,0,0,0,0,0,0,0,0
WintersBone,6.8,0,0,0,0,0,0,1,0,0,0,0,0,0,0,0,0,0,0,0,0
TouchingtheVoid,7.6,0,0,0,0,0,1,0,0,0,0,0,0,0,0,0,0,0,0,0,0
AlexandersRagtimeBand,4.8,0,0,0,0,0,0,1,0,0,0,0,0,0,0,0,0,0,0,0,0
MeandYouandEveryoneWeKnow,7.0,0,0,0,1,0,0,0,0,0,0,0,0,0,0,0,0,0,0,0,0
InsideJob,7.7,0,0,0,0,0,1,0,0,0,0,0,0,0,0,0,0,0,0,0,0
WeAreYourFriends,6.3,0,0,0,0,0,0,1,0,0,0,0,0,0,0,0,0,0,0,0,0
GhostDogTheWayoftheSamurai,7.2,0,0,0,0,1,0,0,0,0,0,0,0,0,0,0,0,0,0,0,0
HarshTimes,6.3,0,0,0,0,1,0,0,0,0,0,0,0,0,0,0,0,0,0,0,0
Captive,5.6,0,0,0,0,1,0,0,0,0,0,0,0,0,0,0,0,0,0,0,0
FullFrontal,4.8,0,0,0,1,0,0,0,0,0,0,0,0,0,0,0,0,0,0,0,0
Witchboard,5.9,0,0,0,0,0,0,0,0,0,0,0,1,0,0,0,0,0,0,0,0
Shortbus,6.3,0,0,0,0,0,0,0,0,0,0,0,0,0,0,1,0,0,0,0,0
WaltzwithBashir,7.8,0,0,0,0,0,0,1,0,0,0,0,0,0,0,0,0,0,0,0,0
TheBookofMormonMovieVolume1TheJourney,5.0,0,0,0,0,0,0,0,0,0,0,0,0,0,0,0,0,0,0,0,0
NoEndinSight,7.2,0,0,0,0,0,1,0,0,0,0,0,0,0,0,0,0,0,0,0,0
TheDiaryofaTeenageGirl,6.8,0,0,0,0,0,0,1,0,0,0,0,0,0,0,0,0,0,0,0,0
IntheShadowoftheMoon,7.6,0,0,0,0,0,1,0,0,0,0,0,0,0,0,0,0,0,0,0,0
MeeksCutoff,6.5,0,0,0,0,0,0,1,0,0,0,0,0,0,0,0,0,0,0,0,0
InsideDeepThroat,6.8,0,0,0,0,0,0,0,0,0,0,1,0,0,0,0,0,0,0,0,0
DinnerRush,7.1,0,0,0,0,0,0,1,0,0,0,0,0,0,0,0,0,0,0,0,0
Clockwatchers,5.6,0,0,0,1,0,0,0,0,0,0,0,0,0,0,0,0,0,0,0,0
TheVirginityHit,4.6,0,0,0,1,0,0,0,0,0,0,0,0,0,0,0,0,0,0,0,0
Subway,6.3,1,0,0,0,0,0,0,0,0,0,0,0,0,0,0,0,0,0,0,0
HouseofD,6.1,0,0,0,1,0,0,0,0,0,0,0,0,0,0,0,0,0,0,0,0
Teeth,5.2,0,0,0,1,0,0,0,0,0,0,0,0,0,0,0,0,0,0,0,0
SixStringSamurai,5.8,1,0,0,0,0,0,0,0,0,0,0,0,0,0,0,0,0,0,0,0
HumToMohabbatKarega,0.0,0,0,0,0,0,0,0,0,0,0,0,0,0,0,0,0,0,0,0,0
ItsAllGonePeteTong,7.1,0,0,0,0,0,0,1,0,0,0,0,0,0,0,0,0,0,0,0,0
SaintJohnofLasVegas,5.9,0,0,0,1,0,0,0,0,0,0,0,0,0,0,0,0,0,0,0,0
247TwentyFourSeven,6.3,0,0,0,1,0,0,0,0,0,0,0,0,0,0,0,0,0,0,0,0
Stonewall,5.2,0,0,0,0,0,0,1,0,0,0,0,0,0,0,0,0,0,0,0,0
RoadsideRomeo,6.7,0,0,1,0,0,0,0,0,0,0,0,0,0,0,0,0,0,0,0,0
ThisThingofOurs,5.0,0,0,0,0,0,0,1,0,0,0,0,0,0,0,0,0,0,0,0,0
TheLostMedallionTheAdventuresofBillyStone,5.6,0,1,0,0,0,0,0,0,0,0,0,0,0,0,0,0,0,0,0,0
TheLastFiveYears,5.5,0,0,0,1,0,0,0,0,0,0,0,0,0,0,0,0,0,0,0,0
TheMissingPerson,6.4,0,0,0,1,0,0,0,0,0,0,0,0,0,0,0,0,0,0,0,0
ReturnoftheLivingDead3,5.9,0,0,0,1,0,0,0,0,0,0,0,0,0,0,0,0,0,0,0,0
London,6.1,0,0,0,0,0,0,1,0,0,0,0,0,0,0,0,0,0,0,0,0
Sherrybaby,6.3,0,0,0,0,0,0,1,0,0,0,0,0,0,0,0,0,0,0,0,0
Circle,6.0,0,0,0,0,0,0,0,0,0,0,0,1,0,0,0,0,0,0,0,0
EdenLake,6.7,0,0,0,0,0,0,0,0,0,0,0,1,0,0,0,0,0,0,0,0
Plush,5.4,0,0,0,0,0,0,0,0,0,0,0,0,0,0,0,0,0,1,0,0
LesbianVampireKillers,5.3,0,0,0,0,0,0,0,0,0,0,0,1,0,0,0,0,0,0,0,0
GangstersParadiseJerusalema,6.8,0,0,0,0,0,0,1,0,0,0,0,0,0,0,0,0,0,0,0,0
FreezeFrame,6.9,0,0,0,0,0,0,0,0,0,0,0,0,0,0,0,0,0,1,0,0
GraveEncounters,6.1,0,0,0,0,0,0,0,0,0,0,0,0,0,0,0,0,0,1,0,0
Stitches,5.5,0,0,0,0,0,0,0,0,0,0,0,1,0,0,0,0,0,0,0,0
NineDead,5.2,0,0,0,0,1,0,0,0,0,0,0,0,0,0,0,0,0,0,0,0
ToBeFrankSinatraat100,0.0,0,0,0,0,0,1,0,0,0,0,0,0,0,0,0,0,0,0,0,0
Bananas,6.7,0,0,0,1,0,0,0,0,0,0,0,0,0,0,0,0,0,0,0,0
Supercapitalist,3.5,0,0,0,0,0,0,0,0,0,0,0,0,0,0,0,0,0,1,0,0
Rockaway,5.8,1,0,0,0,0,0,0,0,0,0,0,0,0,0,0,0,0,0,0,0
TheLadyfromShanghai,7.2,0,0,0,0,1,0,0,0,0,0,0,0,0,0,0,0,0,0,0,0
NoMansLandTheRiseofReeker,4.4,0,0,0,0,0,0,0,0,0,0,0,1,0,0,0,0,0,0,0,0
Highway,5.6,1,0,0,0,0,0,0,0,0,0,0,0,0,0,0,0,0,0,0,0
SmallApartments,5.7,0,0,0,1,0,0,0,0,0,0,0,0,0,0,0,0,0,0,0,0
CoffeeTown,6.7,0,0,0,1,0,0,0,0,0,0,0,0,0,0,0,0,0,0,0,0
TheGhastlyLoveofJohnnyX,6.6,0,0,0,1,0,0,0,0,0,0,0,0,0,0,0,0,0,0,0,0
AllIsBright,5.3,0,0,0,1,0,0,0,0,0,0,0,0,0,0,0,0,0,0,0,0
TheTortureChamberofDrSadism,6.3,0,0,0,0,0,0,0,0,0,0,0,0,0,1,0,0,0,0,0,0
StraightAs,5.2,0,0,0,1,0,0,0,0,0,0,0,0,0,0,0,0,0,0,0,0
AFunnyThingHappenedontheWaytotheForum,6.1,0,0,0,1,0,0,0,0,0,0,0,0,0,0,0,0,0,0,0,0
SlackerUprising,5.9,0,0,0,0,0,1,0,0,0,0,0,0,0,0,0,0,0,0,0,0
TheLegendofHellsGateAnAmericanConspiracy,3.9,1,0,0,0,0,0,0,0,0,0,0,0,0,0,0,0,0,0,0,0
TheWalkingDeceased,4.2,0,0,0,0,0,0,0,0,0,0,0,0,0,0,0,1,0,0,0,0
TheCurseofDownersGrove,4.4,0,0,0,0,0,0,0,0,0,0,0,0,0,0,0,0,0,1,0,0
SharkLake,4.4,0,0,0,0,0,0,0,0,0,0,0,0,0,0,0,0,0,1,0,0
RiversEdge,6.7,0,0,0,0,1,0,0,0,0,0,0,0,0,0,0,0,0,0,0,0
Northfork,6.7,0,0,0,0,0,0,0,0,1,0,0,0,0,0,0,0,0,0,0,0
TheMarine4MovingTarget,5.8,0,0,0,0,0,0,0,0,0,0,0,0,0,0,0,0,0,1,0,0
Buried,6.6,0,0,0,0,0,0,1,0,0,0,0,0,0,0,0,0,0,0,0,0
Submarine,7.4,0,0,0,0,0,0,1,0,0,0,0,0,0,0,0,0,0,0,0,0
TheSquare,7.8,0,0,0,0,0,1,0,0,0,0,0,0,0,0,0,0,0,0,0,0
OnetoAnother,5.8,0,0,0,0,0,0,1,0,0,0,0,0,0,0,0,0,0,0,0,0
ABCDAnyBodyCanDance,5.6,0,0,0,0,0,0,1,0,0,0,0,0,0,0,0,0,0,0,0,0
ManonWire,7.5,0,0,0,0,0,0,0,0,0,0,0,0,0,0,0,0,0,1,0,0
Abandoned,5.8,0,0,0,0,0,0,1,0,0,0,0,0,0,0,0,0,0,0,0,0
BrotherlyLove,6.9,0,0,0,0,0,0,1,0,0,0,0,0,0,0,0,0,0,0,0,0
TheLastExorcism,5.6,0,0,0,0,0,0,0,0,0,0,0,1,0,0,0,0,0,0,0,0
NowhereBoy,7.2,0,0,0,0,0,0,1,0,0,0,0,0,0,0,0,0,0,0,0,0
AStreetcarNamedDesire,7.6,0,0,0,0,0,0,1,0,0,0,0,0,0,0,0,0,0,0,0,0
DrStrangeloveorHowILearnedtoStopWorryingandLovetheBomb,8.0,0,0,0,0,0,0,1,0,0,0,0,0,0,0,0,0,0,0,0,0
TheCrimeofPadreAmaro,6.2,0,0,0,0,0,0,1,0,0,0,0,0,0,0,0,0,0,0,0,0
BeastsoftheSouthernWild,6.8,0,0,0,0,0,0,1,0,0,0,0,0,0,0,0,0,0,0,0,0
BattleforthePlanetoftheApes,5.5,1,0,0,0,0,0,0,0,0,0,0,0,0,0,0,0,0,0,0,0
Songcatcher,5.6,0,0,0,0,0,0,1,0,0,0,0,0,0,0,0,0,0,0,0,0
HigherGround,5.3,0,0,0,0,0,0,1,0,0,0,0,0,0,0,0,0,0,0,0,0
Vaalu,6.7,0,0,0,1,0,0,0,0,0,0,0,0,0,0,0,0,0,0,0,0
TheGreatestMovieEverSold,6.4,0,0,0,1,0,0,0,0,0,0,0,0,0,0,0,0,0,0,0,0
EdandHisDeadMother,5.5,0,0,0,1,0,0,0,0,0,0,0,0,0,0,0,0,0,0,0,0
TravellersandMagicians,6.8,0,1,0,0,0,0,0,0,0,0,0,0,0,0,0,0,0,0,0,0
HangemHigh,6.7,0,0,0,0,0,0,0,0,0,0,0,0,0,0,0,0,0,0,0,1
DeadlineUSA,6.9,0,0,0,0,1,0,0,0,0,0,0,0,0,0,0,0,0,0,0,0
Sublime,5.3,0,0,0,0,0,0,0,0,0,0,0,1,0,0,0,0,0,0,0,0
ABeginnersGuidetoSnuff,0.0,0,0,0,0,0,0,0,0,0,0,0,0,0,0,0,0,0,1,0,0
IndependenceDaysaster,4.2,1,0,0,0,0,0,0,0,0,0,0,0,0,0,0,0,0,0,0,0
DysfunctionalFriends,5.0,0,0,0,1,0,0,0,0,0,0,0,0,0,0,0,0,0,0,0,0
RunLolaRun,7.2,1,0,0,0,0,0,0,0,0,0,0,0,0,0,0,0,0,0,0,0
May,6.3,0,0,0,0,0,0,1,0,0,0,0,0,0,0,0,0,0,0,0,0
AgainsttheWild,4.9,0,1,0,0,0,0,0,0,0,0,0,0,0,0,0,0,0,0,0,0
UndertheSameMoon,7.0,0,0,0,0,0,0,1,0,0,0,0,0,0,0,0,0,0,0,0,0
ConquestofthePlanetoftheApes,6.1,1,0,0,0,0,0,0,0,0,0,0,0,0,0,0,0,0,0,0,0
IntheBedroom,6.4,0,0,0,0,0,0,1,0,0,0,0,0,0,0,0,0,0,0,0,0
ISpitonYourGrave,6.3,0,0,0,0,0,0,0,0,0,0,0,0,0,0,0,0,0,1,0,0
HappyTexas,5.5,0,0,0,1,0,0,0,0,0,0,0,0,0,0,0,0,0,0,0,0
MySummerofLove,6.0,0,0,0,0,0,0,1,0,0,0,0,0,0,0,0,0,0,0,0,0
TheLunchbox,7.3,0,0,0,0,0,0,1,0,0,0,0,0,0,0,0,0,0,0,0,0
Yes,5.9,0,0,0,0,0,0,1,0,0,0,0,0,0,0,0,0,0,0,0,0
YouCantTakeItWithYou,7.2,0,0,0,1,0,0,0,0,0,0,0,0,0,0,0,0,0,0,0,0
FromHeretoEternity,7.2,0,0,0,0,0,0,0,0,0,0,0,0,0,0,0,0,0,0,1,0
SheWoreaYellowRibbon,7.1,0,0,0,0,0,0,0,0,0,0,0,0,0,0,0,0,0,0,0,1
GraceUnplugged,6.0,0,0,0,0,0,0,1,0,0,0,0,0,0,0,0,0,0,0,0,0
Foolish,6.3,0,0,0,1,0,0,0,0,0,0,0,0,0,0,0,0,0,0,0,0
NSecure,4.3,0,0,0,0,0,0,1,0,0,0,0,0,0,0,0,0,0,0,0,0
Caramel,6.8,0,0,0,0,0,0,1,0,0,0,0,0,0,0,0,0,0,0,0,0
OutoftheDark,4.6,0,0,0,0,0,0,0,0,0,0,0,0,0,0,0,0,0,1,0,0
TheBubble,7.6,0,0,0,0,0,0,1,0,0,0,0,0,0,0,0,0,0,0,0,0
TheConversation,7.5,0,0,0,0,1,0,0,0,0,0,0,0,0,0,0,0,0,0,0,0
DilJoBhiKahey,0.0,0,0,0,0,0,0,0,0,0,0,0,0,0,0,1,0,0,0,0,0
MississippiMermaid,6.7,0,0,0,0,1,0,0,0,0,0,0,0,0,0,0,0,0,0,0,0
ILoveYourWork,6.5,0,0,0,0,0,0,1,0,0,0,0,0,0,0,0,0,0,0,0,0
CabinFever,4.4,0,0,0,0,0,0,0,0,0,0,0,1,0,0,0,0,0,0,0,0
Waitress,6.7,0,0,0,1,0,0,0,0,0,0,0,0,0,0,0,0,0,0,0,0
Bloodsport,6.6,1,0,0,0,0,0,0,0,0,0,0,0,0,0,0,0,0,0,0,0
MrSmithGoestoWashington,7.9,0,0,0,1,0,0,0,0,0,0,0,0,0,0,0,0,0,0,0,0
Kids,6.8,0,0,0,0,0,0,1,0,0,0,0,0,0,0,0,0,0,0,0,0
TheSquidandtheWhale,6.9,0,0,0,1,0,0,0,0,0,0,0,0,0,0,0,0,0,0,0,0
KissingJessicaStein,5.9,0,0,0,1,0,0,0,0,0,0,0,0,0,0,0,0,0,0,0,0
KickboxerVengeance,4.5,1,0,0,0,0,0,0,0,0,0,0,0,0,0,0,0,0,0,0,0
Spellbound,7.3,0,0,0,0,0,0,1,0,0,0,0,0,0,0,0,0,0,0,0,0
Exotica,6.5,0,0,0,0,0,0,1,0,0,0,0,0,0,0,0,0,0,0,0,0
Buffalo66,7.1,0,0,0,0,0,0,0,0,0,0,0,0,0,0,1,0,0,0,0,0
Insidious,6.8,0,0,0,0,0,0,0,0,0,0,0,1,0,0,0,0,0,0,0,0
RepoMan,6.7,0,0,0,1,0,0,0,0,0,0,0,0,0,0,0,0,0,0,0,0
NineQueens,7.4,0,0,0,0,1,0,0,0,0,0,0,0,0,0,0,0,0,0,0,0
TheGatekeepers,6.5,0,0,0,0,0,1,0,0,0,0,0,0,0,0,0,0,0,0,0,0
TheBalladofJackandRose,6.5,0,0,0,0,0,0,1,0,0,0,0,0,0,0,0,0,0,0,0,0
TheToDoList,5.5,0,0,0,1,0,0,0,0,0,0,0,0,0,0,0,0,0,0,0,0
KillingZoe,6.1,1,0,0,0,0,0,0,0,0,0,0,0,0,0,0,0,0,0,0,0
TheBeliever,6.8,0,0,0,0,0,0,1,0,0,0,0,0,0,0,0,0,0,0,0,0
SnowAngels,6.5,0,0,0,0,0,0,1,0,0,0,0,0,0,0,0,0,0,0,0,0
Unsullied,3.0,0,0,0,0,0,0,0,0,0,0,0,0,0,0,0,0,0,1,0,0
Session9,6.2,0,0,0,0,0,0,0,0,0,0,0,1,0,0,0,0,0,0,0,0
IWantSomeonetoEatCheeseWith,5.7,0,0,0,1,0,0,0,0,0,0,0,0,0,0,0,0,0,0,0,0
Moozlum,4.5,0,0,0,0,0,0,1,0,0,0,0,0,0,0,0,0,0,0,0,0
Hatchet,5.7,0,0,0,1,0,0,0,0,0,0,0,0,0,0,0,0,0,0,0,0
ModernTimes,8.1,0,0,0,0,0,0,1,0,0,0,0,0,0,0,0,0,0,0,0,0
StolenSummer,6.4,0,0,0,0,0,0,1,0,0,0,0,0,0,0,0,0,0,0,0,0
MyNameIsBruce,5.9,0,0,0,1,0,0,0,0,0,0,0,0,0,0,0,0,0,0,0,0
TheSalon,3.5,0,0,0,1,0,0,0,0,0,0,0,0,0,0,0,0,0,0,0,0
RoadHard,6.6,0,0,0,1,0,0,0,0,0,0,0,0,0,0,0,0,0,0,0,0
FortyShadesofBlue,6.0,0,0,0,0,0,0,1,0,0,0,0,0,0,0,0,0,0,0,0,0
Amigo,6.0,0,0,0,0,0,0,1,0,0,0,0,0,0,0,0,0,0,0,0,0
Pontypool,6.6,0,0,0,0,0,0,0,0,0,0,0,1,0,0,0,0,0,0,0,0
Trucker,6.8,0,0,0,0,0,0,1,0,0,0,0,0,0,0,0,0,0,0,0,0
MeYouandFiveBucks,10.0,0,0,0,0,0,0,0,0,0,0,0,0,0,0,1,0,0,0,0,0
TheLordsofSalem,5.1,0,0,0,0,0,0,0,0,0,0,0,1,0,0,0,0,0,0,0,0
Housebound,6.5,0,0,0,0,0,0,0,0,0,0,0,1,0,0,0,0,0,0,0,0
WalMartTheHighCostofLowPrice,6.9,0,0,0,0,0,1,0,0,0,0,0,0,0,0,0,0,0,0,0,0
FetchingCody,6.8,0,0,0,1,0,0,0,0,0,0,0,0,0,0,0,0,0,0,0,0
LastIHeard,6.0,0,0,0,0,0,0,1,0,0,0,0,0,0,0,0,0,0,0,0,0
ClosertotheMoon,6.4,0,0,0,1,0,0,0,0,0,0,0,0,0,0,0,0,0,0,0,0
MutantWorld,2.6,0,0,0,0,0,0,0,0,0,0,0,0,0,0,0,1,0,0,0,0
GrowingUpSmith,7.4,0,0,0,1,0,0,0,0,0,0,0,0,0,0,0,0,0,0,0,0
Checkmate,4.2,0,0,0,0,0,0,0,0,0,0,0,0,0,0,0,0,0,1,0,0
Horror,3.3,0,0,0,0,0,0,1,0,0,0,0,0,0,0,0,0,0,0,0,0
WindWalkers,7.5,1,0,0,0,0,0,0,0,0,0,0,0,0,0,0,0,0,0,0,0
SnowWhiteandtheSevenDwarfs,6.9,0,0,0,0,0,0,0,0,1,0,0,0,0,0,0,0,0,0,0,0
TheHolyGirl,6.8,0,0,0,0,0,0,1,0,0,0,0,0,0,0,0,0,0,0,0,0
Shalako,5.4,0,0,0,0,0,0,0,0,0,0,0,0,0,0,0,0,0,0,0,1
IncidentatLochNess,5.9,0,1,0,0,0,0,0,0,0,0,0,0,0,0,0,0,0,0,0,0
TheDogLover,5.3,0,0,0,0,0,0,1,0,0,0,0,0,0,0,0,0,0,0,0,0
GirlHouse,5.2,0,0,0,0,0,0,0,0,0,0,0,1,0,0,0,0,0,0,0,0
TheBlueRoom,6.2,0,0,0,0,0,0,1,0,0,0,0,0,0,0,0,0,0,0,0,0
HouseattheEndoftheDrive,0.0,0,0,0,0,0,0,0,0,0,0,0,0,0,0,0,0,0,1,0,0
Batman,6.1,0,0,0,0,0,0,0,1,0,0,0,0,0,0,0,0,0,0,0,0
LockStockandTwoSmokingBarrels,7.5,0,0,0,1,0,0,0,0,0,0,0,0,0,0,0,0,0,0,0,0
TheBalladofGregorioCortez,0.0,0,0,0,0,0,0,0,0,0,0,0,0,0,0,0,0,0,0,0,1
TheCelebration,7.7,0,0,0,0,0,0,1,0,0,0,0,0,0,0,0,0,0,0,0,0
TreesLounge,6.7,0,0,0,1,0,0,0,0,0,0,0,0,0,0,0,0,0,0,0,0
JourneyfromtheFall,5.0,0,0,0,0,0,0,1,0,0,0,0,0,0,0,0,0,0,0,0,0
TheBasket,6.5,0,0,0,0,0,0,1,0,0,0,0,0,0,0,0,0,0,0,0,0
EddieTheSleepwalkingCannibal,6.1,0,0,0,0,0,0,0,0,0,0,0,1,0,0,0,0,0,0,0,0
QueenoftheMountains,0.0,0,0,0,0,0,0,1,0,0,0,0,0,0,0,0,0,0,0,0,0
DefCon4,2.8,0,0,0,0,0,0,0,0,0,0,0,0,0,0,0,1,0,0,0,0
TheHebrewHammer,5.9,1,0,0,0,0,0,0,0,0,0,0,0,0,0,0,0,0,0,0,0
NealnNikki,2.3,0,0,0,1,0,0,0,0,0,0,0,0,0,0,0,0,0,0,0,0
The41YearOldVirginWhoKnockedUpSarahMarshallandFeltSuperbadAboutIt,3.2,0,0,0,1,0,0,0,0,0,0,0,0,0,0,0,0,0,0,0,0
ForgetMeNot,5.0,0,0,0,0,0,0,1,0,0,0,0,0,0,0,0,0,0,0,0,0
Rebecca,7.7,0,0,0,0,0,0,1,0,0,0,0,0,0,0,0,0,0,0,0,0
Fridaythe13thPart2,6.0,0,0,0,0,0,0,0,0,0,0,0,1,0,0,0,0,0,0,0,0
TheLostWeekend,7.4,0,0,0,0,0,0,1,0,0,0,0,0,0,0,0,0,0,0,0,0
CHUD,5.3,0,0,0,0,0,0,0,0,0,0,0,1,0,0,0,0,0,0,0,0
FillyBrown,5.9,0,0,0,0,0,0,1,0,0,0,0,0,0,0,0,0,0,0,0,0
TheLionofJudah,5.8,0,1,0,0,0,0,0,0,0,0,0,0,0,0,0,0,0,0,0,0
Niagara,6.7,0,0,0,0,1,0,0,0,0,0,0,0,0,0,0,0,0,0,0,0
HowGreenWasMyValley,6.8,0,0,0,0,0,0,1,0,0,0,0,0,0,0,0,0,0,0,0,0
DaSweetBloodofJesus,4.1,0,0,0,0,0,0,0,0,0,0,0,0,0,0,0,0,0,1,0,0
SexLiesandVideotape,6.7,0,0,0,0,0,0,1,0,0,0,0,0,0,0,0,0,0,0,0,0
Saw,7.2,0,0,0,0,0,0,0,0,0,0,0,1,0,0,0,0,0,0,0,0
SuperTroopers,6.6,0,0,0,1,0,0,0,0,0,0,0,0,0,0,0,0,0,0,0,0
TheAlgerian,0.0,0,0,0,0,0,0,0,0,0,0,0,0,0,0,0,0,0,0,0,0
TheAmazingCatfish,5.7,0,0,0,1,0,0,0,0,0,0,0,0,0,0,0,0,0,0,0,0
MonsoonWedding,6.8,0,0,0,1,0,0,0,0,0,0,0,0,0,0,0,0,0,0,0,0
YouCanCountonMe,6.8,0,0,0,0,0,0,1,0,0,0,0,0,0,0,0,0,0,0,0,0
TheTroublewithHarry,6.9,0,0,0,1,0,0,0,0,0,0,0,0,0,0,0,0,0,0,0,0
ButImaCheerleader,6.5,0,0,0,1,0,0,0,0,0,0,0,0,0,0,0,0,0,0,0,0
HomeRun,6.3,0,0,0,0,0,0,1,0,0,0,0,0,0,0,0,0,0,0,0,0
ReservoirDogs,8.0,0,0,0,0,1,0,0,0,0,0,0,0,0,0,0,0,0,0,0,0
TheBlueBird,6.4,0,0,0,0,0,0,1,0,0,0,0,0,0,0,0,0,0,0,0,0
TheGoodtheBadandtheUgly,8.1,0,0,0,0,0,0,0,0,0,0,0,0,0,0,0,0,0,0,0,1
TheSecondMother,7.8,0,0,0,0,0,0,1,0,0,0,0,0,0,0,0,0,0,0,0,0
BlueLikeJazz,5.8,0,0,0,0,0,0,1,0,0,0,0,0,0,0,0,0,0,0,0,0
DownOutWithTheDolls,0.0,0,0,0,1,0,0,0,0,0,0,0,0,0,0,0,0,0,0,0,0
PinkRibbonsInc,6.8,0,0,0,0,0,1,0,0,0,0,0,0,0,0,0,0,0,0,0,0
CertifiablyJonathan,0.0,0,0,0,1,0,0,0,0,0,0,0,0,0,0,0,0,0,0,0,0
Desire,4.1,0,0,0,0,0,0,1,0,0,0,0,0,0,0,0,0,0,0,0,0
TheBladeofDonJuan,0.0,0,0,0,0,0,0,1,0,0,0,0,0,0,0,0,0,0,0,0,0
GrandTheftParsons,6.0,0,0,0,0,1,0,0,0,0,0,0,0,0,0,0,0,0,0,0,0
ExtremeMovie,3.9,0,0,0,1,0,0,0,0,0,0,0,0,0,0,0,0,0,0,0,0
TheChargeoftheLightBrigade,6.8,1,0,0,0,0,0,0,0,0,0,0,0,0,0,0,0,0,0,0,0
BelowZero,4.4,0,0,0,0,0,0,0,0,0,0,0,0,0,0,0,0,0,1,0,0
Crowsnest,4.8,0,0,0,0,0,0,0,0,0,0,0,0,0,0,0,0,0,0,0,0
Airborne,6.1,1,0,0,0,0,0,0,0,0,0,0,0,0,0,0,0,0,0,0,0
CottonComestoHarlem,6.7,1,0,0,0,0,0,0,0,0,0,0,0,0,0,0,0,0,0,0,0
TheWickedWithin,4.2,0,0,0,0,0,0,0,0,0,0,0,1,0,0,0,0,0,0,0,0
BleedingHearts,2.0,0,0,0,0,0,0,0,0,0,0,0,1,0,0,0,0,0,0,0,0
Waiting,6.2,0,0,0,1,0,0,0,0,0,0,0,0,0,0,0,0,0,0,0,0
DeadMansShoes,7.2,0,0,0,0,0,0,1,0,0,0,0,0,0,0,0,0,0,0,0,0
FromaWhispertoaScream,6.8,0,0,0,1,0,0,0,0,0,0,0,0,0,0,0,0,0,0,0,0
SexWithStrangers,5.0,0,0,0,0,0,1,0,0,0,0,0,0,0,0,0,0,0,0,0,0
DraculaPagesfromaVirginsDiary,6.9,0,0,0,0,0,0,0,0,0,0,0,1,0,0,0,0,0,0,0,0
FaithLikePotatoes,6.0,0,0,0,0,0,0,1,0,0,0,0,0,0,0,0,0,0,0,0,0
BeyondtheBlackRainbow,5.7,0,0,0,0,0,0,0,0,1,0,0,0,0,0,0,0,0,0,0,0
TheRaid,7.3,1,0,0,0,0,0,0,0,0,0,0,0,0,0,0,0,0,0,0,0
TheDeadUndead,3.1,0,0,0,0,0,0,0,0,0,0,0,1,0,0,0,0,0,0,0,0
TheVaticanExorcisms,4.4,0,0,0,0,0,0,0,0,0,0,0,1,0,0,0,0,0,0,0,0
Casablanca,7.9,0,0,0,0,0,0,1,0,0,0,0,0,0,0,0,0,0,0,0,0
LakeMungo,6.1,0,0,0,0,0,0,0,0,0,0,0,1,0,0,0,0,0,0,0,0
RocketSinghSalesmanoftheYear,7.0,0,0,0,0,0,0,1,0,0,0,0,0,0,0,0,0,0,0,0,0
SilentRunning,6.3,0,1,0,0,0,0,0,0,0,0,0,0,0,0,0,0,0,0,0,0
Rocky,7.5,0,0,0,0,0,0,1,0,0,0,0,0,0,0,0,0,0,0,0,0
TheSleepwalker,4.1,0,0,0,0,0,0,1,0,0,0,0,0,0,0,0,0,0,0,0,0
TomJones,6.1,0,1,0,0,0,0,0,0,0,0,0,0,0,0,0,0,0,0,0,0
Unfriended,5.5,0,0,0,0,0,0,0,0,0,0,0,1,0,0,0,0,0,0,0,0
TaxiDriver,8.0,0,0,0,0,1,0,0,0,0,0,0,0,0,0,0,0,0,0,0,0
TheHowling,6.4,0,0,0,0,0,0,1,0,0,0,0,0,0,0,0,0,0,0,0,0
DrNo,6.9,0,1,0,0,0,0,0,0,0,0,0,0,0,0,0,0,0,0,0,0
ChernobylDiaries,4.9,0,0,0,0,0,0,0,0,0,0,0,1,0,0,0,0,0,0,0,0
Hellraiser,6.9,0,0,0,0,0,0,0,0,0,0,0,1,0,0,0,0,0,0,0,0
GodsNotDead2,5.7,0,0,0,0,0,0,1,0,0,0,0,0,0,0,0,0,0,0,0,0
Cry_Wolf,5.6,0,0,0,0,0,0,0,0,0,0,0,1,0,0,0,0,0,0,0,0
Godzilla2000,5.9,0,1,0,0,0,0,0,0,0,0,0,0,0,0,0,0,0,0,0,0
BlueValentine,6.9,0,0,0,0,0,0,1,0,0,0,0,0,0,0,0,0,0,0,0,0
Transamerica,6.9,0,0,0,0,0,0,1,0,0,0,0,0,0,0,0,0,0,0,0,0
TheDevilInside,4.6,0,0,0,0,0,0,0,0,0,0,0,0,0,0,0,0,0,1,0,0
BeyondtheValleyoftheDolls,6.6,0,0,0,1,0,0,0,0,0,0,0,0,0,0,0,0,0,0,0,0
LoveMeTender,5.5,0,0,0,0,0,0,1,0,0,0,0,0,0,0,0,0,0,0,0,0
AnInconvenientTruth,6.7,0,0,0,0,0,1,0,0,0,0,0,0,0,0,0,0,0,0,0,0
SandsofIwoJima,6.2,1,0,0,0,0,0,0,0,0,0,0,0,0,0,0,0,0,0,0,0
ShineaLight,7.2,0,0,0,0,0,1,0,0,0,0,0,0,0,0,0,0,0,0,0,0
TheGreenInferno,5.0,1,0,0,0,0,0,0,0,0,0,0,0,0,0,0,0,0,0,0,0
Departure,7.5,0,0,0,0,0,0,1,0,0,0,0,0,0,0,0,0,0,0,0,0
TheSessions,6.6,0,0,0,0,0,0,1,0,0,0,0,0,0,0,0,0,0,0,0,0
FoodInc,7.4,0,0,0,0,0,1,0,0,0,0,0,0,0,0,0,0,0,0,0,0
OctoberBaby,6.8,0,0,0,0,0,0,1,0,0,0,0,0,0,0,0,0,0,0,0,0
NextStopWonderland,6.0,0,0,0,1,0,0,0,0,0,0,0,0,0,0,0,0,0,0,0,0
TheSkeletonTwins,6.7,0,0,0,0,0,0,1,0,0,0,0,0,0,0,0,0,0,0,0,0
MarthaMarcyMayMarlene,6.7,0,0,0,0,0,0,1,0,0,0,0,0,0,0,0,0,0,0,0,0
ObviousChild,6.7,0,0,0,1,0,0,0,0,0,0,0,0,0,0,0,0,0,0,0,0
FrozenRiver,6.7,0,0,0,0,0,0,1,0,0,0,0,0,0,0,0,0,0,0,0,0
20FeetfromStardom,7.4,0,0,0,0,0,1,0,0,0,0,0,0,0,0,0,0,0,0,0,0
TwoGirlsandaGuy,5.4,0,0,0,0,0,0,1,0,0,0,0,0,0,0,0,0,0,0,0,0
WalkingandTalking,6.6,0,0,0,1,0,0,0,0,0,0,0,0,0,0,0,0,0,0,0,0
WhoKilledtheElectricCar,7.2,0,0,0,0,0,1,0,0,0,0,0,0,0,0,0,0,0,0,0,0
TheBrokenHeartsClubARomanticComedy,6.3,0,0,0,1,0,0,0,0,0,0,0,0,0,0,0,0,0,0,0,0
BubbaHotep,6.7,0,0,0,1,0,0,0,0,0,0,0,0,0,0,0,0,0,0,0,0
Slam,6.7,0,0,0,0,0,0,1,0,0,0,0,0,0,0,0,0,0,0,0,0
BrighamCity,7.3,0,0,0,0,1,0,0,0,0,0,0,0,0,0,0,0,0,0,0,0
Fiza,6.1,0,0,0,0,0,0,1,0,0,0,0,0,0,0,0,0,0,0,0,0
Orgazmo,6.2,0,0,0,1,0,0,0,0,0,0,0,0,0,0,0,0,0,0,0,0
AlltheRealGirls,5.9,0,0,0,0,0,0,1,0,0,0,0,0,0,0,0,0,0,0,0,0
DreamwiththeFishes,7.7,0,0,0,1,0,0,0,0,0,0,0,0,0,0,0,0,0,0,0,0
BlueCar,6.7,0,0,0,0,0,0,1,0,0,0,0,0,0,0,0,0,0,0,0,0
PaloAlto,6.4,0,0,0,0,0,0,1,0,0,0,0,0,0,0,0,0,0,0,0,0
Ajami,6.8,0,0,0,0,1,0,0,0,0,0,0,0,0,0,0,0,0,0,0,0
WristcuttersALoveStory,6.7,0,0,0,1,0,0,0,0,0,0,0,0,0,0,0,0,0,0,0,0
IOrigins,7.5,0,0,0,0,0,0,0,0,0,0,0,0,0,0,0,1,0,0,0,0
TheBattleofShakerHeights,5.6,0,0,0,1,0,0,0,0,0,0,0,0,0,0,0,0,0,0,0,0
TheActofKilling,7.5,0,0,0,0,0,1,0,0,0,0,0,0,0,0,0,0,0,0,0,0
TaxitotheDarkSide,6.6,0,0,0,0,0,1,0,0,0,0,0,0,0,0,0,0,0,0,0,0
OnceinaLifetimeTheExtraordinaryStoryoftheNewYorkCosmos,4.7,0,0,0,0,0,1,0,0,0,0,0,0,0,0,0,0,0,0,0,0
Guiana1838,2.8,0,0,0,0,0,0,1,0,0,0,0,0,0,0,0,0,0,0,0,0
LisaPicardIsFamous,4.0,0,0,0,0,0,0,0,0,0,0,0,0,0,0,0,0,0,0,0,0
AntarcticaAYearonIce,7.2,0,0,0,0,0,0,1,0,0,0,0,0,0,0,0,0,0,0,0,0
ALEGOBrickumentary,6.4,0,0,0,0,0,1,0,0,0,0,0,0,0,0,0,0,0,0,0,0
Hardflip,4.7,0,0,0,0,0,0,1,0,0,0,0,0,0,0,0,0,0,0,0,0
ChocolateDeepDarkSecrets,3.4,0,0,0,0,0,0,0,0,0,0,0,0,0,0,0,0,0,1,0,0
TheHouseoftheDevil,6.0,0,0,0,0,0,0,0,0,0,0,0,0,0,1,0,0,0,0,0,0
ThePerfectHost,6.2,0,0,0,1,0,0,0,0,0,0,0,0,0,0,0,0,0,0,0,0
SafeMen,6.3,0,0,0,1,0,0,0,0,0,0,0,0,0,0,0,0,0,0,0,0
SpeedwayJunky,5.2,0,0,0,0,0,0,0,0,0,0,0,0,0,0,1,0,0,0,0,0
TheLastBigThing,6.0,0,0,0,1,0,0,0,0,0,0,0,0,0,0,0,0,0,0,0,0
TheSpecials,5.5,1,0,0,0,0,0,0,0,0,0,0,0,0,0,0,0,0,0,0,0
16toLife,4.4,0,0,0,1,0,0,0,0,0,0,0,0,0,0,0,0,0,0,0,0
AloneWithHer,6.2,0,0,0,0,1,0,0,0,0,0,0,0,0,0,0,0,0,0,0,0
CreativeControl,5.4,0,0,0,0,0,0,1,0,0,0,0,0,0,0,0,0,0,0,0,0
Special,6.6,0,0,0,0,0,0,1,0,0,0,0,0,0,0,0,0,0,0,0,0
Sparkler,0.0,0,0,0,0,0,0,0,0,0,0,0,0,0,0,0,0,0,0,0,0
TheHelixLoaded,4.8,1,0,0,0,0,0,0,0,0,0,0,0,0,0,0,0,0,0,0,0
InHerLineofFire,3.3,0,0,0,0,0,0,1,0,0,0,0,0,0,0,0,0,0,0,0,0
TheJimmyShow,8.0,0,0,0,1,0,0,0,0,0,0,0,0,0,0,0,0,0,0,0,0
Heli,6.2,0,0,0,0,1,0,0,0,0,0,0,0,0,0,0,0,0,0,0,0
KarachiseLahore,8.0,0,0,0,0,0,0,0,1,0,0,0,0,0,0,0,0,0,0,0,0
LovingAnnabelle,6.4,0,0,0,0,0,0,1,0,0,0,0,0,0,0,0,0,0,0,0,0
Hits,4.9,0,0,0,0,0,0,1,0,0,0,0,0,0,0,0,0,0,0,0,0
JimmyandJudy,5.4,1,0,0,0,0,0,0,0,0,0,0,0,0,0,0,0,0,0,0,0
FratParty,3.5,0,0,0,1,0,0,0,0,0,0,0,0,0,0,0,0,0,0,0,0
ThePartysOver,6.1,0,0,0,0,0,0,1,0,0,0,0,0,0,0,0,0,0,0,0,0
Proud,5.5,0,0,0,0,0,0,1,0,0,0,0,0,0,0,0,0,0,0,0,0
ThePokerHouse,6.1,0,0,0,0,0,0,1,0,0,0,0,0,0,0,0,0,0,0,0,0
Childless,4.5,0,0,0,0,0,0,0,0,0,0,0,0,0,0,0,0,0,0,0,0
ZMDZombiesofMassDestruction,4.7,0,0,0,0,0,0,0,0,0,0,0,1,0,0,0,0,0,0,0,0
SnowWhiteADeadlySummer,4.8,0,0,0,0,0,0,0,0,0,0,0,1,0,0,0,0,0,0,0,0
HiddenAway,7.6,0,0,0,0,0,0,0,0,0,0,0,0,0,0,1,0,0,0,0,0
MyLastDayWithoutYou,5.7,0,0,0,1,0,0,0,0,0,0,0,0,0,0,0,0,0,0,0,0
SteppinTheMovie,5.0,0,0,0,1,0,0,0,0,0,0,0,0,0,0,0,0,0,0,0,0
DocHollidaysRevenge,3.2,0,0,0,0,0,0,0,0,0,0,0,0,0,0,0,0,0,0,0,1
BlackRock,4.9,0,0,0,0,0,0,0,0,0,0,0,0,0,0,0,0,0,1,0,0
TruthorDare,5.7,0,0,0,0,0,0,0,0,0,0,0,1,0,0,0,0,0,0,0,0
ThePet,5.3,0,0,0,0,0,0,1,0,0,0,0,0,0,0,0,0,0,0,0,0
BangBangBaby,6.6,0,0,0,0,0,0,0,0,0,0,0,0,0,0,0,1,0,0,0,0
FearClinic,4.0,0,0,0,0,0,0,0,0,0,0,0,1,0,0,0,0,0,0,0,0
ZombieHunter,3.5,0,0,0,1,0,0,0,0,0,0,0,0,0,0,0,0,0,0,0,0
AFineStep,4.1,0,0,0,0,0,0,1,0,0,0,0,0,0,0,0,0,0,0,0,0
Charly,6.6,0,0,0,0,0,0,1,0,0,0,0,0,0,0,0,0,0,0,0,0
BansheeChapter,5.7,0,0,0,0,0,0,0,0,0,0,0,1,0,0,0,0,0,0,0,0
AskMeAnything,5.5,0,0,0,0,0,0,1,0,0,0,0,0,0,0,0,0,0,0,0,0
AndThenCameLove,5.0,0,0,0,1,0,0,0,0,0,0,0,0,0,0,0,0,0,0,0,0
FoodChains,7.4,0,0,0,0,0,1,0,0,0,0,0,0,0,0,0,0,0,0,0,0
OntheWaterfront,8.0,0,0,0,0,1,0,0,0,0,0,0,0,0,0,0,0,0,0,0,0
LfeHappens,5.3,0,0,0,1,0,0,0,0,0,0,0,0,0,0,0,0,0,0,0,0
4Months3Weeksand2Days,7.3,0,0,0,0,0,0,1,0,0,0,0,0,0,0,0,0,0,0,0,0
TheHorrorNetworkVol1,5.0,0,0,0,0,0,0,0,0,0,0,0,1,0,0,0,0,0,0,0,0
HardCandy,6.8,0,0,0,0,0,0,1,0,0,0,0,0,0,0,0,0,0,0,0,0
TheQuiet,6.1,0,0,0,0,0,0,1,0,0,0,0,0,0,0,0,0,0,0,0,0
Circumstance,7.4,0,0,0,0,0,0,1,0,0,0,0,0,0,0,0,0,0,0,0,0
FruitvaleStation,7.3,0,0,0,0,0,0,1,0,0,0,0,0,0,0,0,0,0,0,0,0
TheBrassTeapot,5.8,0,0,0,1,0,0,0,0,0,0,0,0,0,0,0,0,0,0,0,0
Bambi,6.8,0,0,1,0,0,0,0,0,0,0,0,0,0,0,0,0,0,0,0,0
TheHammer,6.5,0,0,0,1,0,0,0,0,0,0,0,0,0,0,0,0,0,0,0,0
LatterDays,6.7,0,0,0,0,0,0,1,0,0,0,0,0,0,0,0,0,0,0,0,0
Elza,0.0,0,0,0,0,0,0,1,0,0,0,0,0,0,0,0,0,0,0,0,0
1982,5.0,0,0,0,0,0,0,1,0,0,0,0,0,0,0,0,0,0,0,0,0
ForaGoodTimeCall,5.8,0,0,0,1,0,0,0,0,0,0,0,0,0,0,0,0,0,0,0,0
CelesteJesseForever,6.4,0,0,0,1,0,0,0,0,0,0,0,0,0,0,0,0,0,0,0,0
TimeChanger,5.2,0,0,0,1,0,0,0,0,0,0,0,0,0,0,0,0,0,0,0,0
LondontoBrighton,6.5,0,0,0,0,1,0,0,0,0,0,0,0,0,0,0,0,0,0,0,0
AmericanHero,5.0,1,0,0,0,0,0,0,0,0,0,0,0,0,0,0,0,0,0,0,0
WindsorDrive,2.0,0,0,0,0,0,0,0,0,0,0,0,0,0,0,0,0,0,1,0,0
ASeparation,7.7,0,0,0,0,0,0,1,0,0,0,0,0,0,0,0,0,0,0,0,0
CryingwithLaughter,7.0,0,0,0,1,0,0,0,0,0,0,0,0,0,0,0,0,0,0,0,0
WelcometotheDollhouse,6.9,0,0,0,1,0,0,0,0,0,0,0,0,0,0,0,0,0,0,0,0
RubyinParadise,5.6,0,0,0,0,0,0,1,0,0,0,0,0,0,0,0,0,0,0,0,0
RaisingVictorVargas,7.8,0,0,0,0,0,0,1,0,0,0,0,0,0,0,0,0,0,0,0,0
PandorasBox,7.6,0,0,0,0,0,0,1,0,0,0,0,0,0,0,0,0,0,0,0,0
HarrisonMontgomery,0.0,0,0,0,0,0,0,0,0,0,0,0,0,0,0,0,0,0,0,0,0
LiveInMaid,7.8,0,0,0,0,0,0,1,0,0,0,0,0,0,0,0,0,0,0,0,0
Deterrence,6.1,1,0,0,0,0,0,0,0,0,0,0,0,0,0,0,0,0,0,0,0
TheMudgeBoy,7.3,0,0,0,0,0,0,1,0,0,0,0,0,0,0,0,0,0,0,0,0
TheYoungUnknowns,0.0,0,0,0,0,0,0,1,0,0,0,0,0,0,0,0,0,0,0,0,0
NotCool,3.7,0,0,0,1,0,0,0,0,0,0,0,0,0,0,0,0,0,0,0,0
DeadSnow,6.1,0,0,0,0,0,0,0,0,0,0,0,1,0,0,0,0,0,0,0,0
SaintsandSoldiers,6.6,1,0,0,0,0,0,0,0,0,0,0,0,0,0,0,0,0,0,0,0
Vessel,5.9,0,0,0,0,0,0,0,0,0,0,0,1,0,0,0,0,0,0,0,0
AmericanGraffiti,6.9,0,0,0,1,0,0,0,0,0,0,0,0,0,0,0,0,0,0,0,0
IraqforSaleTheWarProfiteers,8.0,0,0,0,0,0,1,0,0,0,0,0,0,0,0,0,0,0,0,0,0
AquaTeenHungerForceColonMovieFilmforTheaters,6.5,0,0,1,0,0,0,0,0,0,0,0,0,0,0,0,0,0,0,0,0
SafetyNotGuaranteed,6.8,0,0,0,1,0,0,0,0,0,0,0,0,0,0,0,0,0,0,0,0
KevinHartLaughatMyPain,7.7,0,0,0,1,0,0,0,0,0,0,0,0,0,0,0,0,0,0,0,0
KillList,6.0,0,0,0,0,0,0,0,0,0,0,0,1,0,0,0,0,0,0,0,0
TheInnkeepers,5.4,0,0,0,0,0,0,0,0,0,0,0,1,0,0,0,0,0,0,0,0
TheConformist,7.6,0,0,0,0,0,0,1,0,0,0,0,0,0,0,0,0,0,0,0,0
InterviewwiththeAssassin,5.6,0,0,0,0,0,0,1,0,0,0,0,0,0,0,0,0,0,0,0,0
DonkeyPunch,4.5,0,0,0,0,0,0,0,0,0,0,0,1,0,0,0,0,0,0,0,0
AlltheBoysLoveMandyLane,5.7,0,0,0,0,0,0,0,0,0,0,0,1,0,0,0,0,0,0,0,0
Bled,3.8,0,0,0,0,0,0,0,0,0,0,0,1,0,0,0,0,0,0,0,0
HighNoon,7.6,0,0,0,0,0,0,0,0,0,0,0,0,0,0,0,0,0,0,0,1
HoopDreams,7.7,0,0,0,0,0,1,0,0,0,0,0,0,0,0,0,0,0,0,0,0
Rize,5.9,0,0,0,0,0,1,0,0,0,0,0,0,0,0,0,0,0,0,0,0
LIE,6.7,0,0,0,0,0,0,1,0,0,0,0,0,0,0,0,0,0,0,0,0
TheSisterhoodofNight,6.5,0,0,0,0,0,0,0,0,0,0,0,0,0,1,0,0,0,0,0,0
BGirl,5.5,0,0,0,0,1,0,0,0,0,0,0,0,0,0,0,0,0,0,0,0
HalfNelson,6.5,0,0,0,0,0,0,1,0,0,0,0,0,0,0,0,0,0,0,0,0
NaturallyNative,0.0,0,0,0,0,0,0,1,0,0,0,0,0,0,0,0,0,0,0,0,0
HavPlenty,0.0,1,0,0,0,0,0,0,0,0,0,0,0,0,0,0,0,0,0,0,0
Adulterers,5.2,0,0,0,0,0,0,0,0,0,0,0,0,0,0,0,0,0,1,0,0
EscapefromTomorrow,4.8,0,0,0,0,0,0,0,0,0,0,0,1,0,0,0,0,0,0,0,0
Starsuckers,6.2,0,0,0,0,0,1,0,0,0,0,0,0,0,0,0,0,0,0,0,0
TheHadzaLastoftheFirst,0.0,0,0,0,0,0,1,0,0,0,0,0,0,0,0,0,0,0,0,0,0
After,5.6,0,0,0,0,0,0,0,0,0,0,0,0,0,1,0,0,0,0,0,0
Treachery,4.8,0,0,0,0,0,0,1,0,0,0,0,0,0,0,0,0,0,0,0,0
Walter,5.3,0,0,0,0,0,0,1,0,0,0,0,0,0,0,0,0,0,0,0,0
TopHat,7.4,0,0,0,1,0,0,0,0,0,0,0,0,0,0,0,0,0,0,0,0
TheBlairWitchProject,6.3,0,0,0,0,0,0,0,0,0,0,0,1,0,0,0,0,0,0,0,0
Woodstock,7.1,0,0,0,0,0,0,0,0,0,0,1,0,0,0,0,0,0,0,0,0
TheKentuckyFriedMovie,6.4,0,0,0,1,0,0,0,0,0,0,0,0,0,0,0,0,0,0,0,0
MercyStreets,5.5,1,0,0,0,0,0,0,0,0,0,0,0,0,0,0,0,0,0,0,0
CarouselofRevenge,0.0,0,0,0,0,0,0,0,0,0,0,0,0,0,0,0,0,0,1,0,0
BrokenVessels,6.0,0,0,0,0,0,0,1,0,0,0,0,0,0,0,0,0,0,0,0,0
WaterPower,3.0,0,0,0,0,1,0,0,0,0,0,0,0,0,0,0,0,0,0,0,0
TheyWillHavetoKillUsFirst,5.0,0,0,0,0,0,0,0,0,0,0,0,0,1,0,0,0,0,0,0,0
LightfromtheDarkroom,0.0,0,0,0,0,0,0,0,0,0,0,0,0,0,0,0,0,0,0,0,0
TheCountryDoctor,6.0,0,0,0,0,0,0,1,0,0,0,0,0,0,0,0,0,0,0,0,0
TheMaidsRoom,4.8,0,0,0,0,0,0,0,0,0,0,0,0,0,0,0,0,0,1,0,0
AHardDaysNight,7.3,0,0,0,1,0,0,0,0,0,0,0,0,0,0,0,0,0,0,0,0
TheHarvestLaCosecha,0.0,0,0,0,0,0,1,0,0,0,0,0,0,0,0,0,0,0,0,0,0
LoveLetters,4.6,0,0,0,0,0,0,1,0,0,0,0,0,0,0,0,0,0,0,0,0
JulietandAlfaRomeo,6.0,0,0,0,1,0,0,0,0,0,0,0,0,0,0,0,0,0,0,0,0
Fireproof,7.0,0,0,0,0,0,0,1,0,0,0,0,0,0,0,0,0,0,0,0,0
FaithConnections,4.2,0,0,0,0,0,1,0,0,0,0,0,0,0,0,0,0,0,0,0,0
Benji,6.1,0,1,0,0,0,0,0,0,0,0,0,0,0,0,0,0,0,0,0,0
OpenWater,5.4,0,0,0,0,0,0,1,0,0,0,0,0,0,0,0,0,0,0,0,0
HighRoad,5.8,0,0,0,1,0,0,0,0,0,0,0,0,0,0,0,0,0,0,0,0
KingdomoftheSpiders,5.7,0,0,0,0,0,0,0,0,0,0,0,1,0,0,0,0,0,0,0,0
MadHotBallroom,7.2,0,0,0,0,0,1,0,0,0,0,0,0,0,0,0,0,0,0,0,0
TheStationAgent,7.4,0,0,0,0,0,0,1,0,0,0,0,0,0,0,0,0,0,0,0,0
ToSaveALife,6.2,0,0,0,0,0,0,1,0,0,0,0,0,0,0,0,0,0,0,0,0
Wordplay,7.3,0,0,0,0,0,1,0,0,0,0,0,0,0,0,0,0,0,0,0,0
BeyondtheMat,7.8,0,0,0,0,0,1,0,0,0,0,0,0,0,0,0,0,0,0,0,0
TheSinglesWard,7.5,0,0,0,1,0,0,0,0,0,0,0,0,0,0,0,0,0,0,0,0
Osama,6.3,0,0,0,0,0,0,1,0,0,0,0,0,0,0,0,0,0,0,0,0
SholemAleichemLaughingInTheDarkness,7.0,0,0,0,0,0,1,0,0,0,0,0,0,0,0,0,0,0,0,0,0
Groove,5.6,0,0,0,0,0,0,1,0,0,0,0,0,0,0,0,0,0,0,0,0
TheRM,4.8,0,0,0,1,0,0,0,0,0,0,0,0,0,0,0,0,0,0,0,0
TwinFallsIdaho,7.0,0,0,0,0,0,0,1,0,0,0,0,0,0,0,0,0,0,0,0,0
MeanCreek,6.9,0,0,0,0,1,0,0,0,0,0,0,0,0,0,0,0,0,0,0,0
HurricaneStreets,4.8,0,0,0,0,0,0,0,0,0,0,0,0,0,0,1,0,0,0,0,0
NeverAgain,4.0,0,0,0,1,0,0,0,0,0,0,0,0,0,0,0,0,0,0,0,0
CivilBrand,5.3,0,0,0,0,1,0,0,0,0,0,0,0,0,0,0,0,0,0,0,0
LonesomeJim,6.4,0,0,0,1,0,0,0,0,0,0,0,0,0,0,0,0,0,0,0,0
DrinkingBuddies,6.0,0,0,0,0,0,0,0,0,0,0,0,0,0,0,1,0,0,0,0,0
DeceptivePracticeTheMysteriesandMentorsofRickyJay,7.1,0,0,0,0,0,1,0,0,0,0,0,0,0,0,0,0,0,0,0,0
SevenSamurai,8.2,1,0,0,0,0,0,0,0,0,0,0,0,0,0,0,0,0,0,0,0
TheOtherDreamTeam,6.9,0,0,0,0,0,1,0,0,0,0,0,0,0,0,0,0,0,0,0,0
JohnnySuede,4.7,0,0,0,1,0,0,0,0,0,0,0,0,0,0,0,0,0,0,0,0
FinishingTheGame,4.9,0,0,0,1,0,0,0,0,0,0,0,0,0,0,0,0,0,0,0,0
Rubber,5.7,0,0,0,1,0,0,0,0,0,0,0,0,0,0,0,0,0,0,0,0
KisstheBride,4.2,0,0,0,0,0,0,1,0,0,0,0,0,0,0,0,0,0,0,0,0
TheSlaughterRule,6.2,0,0,0,0,0,0,1,0,0,0,0,0,0,0,0,0,0,0,0,0
Monsters,6.2,0,0,0,0,0,0,1,0,0,0,0,0,0,0,0,0,0,0,0,0
TheCalifornians,4.0,0,0,0,0,0,0,1,0,0,0,0,0,0,0,0,0,0,0,0,0
TheLivingWake,5.0,0,0,0,1,0,0,0,0,0,0,0,0,0,0,0,0,0,0,0,0
DetentionoftheDead,4.5,0,0,0,1,0,0,0,0,0,0,0,0,0,0,0,0,0,0,0,0
CrazyStone,6.9,1,0,0,0,0,0,0,0,0,0,0,0,0,0,0,0,0,0,0,0
ScottWalker30CenturyMan,7.0,0,0,0,0,0,1,0,0,0,0,0,0,0,0,0,0,0,0,0,0
EverythingPutTogether,5.0,0,0,0,0,0,0,1,0,0,0,0,0,0,0,0,0,0,0,0,0
GoodKill,5.9,1,0,0,0,0,0,0,0,0,0,0,0,0,0,0,0,0,0,0,0
TheOutrageousSophieTucker,0.0,0,0,0,0,0,0,0,0,0,0,0,0,0,0,0,0,0,0,0,0
NowIsGood,7.3,0,0,0,0,0,0,1,0,0,0,0,0,0,0,0,0,0,0,0,0
GirlsGoneDead,3.5,0,0,0,0,0,0,0,0,0,0,0,1,0,0,0,0,0,0,0,0
AmericaIsStillthePlace,0.0,0,0,0,0,0,0,0,0,0,0,0,0,0,0,0,0,0,0,0,0
Subconscious,3.4,1,0,0,0,0,0,0,0,0,0,0,0,0,0,0,0,0,0,0,0
EnterNowhere,6.5,0,0,0,0,0,0,0,0,0,0,0,0,0,1,0,0,0,0,0,0
ElReydeNajayo,0.0,0,0,0,0,1,0,0,0,0,0,0,0,0,0,0,0,0,0,0,0
FighttotheFinish,5.2,0,0,0,0,0,0,0,0,0,0,0,0,0,0,1,0,0,0,0,0
AlleluiaTheDevilsCarnival,6.0,0,0,0,0,0,0,0,0,0,0,0,0,1,0,0,0,0,0,0,0
TheSoundandtheShadow,0.0,0,0,0,0,0,0,0,0,0,0,0,0,0,0,0,0,0,1,0,0
RodeoGirl,5.5,0,0,0,0,0,0,0,1,0,0,0,0,0,0,0,0,0,0,0,0
BorntoFlyElizabethStrebvsGravity,5.0,0,0,0,0,0,1,0,0,0,0,0,0,0,0,0,0,0,0,0,0
TheLittlePonderosaZoo,2.0,0,0,0,0,0,0,0,0,0,0,0,0,0,0,0,0,0,0,0,0
TheToxicAvenger,6.3,0,0,0,0,0,0,0,0,0,0,0,0,0,0,0,1,0,0,0,0
StraightOutofBrooklyn,4.3,0,0,0,0,0,0,1,0,0,0,0,0,0,0,0,0,0,0,0,0
BloodySunday,7.2,1,0,0,0,0,0,0,0,0,0,0,0,0,0,0,0,0,0,0,0
DiamondRuff,2.4,0,0,0,0,0,0,0,0,0,0,0,0,0,0,0,0,0,0,0,0
ConversationswithOtherWomen,6.2,0,0,0,0,0,0,1,0,0,0,0,0,0,0,0,0,0,0,0,0
PoultrygeistNightoftheChickenDead,5.9,0,0,0,0,0,0,0,0,0,0,0,1,0,0,0,0,0,0,0,0
MutualFriends,0.0,0,0,0,0,0,0,0,0,0,0,0,0,0,0,0,0,0,0,0,0
42ndStreet,6.1,0,0,0,0,0,0,0,0,0,0,0,0,1,0,0,0,0,0,0,0
RiseoftheEntrepreneurTheSearchforaBetterWay,8.0,0,0,0,0,0,0,0,0,0,0,0,0,0,0,0,0,0,0,0,0
Metropolitan,7.0,0,0,0,1,0,0,0,0,0,0,0,0,0,0,0,0,0,0,0,0
AsItIsinHeaven,6.9,0,0,0,0,0,0,0,0,0,0,0,0,0,0,1,0,0,0,0,0
Roadside,4.2,0,0,0,0,0,0,0,0,0,0,0,1,0,0,0,0,0,0,0,0
NapoleonDynamite,6.7,0,0,0,1,0,0,0,0,0,0,0,0,0,0,0,0,0,0,0,0
BlueRuin,6.9,0,0,0,0,1,0,0,0,0,0,0,0,0,0,0,0,0,0,0,0
ParanormalActivity,5.9,0,0,0,0,0,0,0,0,0,0,0,1,0,0,0,0,0,0,0,0
DogtownandZBoys,7.2,0,0,0,0,0,1,0,0,0,0,0,0,0,0,0,0,0,0,0,0
MontyPythonandtheHolyGrail,7.8,0,1,0,0,0,0,0,0,0,0,0,0,0,0,0,0,0,0,0,0
Quinceañera,7.0,0,0,0,0,0,0,1,0,0,0,0,0,0,0,0,0,0,0,0,0
GoryGoryHallelujah,1.0,0,0,0,0,0,0,0,0,0,0,0,0,0,0,0,0,0,0,0,0
Tarnation,7.5,0,0,0,0,0,1,0,0,0,0,0,0,0,0,0,0,0,0,0,0
IWantYourMoney,3.8,0,0,0,0,0,1,0,0,0,0,0,0,0,0,0,0,0,0,0,0
LoveintheTimeofMonsters,5.0,0,0,0,0,0,0,0,0,0,0,0,1,0,0,0,0,0,0,0,0
TheBeyond,6.6,0,0,0,0,0,0,0,0,0,0,0,1,0,0,0,0,0,0,0,0
WhatHappensinVegas,5.8,0,0,0,1,0,0,0,0,0,0,0,0,0,0,0,0,0,0,0,0
TheDarkHours,5.5,0,0,0,0,0,0,0,0,0,0,0,1,0,0,0,0,0,0,0,0
MyBeautifulLaundrette,6.6,0,0,0,0,0,0,0,0,0,0,0,0,0,0,1,0,0,0,0,0
Fabled,0.0,0,0,0,0,0,0,1,0,0,0,0,0,0,0,0,0,0,0,0,0
ShowMe,5.6,0,0,0,0,0,0,1,0,0,0,0,0,0,0,0,0,0,0,0,0
CriesandWhispers,7.8,0,0,0,0,0,0,1,0,0,0,0,0,0,0,0,0,0,0,0,0
Intolerance,7.4,0,0,0,0,0,0,1,0,0,0,0,0,0,0,0,0,0,0,0,0
Trekkies,6.3,0,0,0,0,0,1,0,0,0,0,0,0,0,0,0,0,0,0,0,0
TheBroadwayMelody,5.0,0,0,0,0,0,0,1,0,0,0,0,0,0,0,0,0,0,0,0,0
TheEvilDead,7.3,0,0,0,0,0,0,0,0,0,0,0,1,0,0,0,0,0,0,0,0
Maniac,6.0,0,0,0,0,0,0,0,0,0,0,0,1,0,0,0,0,0,0,0,0
CensoredVoices,5.1,0,0,0,0,0,0,0,0,0,0,1,0,0,0,0,0,0,0,0,0
Murderball,6.9,0,0,0,0,0,1,0,0,0,0,0,0,0,0,0,0,0,0,0,0
AmericanNinja2TheConfrontation,4.9,1,0,0,0,0,0,0,0,0,0,0,0,0,0,0,0,0,0,0,0
51BirchStreet,6.8,0,0,0,0,0,1,0,0,0,0,0,0,0,0,0,0,0,0,0,0
RotorDR1,4.7,0,0,0,0,0,0,0,0,0,0,0,0,0,0,0,1,0,0,0,0
12AngryMen,8.2,0,0,0,0,0,0,1,0,0,0,0,0,0,0,0,0,0,0,0,0
MyDogTulip,7.6,0,0,1,0,0,0,0,0,0,0,0,0,0,0,0,0,0,0,0,0
ItHappenedOneNight,7.7,0,0,0,1,0,0,0,0,0,0,0,0,0,0,0,0,0,0,0,0
Dogtooth,6.9,0,0,0,0,0,0,1,0,0,0,0,0,0,0,0,0,0,0,0,0
TupacResurrection,8.0,0,0,0,0,0,0,0,0,0,0,0,0,1,0,0,0,0,0,0,0
Tumbleweeds,6.2,0,0,0,1,0,0,0,0,0,0,0,0,0,0,0,0,0,0,0,0
TheProphecy,6.4,0,0,0,0,0,0,0,0,1,0,0,0,0,0,0,0,0,0,0,0
WhentheCatsAway,6.1,0,0,0,1,0,0,0,0,0,0,0,0,0,0,0,0,0,0,0,0
PiecesofApril,6.4,0,0,0,1,0,0,0,0,0,0,0,0,0,0,0,0,0,0,0,0
TheBigSwap,0.0,0,0,0,0,0,0,0,0,0,0,0,0,0,0,0,0,0,0,0,0
OldJoy,6.3,0,0,0,0,0,0,1,0,0,0,0,0,0,0,0,0,0,0,0,0
WendyandLucy,6.4,0,0,0,0,0,0,1,0,0,0,0,0,0,0,0,0,0,0,0,0
3Backyards,4.8,0,0,0,0,0,0,1,0,0,0,0,0,0,0,0,0,0,0,0,0
PierrotleFou,7.6,0,0,0,0,0,0,1,0,0,0,0,0,0,0,0,0,0,0,0,0
SistersinLaw,7.3,0,0,0,0,0,1,0,0,0,0,0,0,0,0,0,0,0,0,0,0
AyurvedaArtofBeing,5.5,0,0,0,0,0,1,0,0,0,0,0,0,0,0,0,0,0,0,0,0
NothingButaMan,7.0,0,0,0,0,0,0,1,0,0,0,0,0,0,0,0,0,0,0,0,0
FirstLoveLastRites,3.0,0,0,0,0,0,0,1,0,0,0,0,0,0,0,0,0,0,0,0,0
FightingTommyRiley,5.3,1,0,0,0,0,0,0,0,0,0,0,0,0,0,0,0,0,0,0,0
RoyalKill,2.8,1,0,0,0,0,0,0,0,0,0,0,0,0,0,0,0,0,0,0,0
TheLookingGlass,7.0,0,0,0,0,0,0,0,0,0,0,0,0,0,0,0,0,0,0,0,0
DeathRace2000,5.9,1,0,0,0,0,0,0,0,0,0,0,0,0,0,0,0,0,0,0,0
Locker13,6.8,0,0,0,0,0,0,0,0,0,0,0,1,0,0,0,0,0,0,0,0
MidnightCabaret,0.0,0,0,0,0,0,0,0,0,0,0,0,1,0,0,0,0,0,0,0,0
AndersonsCross,0.0,0,0,0,0,0,0,0,0,0,0,0,0,0,0,1,0,0,0,0,0
Bizarre,6.2,0,0,0,0,0,0,1,0,0,0,0,0,0,0,0,0,0,0,0,0
GraduationDay,5.0,0,0,0,0,0,0,0,0,0,0,0,1,0,0,0,0,0,0,0,0
SomeGuyWhoKillsPeople,5.7,0,0,0,1,0,0,0,0,0,0,0,0,0,0,0,0,0,0,0,0
Compliance,6.3,0,0,0,0,0,0,1,0,0,0,0,0,0,0,0,0,0,0,0,0
ChasingAmy,6.7,0,0,0,1,0,0,0,0,0,0,0,0,0,0,0,0,0,0,0,0
LovelyAmazing,6.3,0,0,0,1,0,0,0,0,0,0,0,0,0,0,0,0,0,0,0,0
DeathCalls,0.0,0,0,0,0,0,0,0,0,0,0,0,0,0,0,0,0,0,0,0,0
BetterLuckTomorrow,6.5,0,0,0,0,1,0,0,0,0,0,0,0,0,0,0,0,0,0,0,0
TheIncrediblyTrueAdventureofTwoGirlsInLove,5.7,0,0,0,1,0,0,0,0,0,0,0,0,0,0,0,0,0,0,0,0
ChuckBuck,5.7,0,0,0,1,0,0,0,0,0,0,0,0,0,0,0,0,0,0,0,0
AmericanDesi,5.0,0,0,0,0,0,0,1,0,0,0,0,0,0,0,0,0,0,0,0,0
AmidsttheDevilsWings,0.0,0,0,0,0,0,0,1,0,0,0,0,0,0,0,0,0,0,0,0,0
Cube,6.9,0,0,0,0,0,0,0,0,0,0,0,0,0,0,0,0,0,1,0,0
LoveandOtherCatastrophes,5.8,0,0,0,1,0,0,0,0,0,0,0,0,0,0,0,0,0,0,0,0
IMarriedaStrangePerson,7.5,0,0,0,0,0,0,1,0,0,0,0,0,0,0,0,0,0,0,0,0
November,4.9,0,0,0,0,0,0,1,0,0,0,0,0,0,0,0,0,0,0,0,0
LikeCrazy,6.4,0,0,0,0,0,0,1,0,0,0,0,0,0,0,0,0,0,0,0,0
TeethandBlood,3.0,0,0,0,0,0,0,0,0,0,0,0,1,0,0,0,0,0,0,0,0
SugarTown,5.5,0,0,0,1,0,0,0,0,0,0,0,0,0,0,0,0,0,0,0,0
TheMotel,7.0,0,0,0,0,0,0,1,0,0,0,0,0,0,0,0,0,0,0,0,0
TheCanyons,4.1,0,0,0,0,0,0,0,0,0,0,0,0,0,0,0,0,0,1,0,0
OntheOuts,5.9,0,0,0,0,0,0,1,0,0,0,0,0,0,0,0,0,0,0,0,0
ShotgunStories,6.9,0,0,0,0,0,0,1,0,0,0,0,0,0,0,0,0,0,0,0,0
Exam,6.6,0,0,0,0,0,0,0,0,0,0,0,0,0,0,0,0,0,1,0,0
TheStickyFingersofTime,4.8,0,0,0,0,0,0,0,0,0,0,0,0,0,0,0,1,0,0,0,0
SundaySchoolMusical,5.5,0,0,0,0,0,0,0,0,0,0,0,0,1,0,0,0,0,0,0,0
Rust,0.0,0,0,0,0,0,0,1,0,0,0,0,0,0,0,0,0,0,0,0,0
Ink,6.4,1,0,0,0,0,0,0,0,0,0,0,0,0,0,0,0,0,0,0,0
TheChristmasBunny,5.7,0,0,0,0,0,0,1,0,0,0,0,0,0,0,0,0,0,0,0,0
Butterfly,5.0,0,0,0,0,1,0,0,0,0,0,0,0,0,0,0,0,0,0,0,0
UnDivided,0.0,0,0,0,0,0,0,0,0,0,0,0,0,0,0,0,0,0,0,0,0
TheFrozen,4.2,0,0,0,0,0,0,0,0,0,0,0,1,0,0,0,0,0,0,0,0
HorseCamp,5.5,0,0,0,0,0,0,0,1,0,0,0,0,0,0,0,0,0,0,0,0
GiveMeShelter,0.0,0,0,0,0,0,1,0,0,0,0,0,0,0,0,0,0,0,0,0,0
TheBigParade,7.0,0,0,0,0,0,0,1,0,0,0,0,0,0,0,0,0,0,0,0,0
LittleBigTop,10.0,0,0,0,1,0,0,0,0,0,0,0,0,0,0,0,0,0,0,0,0
AlongtheRoadside,7.7,0,0,0,0,0,0,0,0,0,0,0,0,0,0,1,0,0,0,0,0
Bronson,6.9,0,0,0,0,0,0,1,0,0,0,0,0,0,0,0,0,0,0,0,0
WesternReligion,0.0,0,0,0,0,0,0,0,0,0,0,0,0,0,0,0,0,0,0,0,1
Burn,6.9,0,0,0,0,0,0,0,0,0,1,0,0,0,0,0,0,0,0,0,0
Urbania,5.2,0,0,0,0,0,0,0,0,0,0,0,0,0,0,1,0,0,0,0,0
TheStewardesses,4.3,0,0,0,1,0,0,0,0,0,0,0,0,0,0,0,0,0,0,0,0
TheBeastfrom20000Fathoms,6.7,0,1,0,0,0,0,0,0,0,0,0,0,0,0,0,0,0,0,0,0
MadMax,6.6,0,1,0,0,0,0,0,0,0,0,0,0,0,0,0,0,0,0,0,0
Swingers,6.8,0,0,0,1,0,0,0,0,0,0,0,0,0,0,0,0,0,0,0,0
AFistfulofDollars,7.6,0,0,0,0,0,0,0,0,0,0,0,0,0,0,0,0,0,0,0,1
SheDoneHimWrong,5.1,0,0,0,1,0,0,0,0,0,0,0,0,0,0,0,0,0,0,0,0
ShortCuttoNirvanaKumbhMela,0.0,0,0,0,0,0,0,0,0,0,0,0,0,0,0,0,0,0,0,0,0
TheGraceCard,6.5,0,0,0,0,0,0,1,0,0,0,0,0,0,0,0,0,0,0,0,0
MiddleofNowhere,6.6,0,0,0,0,0,0,1,0,0,0,0,0,0,0,0,0,0,0,0,0
Three,6.3,0,0,0,0,0,0,0,0,0,0,0,0,0,0,1,0,0,0,0,0
TheBusinessofFancydancing,8.0,0,0,0,0,0,0,0,0,0,0,0,0,1,0,0,0,0,0,0,0
CallResponse,8.0,0,0,0,0,0,1,0,0,0,0,0,0,0,0,0,0,0,0,0,0
Malevolence,4.9,0,0,0,0,1,0,0,0,0,0,0,0,0,0,0,0,0,0,0,0
RealityShow,5.5,0,0,0,0,0,0,0,0,0,0,0,0,0,0,0,0,0,0,0,0
SuperHybrid,4.6,0,0,0,0,0,0,0,0,0,0,0,1,0,0,0,0,0,0,0,0
Baghead,5.8,0,0,0,0,0,0,1,0,0,0,0,0,0,0,0,0,0,0,0,0
AmericanBeast,0.0,0,0,0,0,0,0,0,0,0,0,0,1,0,0,0,0,0,0,0,0
TheCaseoftheGrinningCat,7.7,0,0,0,0,0,1,0,0,0,0,0,0,0,0,0,0,0,0,0,0
Ordet,7.8,0,0,0,0,0,0,1,0,0,0,0,0,0,0,0,0,0,0,0,0
GoodDick,6.1,0,0,0,1,0,0,0,0,0,0,0,0,0,0,0,0,0,0,0,0
TheManfromEarth,7.7,0,0,0,0,0,0,0,0,0,0,0,0,0,0,0,1,0,0,0,0
TheTrialsOfDarrylHunt,6.8,0,0,0,0,0,1,0,0,0,0,0,0,0,0,0,0,0,0,0,0
SamanthaAnAmericanGirlHoliday,4.6,0,0,0,0,0,0,1,0,0,0,0,0,0,0,0,0,0,0,0,0
YesterdayWasaLie,6.0,0,0,0,0,0,0,1,0,0,0,0,0,0,0,0,0,0,0,0,0
TheresaIsaMother,0.0,0,0,0,0,0,0,0,0,0,0,0,0,1,0,0,0,0,0,0,0
H,6.5,0,0,0,0,0,0,0,0,0,0,0,0,0,0,0,0,0,1,0,0
ArchaeologyofaWoman,0.0,0,0,0,0,0,0,1,0,0,0,0,0,0,0,0,0,0,0,0,0
ChildrenofHeaven,7.8,0,0,0,0,0,0,1,0,0,0,0,0,0,0,0,0,0,0,0,0
Weekend,7.4,0,0,0,0,0,0,1,0,0,0,0,0,0,0,0,0,0,0,0,0
ShesGottaHaveIt,6.1,0,0,0,1,0,0,0,0,0,0,0,0,0,0,0,0,0,0,0,0
ButterflyGirl,0.0,0,0,0,0,0,1,0,0,0,0,0,0,0,0,0,0,0,0,0,0
TheWorldIsMine,0.0,0,0,0,0,0,0,1,0,0,0,0,0,0,0,0,0,0,0,0,0
AnotherEarth,6.8,0,0,0,0,0,0,1,0,0,0,0,0,0,0,0,0,0,0,0,0
SweetSweetbacksBaadasssssSong,4.6,1,0,0,0,0,0,0,0,0,0,0,0,0,0,0,0,0,0,0,0
PerfectCowboy,5.0,0,0,0,0,0,0,1,0,0,0,0,0,0,0,0,0,0,0,0,0
Tadpole,5.5,0,0,0,1,0,0,0,0,0,0,0,0,0,0,0,0,0,0,0,0
Once,7.3,0,0,0,0,0,0,1,0,0,0,0,0,0,0,0,0,0,0,0,0
TheWomanChaser,4.9,0,0,0,0,0,0,1,0,0,0,0,0,0,0,0,0,0,0,0,0
TheHorseBoy,5.5,0,0,0,0,0,1,0,0,0,0,0,0,0,0,0,0,0,0,0,0
WhentheLightsWentOut,5.8,0,0,0,0,0,0,0,0,0,0,0,0,0,0,0,0,0,1,0,0
HeroesofDirt,0.0,1,0,0,0,0,0,0,0,0,0,0,0,0,0,0,0,0,0,0,0
ACharlieBrownChristmas,7.5,0,0,1,0,0,0,0,0,0,0,0,0,0,0,0,0,0,0,0,0
AntarcticEdge70South,0.0,0,0,0,0,0,1,0,0,0,0,0,0,0,0,0,0,0,0,0,0
Aroused,7.2,0,0,0,0,0,1,0,0,0,0,0,0,0,0,0,0,0,0,0,0
TopSpin,6.8,0,0,0,0,0,1,0,0,0,0,0,0,0,0,0,0,0,0,0,0
RogerMe,7.4,0,0,0,0,0,1,0,0,0,0,0,0,0,0,0,0,0,0,0,0
AnAmericaninHollywood,0.0,0,0,0,0,0,0,0,0,0,0,0,0,0,0,0,0,0,0,0,0
SoundofMyVoice,6.3,0,0,0,0,0,0,0,0,0,0,0,0,0,0,0,1,0,0,0,0
TheBloodofMyBrotherAStoryofDeathinIraq,0.0,0,0,0,0,0,0,0,0,0,0,0,0,0,0,0,0,0,0,0,0
YourSistersSister,6.5,0,0,0,0,0,0,1,0,0,0,0,0,0,0,0,0,0,0,0,0
ADogsBreakfast,5.9,0,0,0,1,0,0,0,0,0,0,0,0,0,0,0,0,0,0,0,0
TheMarriedWoman,7.1,0,0,0,0,0,0,1,0,0,0,0,0,0,0,0,0,0,0,0,0
TheBirthofaNation,6.5,0,0,0,0,0,0,1,0,0,0,0,0,0,0,0,0,0,0,0,0
TheWorkandTheStory,0.0,0,0,0,1,0,0,0,0,0,0,0,0,0,0,0,0,0,0,0,0
FacingtheGiants,6.6,0,0,0,0,0,0,1,0,0,0,0,0,0,0,0,0,0,0,0,0
TheGallows,4.9,0,0,0,0,0,0,0,0,0,0,0,1,0,0,0,0,0,0,0,0
Eraserhead,7.5,0,0,0,0,0,0,1,0,0,0,0,0,0,0,0,0,0,0,0,0
HollywoodShuffle,5.7,0,0,0,1,0,0,0,0,0,0,0,0,0,0,0,0,0,0,0,0
TheMighty,7.1,0,0,0,1,0,0,0,0,0,0,0,0,0,0,0,0,0,0,0,0
Penitentiary,4.9,1,0,0,0,0,0,0,0,0,0,0,0,0,0,0,0,0,0,0,0
TheLostSkeletonofCadavra,6.5,0,0,0,1,0,0,0,0,0,0,0,0,0,0,0,0,0,0,0,0
DudeWheresMyDog,0.0,0,0,0,0,0,0,0,1,0,0,0,0,0,0,0,0,0,0,0,0
CheapThrills,6.3,0,0,0,0,0,0,1,0,0,0,0,0,0,0,0,0,0,0,0,0
IndieGameTheMovie,7.4,0,0,0,0,0,1,0,0,0,0,0,0,0,0,0,0,0,0,0,0
Straightheads,5.2,0,0,0,0,0,0,0,0,0,0,0,0,0,0,0,0,0,1,0,0
OpenSecret,7.0,0,0,0,0,1,0,0,0,0,0,0,0,0,0,0,0,0,0,0,0
EchoDr,5.0,0,0,0,0,0,0,0,0,0,0,0,0,0,0,0,0,0,1,0,0
TheNightVisitor,7.3,0,0,0,0,1,0,0,0,0,0,0,0,0,0,0,0,0,0,0,0
ThePastIsaGrotesqueAnimal,5.5,0,0,0,0,0,1,0,0,0,0,0,0,0,0,0,0,0,0,0,0
PeacePropagandathePromisedLand,6.4,0,0,0,0,0,1,0,0,0,0,0,0,0,0,0,0,0,0,0,0
Pi,7.1,0,0,0,0,0,0,0,0,0,0,0,0,0,1,0,0,0,0,0,0
ILoveYouDontTouchMe,6.0,0,0,0,1,0,0,0,0,0,0,0,0,0,0,0,0,0,0,0,0
20Dates,3.7,0,0,0,0,0,0,0,0,0,0,0,0,0,0,1,0,0,0,0,0
QueenCrab,3.3,0,0,0,0,0,0,0,0,0,0,0,0,0,0,0,1,0,0,0,0
SuperSizeMe,6.6,0,0,0,0,0,1,0,0,0,0,0,0,0,0,0,0,0,0,0,0
TheFP,4.5,0,0,0,1,0,0,0,0,0,0,0,0,0,0,0,0,0,0,0,0
HappyChristmas,5.2,0,0,0,1,0,0,0,0,0,0,0,0,0,0,0,0,0,0,0,0
TheBrainThatWouldntDie,4.4,0,0,0,0,0,0,0,0,0,0,0,1,0,0,0,0,0,0,0,0
TigerOrange,6.4,0,0,0,0,0,0,1,0,0,0,0,0,0,0,0,0,0,0,0,0
SupportingCharacters,6.7,0,0,0,0,0,0,1,0,0,0,0,0,0,0,0,0,0,0,0,0
Absentia,5.8,0,0,0,0,0,0,0,0,0,0,0,0,0,1,0,0,0,0,0,0
TheBrothersMcMullen,6.3,0,0,0,1,0,0,0,0,0,0,0,0,0,0,0,0,0,0,0,0
TheDirties,6.0,0,0,0,0,0,0,1,0,0,0,0,0,0,0,0,0,0,0,0,0
Gabriela,6.0,0,0,0,0,0,0,1,0,0,0,0,0,0,0,0,0,0,0,0,0
TinyFurniture,5.6,0,0,0,0,0,0,0,0,0,0,0,0,0,0,1,0,0,0,0,0
Hayride,5.1,0,0,0,0,0,0,0,0,0,0,0,0,0,0,0,0,0,1,0,0
TheNakedApe,5.0,0,0,0,0,0,0,1,0,0,0,0,0,0,0,0,0,0,0,0,0
Counting,8.3,0,0,0,0,0,1,0,0,0,0,0,0,0,0,0,0,0,0,0,0
TheCallofCthulhu,6.9,0,0,0,0,0,0,0,0,0,0,0,1,0,0,0,0,0,0,0,0
BendingSteel,5.0,0,0,0,0,0,1,0,0,0,0,0,0,0,0,0,0,0,0,0,0
TheSignal,5.8,0,0,0,0,0,0,0,0,0,0,0,0,0,0,0,0,0,1,0,0
TheImageRevolution,5.7,0,0,0,0,0,1,0,0,0,0,0,0,0,0,0,0,0,0,0,0
ThisIsMartinBonner,6.6,0,0,0,0,0,0,1,0,0,0,0,0,0,0,0,0,0,0,0,0
ATrueStory,6.8,0,0,0,1,0,0,0,0,0,0,0,0,0,0,0,0,0,0,0,0
GeorgeWashington,6.4,0,0,0,0,0,0,1,0,0,0,0,0,0,0,0,0,0,0,0,0
SmilingFishGoatOnFire,7.0,0,0,0,1,0,0,0,0,0,0,0,0,0,0,0,0,0,0,0,0
DawnoftheCrescentMoon,2.0,0,0,0,0,0,0,0,0,0,0,0,0,0,0,0,0,0,1,0,0
RaymondDidIt,3.2,0,0,0,0,0,0,0,0,0,0,0,1,0,0,0,0,0,0,0,0
TheLastWaltz,7.9,0,0,0,0,0,1,0,0,0,0,0,0,0,0,0,0,0,0,0,0
RunHideDie,3.5,0,0,0,0,0,0,0,0,0,0,0,0,0,0,0,0,0,1,0,0
TheExplodingGirl,6.4,0,0,0,0,0,0,1,0,0,0,0,0,0,0,0,0,0,0,0,0
TheLegendofGodsGun,0.0,1,0,0,0,0,0,0,0,0,0,0,0,0,0,0,0,0,0,0,0
MutualAppreciation,6.1,0,0,0,0,0,0,1,0,0,0,0,0,0,0,0,0,0,0,0,0
HerCryLaLloronaInvestigation,0.0,0,0,0,0,0,0,0,0,0,0,0,1,0,0,0,0,0,0,0,0
DownTerrace,6.3,0,0,0,0,0,0,1,0,0,0,0,0,0,0,0,0,0,0,0,0
Clerks,7.4,0,0,0,1,0,0,0,0,0,0,0,0,0,0,0,0,0,0,0,0
PinkNarcissus,6.0,0,0,0,0,0,0,1,0,0,0,0,0,0,0,0,0,0,0,0,0
FunnyHaHa,6.3,0,0,0,0,0,0,1,0,0,0,0,0,0,0,0,0,0,0,0,0
IntheCompanyofMen,6.8,0,0,0,1,0,0,0,0,0,0,0,0,0,0,0,0,0,0,0,0
Manito,5.5,0,0,0,0,0,0,1,0,0,0,0,0,0,0,0,0,0,0,0,0
Rampage,6.0,1,0,0,0,0,0,0,0,0,0,0,0,0,0,0,0,0,0,0,0
Slacker,6.4,0,0,0,1,0,0,0,0,0,0,0,0,0,0,0,0,0,0,0,0
DutchKills,0.0,0,0,0,0,0,0,0,0,0,0,0,0,0,0,0,0,0,1,0,0
DrySpell,6.0,0,0,0,1,0,0,0,0,0,0,0,0,0,0,0,0,0,0,0,0
Flywheel,6.8,0,0,0,0,0,0,1,0,0,0,0,0,0,0,0,0,0,0,0,0
Backmask,4.7,0,0,0,0,0,0,0,0,0,0,0,0,0,0,0,0,0,1,0,0
ThePuffyChair,6.2,0,0,0,0,0,0,1,0,0,0,0,0,0,0,0,0,0,0,0,0
StoriesofOurLives,0.0,0,0,0,0,0,0,1,0,0,0,0,0,0,0,0,0,0,0,0,0
BreakingUpwards,5.6,0,0,0,1,0,0,0,0,0,0,0,0,0,0,0,0,0,0,0,0
AllSuperheroesMustDie,4.2,0,0,0,0,0,0,0,0,0,0,0,0,0,0,0,1,0,0,0,0
PinkFlamingos,6.2,0,0,0,0,0,0,0,0,0,0,0,1,0,0,0,0,0,0,0,0
Clean,6.7,0,0,0,0,0,0,1,0,0,0,0,0,0,0,0,0,0,0,0,0
TheCircle,6.6,0,0,0,0,0,0,1,0,0,0,0,0,0,0,0,0,0,0,0,0
TinCanMan,2.0,0,0,0,0,0,0,0,0,0,0,0,1,0,0,0,0,0,0,0,0
Cure,7.4,0,0,0,0,1,0,0,0,0,0,0,0,0,0,0,0,0,0,0,0
OnTheDownlow,6.0,0,0,0,0,0,0,1,0,0,0,0,0,0,0,0,0,0,0,0,0
SanctuaryQuiteaConundrum,0.0,0,0,0,0,0,0,0,0,0,0,0,0,0,0,0,0,0,1,0,0
Bang,6.0,0,0,0,0,0,0,1,0,0,0,0,0,0,0,0,0,0,0,0,0
Primer,6.9,0,0,0,0,0,0,0,0,0,0,0,0,0,0,0,1,0,0,0,0
Cavite,7.5,0,0,0,0,0,0,0,0,0,1,0,0,0,0,0,0,0,0,0,0
ElMariachi,6.6,1,0,0,0,0,0,0,0,0,0,0,0,0,0,0,0,0,0,0,0
Newlyweds,5.9,0,0,0,1,0,0,0,0,0,0,0,0,0,0,0,0,0,0,0,0
SignedSealedDelivered,7.0,0,0,0,1,0,0,0,0,0,0,0,0,0,0,0,0,0,0,0,0
ShanghaiCalling,5.7,0,0,0,0,0,0,0,0,0,0,0,0,0,0,0,0,0,0,0,0
MyDatewithDrew,6.3,0,0,0,0,0,1,0,0,0,0,0,0,0,0,0,0,0,0,0,0
